satisfaction_employee_environnement,note_evaluation_precedente,niveau_hierarchique_poste,satisfaction_employee_nature_travail,satisfaction_employee_equipe,satisfaction_employee_equilibre_pro_perso,note_evaluation_actuelle,heure_supplementaires,augementation_salaire_precedente,a_quitte_l_entreprise,nombre_participation_pee,nb_formations_suivies,distance_domicile_travail,niveau_education,annees_depuis_la_derniere_promotion,annes_sous_responsable_actuel,age,genre,nombre_experiences_precedentes,annee_experience_totale,annees_dans_l_entreprise,annees_dans_le_poste_actuel,domaine_etude_Autre,domaine_etude_Entrepreunariat,domaine_etude_Infra & Cloud,domaine_etude_Marketing,domaine_etude_Ressources Humaines,domaine_etude_Transformation Digitale,frequence_deplacement_Aucun,frequence_deplacement_Frequent,frequence_deplacement_Occasionnel,statut_marital_Célibataire,statut_marital_Divorcé(e),statut_marital_Marié(e),poste_Assistant de Direction,poste_Cadre Commercial,poste_Consultant,poste_Directeur Technique,poste_Manager,poste_Représentant Commercial,poste_Ressources Humaines,poste_Senior Manager,poste_Tech Lead,departement_Commercial,departement_Consulting,departement_Ressources Humaines,satisfaction_globale,stagnation_carriere,pression_travail
2,3,2,4,1,1,3,1,0.11,1,0,0,1,2,0,5,41,1,8,8,6,4,0.0,0.0,1.0,0.0,0.0,0.0,0.0,0.0,1.0,1.0,0.0,0.0,0.0,1.0,0.0,0.0,0.0,0.0,0.0,0.0,0.0,1.0,0.0,0.0,2.0,0.5714285714285714,5
3,2,2,2,4,3,4,0,0.23,0,1,3,8,1,1,7,49,0,1,10,10,7,0.0,0.0,1.0,0.0,0.0,0.0,0.0,1.0,0.0,0.0,0.0,1.0,1.0,0.0,0.0,0.0,0.0,0.0,0.0,0.0,0.0,0.0,1.0,0.0,3.0,0.6363636363636364,12
4,2,1,3,2,3,3,1,0.15,1,0,3,2,2,0,0,37,0,6,7,0,0,1.0,0.0,0.0,0.0,0.0,0.0,0.0,0.0,1.0,1.0,0.0,0.0,0.0,0.0,1.0,0.0,0.0,0.0,0.0,0.0,0.0,0.0,1.0,0.0,3.0,0.0,6
4,3,1,3,3,3,3,1,0.11,0,0,3,3,4,3,0,33,1,1,8,8,7,0.0,0.0,1.0,0.0,0.0,0.0,0.0,1.0,0.0,0.0,0.0,1.0,1.0,0.0,0.0,0.0,0.0,0.0,0.0,0.0,0.0,0.0,1.0,0.0,3.25,0.7777777777777778,7
1,3,1,2,4,3,3,0,0.12,0,1,3,2,1,2,2,27,0,9,6,2,2,0.0,0.0,0.0,0.0,0.0,1.0,0.0,0.0,1.0,0.0,0.0,1.0,0.0,0.0,1.0,0.0,0.0,0.0,0.0,0.0,0.0,0.0,1.0,0.0,2.5,0.6666666666666666,5
4,3,1,4,3,2,3,0,0.13,0,0,2,2,2,3,6,32,0,0,8,7,7,0.0,0.0,1.0,0.0,0.0,0.0,0.0,1.0,0.0,1.0,0.0,0.0,0.0,0.0,1.0,0.0,0.0,0.0,0.0,0.0,0.0,0.0,1.0,0.0,3.25,0.875,5
3,4,1,1,1,2,4,1,0.2,0,3,3,3,3,0,0,59,1,4,12,1,0,0.0,0.0,0.0,0.0,0.0,1.0,0.0,0.0,1.0,0.0,0.0,1.0,0.0,0.0,1.0,0.0,0.0,0.0,0.0,0.0,0.0,0.0,1.0,0.0,1.75,0.0,8
4,3,1,3,2,3,4,0,0.22,0,1,2,24,1,0,0,30,0,1,1,1,0,0.0,0.0,1.0,0.0,0.0,0.0,0.0,0.0,1.0,0.0,1.0,0.0,0.0,0.0,1.0,0.0,0.0,0.0,0.0,0.0,0.0,0.0,1.0,0.0,3.0,0.0,28
4,2,3,3,2,3,4,0,0.21,0,0,2,23,3,1,8,38,0,0,10,9,7,0.0,0.0,1.0,0.0,0.0,0.0,0.0,1.0,0.0,1.0,0.0,0.0,0.0,0.0,0.0,0.0,0.0,0.0,0.0,0.0,1.0,0.0,1.0,0.0,3.0,0.7,27
3,3,2,3,2,2,3,0,0.13,0,2,3,27,3,7,7,36,0,6,17,7,7,0.0,0.0,0.0,0.0,0.0,1.0,0.0,0.0,1.0,0.0,0.0,1.0,0.0,0.0,0.0,0.0,1.0,0.0,0.0,0.0,0.0,0.0,1.0,0.0,2.5,0.875,30
1,4,1,2,3,3,3,0,0.13,0,1,5,16,3,0,3,35,0,0,6,5,4,0.0,0.0,0.0,0.0,0.0,1.0,0.0,0.0,1.0,0.0,0.0,1.0,0.0,0.0,1.0,0.0,0.0,0.0,0.0,0.0,0.0,0.0,1.0,0.0,2.25,0.6666666666666666,19
4,2,2,3,4,3,3,1,0.12,0,0,3,15,2,0,8,29,1,0,10,9,5,0.0,0.0,1.0,0.0,0.0,0.0,0.0,0.0,1.0,1.0,0.0,0.0,0.0,0.0,1.0,0.0,0.0,0.0,0.0,0.0,0.0,0.0,1.0,0.0,3.5,0.5,19
1,3,1,3,4,2,3,0,0.17,0,1,1,26,1,4,3,31,0,1,5,5,2,0.0,0.0,1.0,0.0,0.0,0.0,0.0,0.0,1.0,0.0,1.0,0.0,1.0,0.0,0.0,0.0,0.0,0.0,0.0,0.0,0.0,0.0,1.0,0.0,2.5,0.3333333333333333,29
2,3,1,4,3,3,3,0,0.11,0,1,2,19,2,1,2,34,0,0,3,2,2,0.0,0.0,0.0,0.0,0.0,1.0,0.0,0.0,1.0,0.0,1.0,0.0,0.0,0.0,1.0,0.0,0.0,0.0,0.0,0.0,0.0,0.0,1.0,0.0,3.0,0.6666666666666666,22
3,2,1,3,2,3,3,1,0.14,1,0,4,24,3,0,3,28,0,5,6,4,2,0.0,0.0,1.0,0.0,0.0,0.0,0.0,0.0,1.0,1.0,0.0,0.0,0.0,0.0,1.0,0.0,0.0,0.0,0.0,0.0,0.0,0.0,1.0,0.0,2.75,0.4,28
2,4,3,1,3,3,3,0,0.11,0,1,1,21,4,8,8,29,1,1,10,10,9,0.0,0.0,1.0,0.0,0.0,0.0,0.0,0.0,1.0,0.0,1.0,0.0,0.0,0.0,0.0,0.0,0.0,0.0,0.0,0.0,1.0,0.0,1.0,0.0,2.25,0.8181818181818182,24
1,4,1,2,4,2,3,1,0.12,0,2,5,5,2,0,5,32,0,0,7,6,2,0.0,0.0,1.0,0.0,0.0,0.0,0.0,0.0,1.0,0.0,1.0,0.0,1.0,0.0,0.0,0.0,0.0,0.0,0.0,0.0,0.0,0.0,1.0,0.0,2.25,0.2857142857142857,9
4,4,1,4,2,2,3,1,0.13,0,2,2,16,2,0,0,22,0,1,1,1,0,0.0,0.0,0.0,0.0,0.0,1.0,1.0,0.0,0.0,0.0,1.0,0.0,0.0,0.0,1.0,0.0,0.0,0.0,0.0,0.0,0.0,0.0,1.0,0.0,3.0,0.0,20
1,2,4,4,3,3,3,0,0.16,0,0,3,2,4,3,7,53,1,2,31,25,8,0.0,0.0,1.0,0.0,0.0,0.0,0.0,0.0,1.0,0.0,0.0,1.0,0.0,0.0,0.0,0.0,0.0,0.0,0.0,1.0,0.0,1.0,0.0,0.0,2.75,0.3076923076923077,5
4,3,1,4,3,3,3,1,0.11,0,0,3,2,3,1,2,38,0,5,6,3,2,0.0,0.0,1.0,0.0,0.0,0.0,0.0,0.0,1.0,1.0,0.0,0.0,1.0,0.0,0.0,0.0,0.0,0.0,0.0,0.0,0.0,0.0,1.0,0.0,3.5,0.5,6
1,4,2,3,4,2,3,0,0.18,0,1,5,11,2,1,3,24,1,0,5,4,2,1.0,0.0,0.0,0.0,0.0,0.0,1.0,0.0,0.0,0.0,1.0,0.0,0.0,0.0,0.0,0.0,0.0,0.0,0.0,0.0,1.0,0.0,1.0,0.0,2.5,0.4,14
3,2,1,1,2,3,4,0,0.23,1,0,4,9,4,0,3,36,0,7,10,5,3,0.0,0.0,1.0,0.0,0.0,0.0,0.0,0.0,1.0,1.0,0.0,0.0,0.0,0.0,0.0,0.0,0.0,1.0,0.0,0.0,0.0,1.0,0.0,0.0,2.25,0.5,13
1,3,3,2,3,3,3,0,0.11,0,0,4,7,4,2,11,34,1,0,13,12,6,0.0,0.0,1.0,0.0,0.0,0.0,0.0,0.0,1.0,1.0,0.0,0.0,0.0,0.0,0.0,1.0,0.0,0.0,0.0,0.0,0.0,0.0,1.0,0.0,2.25,0.46153846153846156,10
3,3,1,4,4,3,3,0,0.14,0,0,6,15,2,0,0,21,0,1,0,0,0,0.0,0.0,1.0,0.0,0.0,0.0,0.0,0.0,1.0,1.0,0.0,0.0,1.0,0.0,0.0,0.0,0.0,0.0,0.0,0.0,0.0,0.0,1.0,0.0,3.5,0.0,18
2,3,1,1,3,3,3,0,0.11,1,0,2,6,1,1,3,34,0,2,8,4,2,0.0,0.0,0.0,0.0,0.0,1.0,0.0,0.0,1.0,1.0,0.0,0.0,1.0,0.0,0.0,0.0,0.0,0.0,0.0,0.0,0.0,0.0,1.0,0.0,2.25,0.4,9
3,3,5,3,4,2,3,0,0.11,0,1,3,5,3,4,8,53,1,4,26,14,13,1.0,0.0,0.0,0.0,0.0,0.0,0.0,0.0,1.0,0.0,1.0,0.0,0.0,0.0,0.0,0.0,0.0,0.0,0.0,1.0,0.0,0.0,1.0,0.0,3.0,0.8666666666666667,8
2,1,1,1,2,3,4,1,0.22,1,0,5,16,1,6,7,32,1,1,10,10,2,0.0,0.0,1.0,0.0,0.0,0.0,0.0,1.0,0.0,1.0,0.0,0.0,1.0,0.0,0.0,0.0,0.0,0.0,0.0,0.0,0.0,0.0,1.0,0.0,2.0,0.18181818181818182,21
3,3,2,2,4,3,3,0,0.11,0,1,2,8,4,4,2,42,0,0,10,9,7,0.0,0.0,0.0,1.0,0.0,0.0,0.0,0.0,1.0,0.0,0.0,1.0,0.0,1.0,0.0,0.0,0.0,0.0,0.0,0.0,0.0,1.0,0.0,0.0,3.0,0.7,11
1,2,3,4,4,3,3,0,0.14,0,1,4,7,4,5,17,44,1,3,24,22,6,0.0,0.0,0.0,0.0,0.0,1.0,0.0,0.0,1.0,0.0,0.0,1.0,0.0,0.0,0.0,0.0,1.0,0.0,0.0,0.0,0.0,0.0,1.0,0.0,3.0,0.2608695652173913,10
2,3,5,1,4,2,3,0,0.12,0,0,2,2,4,2,1,46,1,3,22,2,2,0.0,0.0,0.0,1.0,0.0,0.0,0.0,0.0,1.0,1.0,0.0,0.0,0.0,0.0,0.0,0.0,0.0,0.0,0.0,1.0,0.0,1.0,0.0,0.0,2.25,0.6666666666666666,5
3,3,1,4,4,3,3,0,0.11,0,0,3,2,3,0,0,33,0,4,7,1,1,0.0,0.0,0.0,0.0,0.0,1.0,0.0,0.0,1.0,1.0,0.0,0.0,0.0,0.0,1.0,0.0,0.0,0.0,0.0,0.0,0.0,0.0,1.0,0.0,3.5,0.5,5
4,3,2,4,4,4,3,1,0.13,0,0,5,10,4,1,3,44,0,2,9,4,2,1.0,0.0,0.0,0.0,0.0,0.0,0.0,0.0,1.0,0.0,0.0,1.0,0.0,0.0,0.0,0.0,1.0,0.0,0.0,0.0,0.0,0.0,1.0,0.0,4.0,0.4,14
4,2,1,3,1,3,3,0,0.13,0,0,5,9,2,1,8,30,0,1,10,10,0,0.0,0.0,0.0,0.0,0.0,1.0,0.0,0.0,1.0,1.0,0.0,0.0,0.0,0.0,1.0,0.0,0.0,0.0,0.0,0.0,0.0,0.0,1.0,0.0,2.75,0.0,12
4,3,2,4,3,4,3,0,0.14,1,1,6,5,3,0,0,39,0,3,19,1,0,0.0,1.0,0.0,0.0,0.0,0.0,0.0,0.0,1.0,0.0,0.0,1.0,0.0,0.0,0.0,0.0,0.0,1.0,0.0,0.0,0.0,1.0,0.0,0.0,3.75,0.0,8
2,3,1,4,1,2,3,1,0.16,1,1,2,1,3,2,0,24,0,2,6,2,0,0.0,0.0,0.0,0.0,0.0,1.0,0.0,0.0,1.0,0.0,0.0,1.0,1.0,0.0,0.0,0.0,0.0,0.0,0.0,0.0,0.0,0.0,1.0,0.0,2.25,0.0,5
4,4,1,3,4,2,3,0,0.12,0,2,3,2,2,1,4,43,1,1,6,5,3,0.0,0.0,0.0,0.0,0.0,1.0,0.0,0.0,1.0,0.0,1.0,0.0,1.0,0.0,0.0,0.0,0.0,0.0,0.0,0.0,0.0,0.0,1.0,0.0,3.25,0.5,5
1,2,1,3,3,3,3,1,0.14,1,0,2,3,2,0,2,50,0,1,3,3,2,0.0,0.0,0.0,1.0,0.0,0.0,0.0,0.0,1.0,0.0,0.0,1.0,0.0,0.0,0.0,0.0,0.0,1.0,0.0,0.0,0.0,1.0,0.0,0.0,2.5,0.5,7
4,3,1,4,1,3,3,0,0.13,0,0,3,2,3,2,2,35,1,1,2,2,2,0.0,0.0,0.0,1.0,0.0,0.0,0.0,0.0,1.0,0.0,0.0,1.0,0.0,0.0,0.0,0.0,0.0,1.0,0.0,0.0,0.0,1.0,0.0,0.0,3.0,0.6666666666666666,5
2,2,1,1,4,4,3,1,0.14,0,1,3,5,4,0,0,36,1,9,6,1,1,0.0,0.0,1.0,0.0,0.0,0.0,0.0,0.0,1.0,0.0,0.0,1.0,1.0,0.0,0.0,0.0,0.0,0.0,0.0,0.0,0.0,0.0,1.0,0.0,2.75,0.5,9
3,4,2,1,1,3,3,0,0.19,0,2,3,1,3,1,3,33,1,2,10,5,3,0.0,0.0,1.0,0.0,0.0,0.0,0.0,1.0,0.0,0.0,0.0,1.0,0.0,1.0,0.0,0.0,0.0,0.0,0.0,0.0,0.0,1.0,0.0,0.0,2.0,0.5,4
3,3,1,4,3,3,3,0,0.12,0,1,3,4,2,0,0,35,0,1,1,1,0,1.0,0.0,0.0,0.0,0.0,0.0,0.0,0.0,1.0,0.0,1.0,0.0,0.0,0.0,1.0,0.0,0.0,0.0,0.0,0.0,0.0,0.0,1.0,0.0,3.25,0.0,7
4,3,1,1,4,3,3,0,0.13,0,1,6,2,4,0,0,27,1,1,1,1,0,0.0,0.0,1.0,0.0,0.0,0.0,0.0,0.0,1.0,0.0,1.0,0.0,0.0,0.0,1.0,0.0,0.0,0.0,0.0,0.0,0.0,0.0,1.0,0.0,3.0,0.0,5
1,1,1,3,3,2,3,0,0.12,1,0,2,25,3,0,1,26,0,1,1,1,0,0.0,0.0,1.0,0.0,0.0,0.0,0.0,0.0,1.0,1.0,0.0,0.0,0.0,0.0,1.0,0.0,0.0,0.0,0.0,0.0,0.0,0.0,1.0,0.0,2.25,0.0,28
4,3,3,3,4,3,3,0,0.15,0,0,0,8,3,1,7,27,0,1,9,9,8,0.0,0.0,1.0,0.0,0.0,0.0,0.0,1.0,0.0,1.0,0.0,0.0,0.0,1.0,0.0,0.0,0.0,0.0,0.0,0.0,0.0,1.0,0.0,0.0,3.5,0.8,11
3,3,2,4,4,3,4,0,0.23,0,0,2,1,2,3,7,30,1,1,12,12,8,0.0,0.0,0.0,0.0,0.0,1.0,0.0,1.0,0.0,1.0,0.0,0.0,0.0,0.0,1.0,0.0,0.0,0.0,0.0,0.0,0.0,0.0,1.0,0.0,3.5,0.6153846153846154,5
2,3,5,3,4,3,3,0,0.12,1,0,0,12,3,15,8,41,1,1,23,22,15,0.0,1.0,0.0,0.0,0.0,0.0,0.0,0.0,1.0,0.0,0.0,1.0,0.0,0.0,0.0,1.0,0.0,0.0,0.0,0.0,0.0,0.0,1.0,0.0,3.0,0.6521739130434783,15
2,3,2,3,3,3,4,0,0.2,0,0,2,23,4,8,7,34,0,0,10,9,5,0.0,0.0,0.0,1.0,0.0,0.0,1.0,0.0,0.0,1.0,0.0,0.0,0.0,1.0,0.0,0.0,0.0,0.0,0.0,0.0,0.0,1.0,0.0,0.0,2.75,0.5,27
2,3,1,2,1,3,4,0,0.21,0,0,1,19,2,0,0,37,0,4,8,1,0,0.0,0.0,1.0,0.0,0.0,0.0,0.0,0.0,1.0,0.0,0.0,1.0,1.0,0.0,0.0,0.0,0.0,0.0,0.0,0.0,0.0,0.0,1.0,0.0,2.0,0.0,23
1,3,2,4,3,3,4,1,0.21,0,0,4,5,4,0,8,46,0,4,14,9,6,0.0,0.0,0.0,1.0,0.0,0.0,0.0,1.0,0.0,1.0,0.0,0.0,0.0,1.0,0.0,0.0,0.0,0.0,0.0,0.0,0.0,1.0,0.0,0.0,2.75,0.6,10
4,4,1,4,4,3,3,0,0.19,0,0,2,8,1,0,1,35,0,1,1,1,0,0.0,0.0,1.0,0.0,0.0,0.0,0.0,0.0,1.0,0.0,0.0,1.0,0.0,0.0,1.0,0.0,0.0,0.0,0.0,0.0,0.0,0.0,1.0,0.0,3.75,0.0,11
1,2,3,3,4,3,3,1,0.13,1,0,2,1,2,0,0,48,0,9,23,1,0,0.0,0.0,1.0,0.0,0.0,0.0,0.0,0.0,1.0,1.0,0.0,0.0,0.0,0.0,1.0,0.0,0.0,0.0,0.0,0.0,0.0,0.0,1.0,0.0,2.75,0.0,5
3,3,1,3,3,2,3,1,0.13,1,0,3,5,4,2,2,28,0,1,2,2,2,0.0,1.0,0.0,0.0,0.0,0.0,0.0,0.0,1.0,1.0,0.0,0.0,0.0,0.0,1.0,0.0,0.0,0.0,0.0,0.0,0.0,0.0,1.0,0.0,2.75,0.6666666666666666,9
2,3,2,1,3,2,4,1,0.21,0,1,2,1,5,1,3,44,1,5,9,4,3,0.0,0.0,0.0,1.0,0.0,0.0,0.0,0.0,1.0,0.0,1.0,0.0,0.0,1.0,0.0,0.0,0.0,0.0,0.0,0.0,0.0,1.0,0.0,0.0,2.0,0.6,6
3,2,3,1,3,3,3,1,0.13,0,1,3,11,2,2,3,35,0,2,10,4,0,0.0,0.0,0.0,0.0,0.0,1.0,1.0,0.0,0.0,0.0,0.0,1.0,0.0,0.0,0.0,0.0,1.0,0.0,0.0,0.0,0.0,0.0,1.0,0.0,2.5,0.0,15
3,2,2,4,3,2,3,1,0.19,0,1,2,23,3,0,0,26,1,7,5,2,2,0.0,0.0,0.0,1.0,0.0,0.0,0.0,0.0,1.0,0.0,0.0,1.0,0.0,1.0,0.0,0.0,0.0,0.0,0.0,0.0,0.0,1.0,0.0,0.0,3.0,0.6666666666666666,27
1,3,3,4,3,3,3,1,0.12,0,0,1,1,2,8,12,33,1,1,15,15,14,0.0,0.0,1.0,0.0,0.0,0.0,0.0,1.0,0.0,1.0,0.0,0.0,0.0,0.0,0.0,1.0,0.0,0.0,0.0,0.0,0.0,0.0,1.0,0.0,2.75,0.875,5
2,3,3,1,4,2,4,0,0.22,0,1,3,18,5,1,8,35,0,1,9,9,8,0.0,0.0,1.0,0.0,0.0,0.0,0.0,1.0,0.0,0.0,0.0,1.0,0.0,1.0,0.0,0.0,0.0,0.0,0.0,0.0,0.0,1.0,0.0,0.0,2.25,0.8,22
3,3,1,1,3,3,3,1,0.15,0,1,3,23,4,2,2,35,1,3,4,2,2,0.0,0.0,0.0,0.0,0.0,1.0,0.0,0.0,1.0,0.0,0.0,1.0,0.0,0.0,1.0,0.0,0.0,0.0,0.0,0.0,0.0,0.0,1.0,0.0,2.5,0.6666666666666666,27
4,3,2,4,4,2,4,0,0.22,0,1,3,7,4,1,7,31,0,3,10,7,7,0.0,0.0,1.0,0.0,0.0,0.0,0.0,0.0,1.0,0.0,1.0,0.0,0.0,0.0,1.0,0.0,0.0,0.0,0.0,0.0,0.0,0.0,1.0,0.0,3.5,0.875,11
1,2,2,3,3,4,3,0,0.18,0,1,2,1,4,0,7,37,0,1,7,7,5,0.0,0.0,1.0,0.0,0.0,0.0,0.0,0.0,1.0,0.0,1.0,0.0,0.0,0.0,0.0,0.0,0.0,0.0,0.0,0.0,1.0,0.0,1.0,0.0,2.75,0.625,4
1,3,2,4,2,3,4,1,0.22,0,1,3,1,3,7,8,32,0,1,9,9,8,0.0,0.0,0.0,0.0,0.0,1.0,0.0,0.0,1.0,0.0,0.0,1.0,0.0,0.0,0.0,0.0,0.0,0.0,0.0,0.0,1.0,0.0,1.0,0.0,2.5,0.8,6
4,3,2,4,4,3,3,0,0.11,0,0,2,29,5,9,9,38,1,1,10,10,3,0.0,0.0,1.0,0.0,0.0,0.0,0.0,1.0,0.0,1.0,0.0,0.0,0.0,0.0,1.0,0.0,0.0,0.0,0.0,0.0,0.0,0.0,1.0,0.0,3.75,0.2727272727272727,32
2,2,5,3,4,2,3,1,0.12,0,1,2,7,2,13,8,50,1,5,29,27,3,0.0,0.0,0.0,0.0,0.0,1.0,0.0,0.0,1.0,0.0,1.0,0.0,0.0,0.0,0.0,1.0,0.0,0.0,0.0,0.0,0.0,0.0,1.0,0.0,2.75,0.10714285714285714,11
1,3,3,1,4,2,3,0,0.11,0,0,3,25,3,7,9,59,1,7,28,21,16,0.0,0.0,1.0,0.0,0.0,0.0,0.0,0.0,1.0,1.0,0.0,0.0,0.0,1.0,0.0,0.0,0.0,0.0,0.0,0.0,0.0,1.0,0.0,0.0,2.0,0.7272727272727273,28
3,3,3,3,2,3,3,0,0.13,0,3,2,8,3,12,8,36,1,1,17,17,14,0.0,1.0,0.0,0.0,0.0,0.0,0.0,0.0,1.0,0.0,1.0,0.0,0.0,0.0,0.0,0.0,1.0,0.0,0.0,0.0,0.0,0.0,1.0,0.0,2.75,0.7777777777777778,11
4,3,4,3,3,3,3,1,0.14,0,3,2,8,3,0,2,55,1,2,21,5,0,0.0,0.0,0.0,0.0,0.0,1.0,0.0,0.0,1.0,0.0,1.0,0.0,0.0,0.0,0.0,0.0,0.0,0.0,0.0,1.0,0.0,0.0,1.0,0.0,3.25,0.0,12
2,2,2,2,3,3,3,0,0.13,0,0,3,11,3,0,3,36,0,1,6,6,5,0.0,0.0,1.0,0.0,0.0,0.0,0.0,1.0,0.0,1.0,0.0,0.0,0.0,0.0,0.0,0.0,0.0,0.0,0.0,0.0,1.0,0.0,1.0,0.0,2.5,0.7142857142857143,14
2,3,3,1,3,3,3,0,0.17,0,1,2,7,3,0,0,45,0,2,25,1,0,0.0,0.0,1.0,0.0,0.0,0.0,0.0,0.0,1.0,0.0,1.0,0.0,1.0,0.0,0.0,0.0,0.0,0.0,0.0,0.0,0.0,0.0,1.0,0.0,2.25,0.0,10
2,3,1,1,4,2,3,0,0.13,0,1,2,1,3,1,2,35,0,4,5,3,2,0.0,0.0,0.0,0.0,0.0,1.0,0.0,1.0,0.0,0.0,0.0,1.0,1.0,0.0,0.0,0.0,0.0,0.0,0.0,0.0,0.0,0.0,1.0,0.0,2.25,0.5,4
4,2,1,3,1,2,3,1,0.17,1,1,0,9,3,0,0,36,0,0,2,1,0,0.0,0.0,0.0,0.0,0.0,1.0,0.0,0.0,1.0,0.0,0.0,1.0,1.0,0.0,0.0,0.0,0.0,0.0,0.0,0.0,0.0,0.0,1.0,0.0,2.5,0.0,13
1,2,2,3,4,2,3,0,0.11,0,0,2,1,1,1,3,59,1,7,20,4,3,0.0,0.0,1.0,0.0,0.0,0.0,0.0,1.0,0.0,1.0,0.0,0.0,0.0,1.0,0.0,0.0,0.0,0.0,0.0,0.0,0.0,1.0,0.0,0.0,2.5,0.6,4
3,3,1,2,4,3,4,0,0.23,0,1,3,2,3,0,4,29,0,0,6,5,4,0.0,0.0,1.0,0.0,0.0,0.0,0.0,0.0,1.0,0.0,0.0,1.0,1.0,0.0,0.0,0.0,0.0,0.0,0.0,0.0,0.0,0.0,1.0,0.0,3.0,0.6666666666666666,6
3,3,1,2,2,3,3,0,0.17,0,0,4,1,4,1,0,31,0,1,1,1,1,0.0,0.0,0.0,0.0,0.0,1.0,0.0,0.0,1.0,1.0,0.0,0.0,1.0,0.0,0.0,0.0,0.0,0.0,0.0,0.0,0.0,0.0,1.0,0.0,2.5,0.5,4
2,3,2,2,2,3,3,0,0.17,0,2,3,1,3,0,9,32,0,1,10,10,4,0.0,0.0,1.0,0.0,0.0,0.0,0.0,0.0,1.0,0.0,0.0,1.0,1.0,0.0,0.0,0.0,0.0,0.0,0.0,0.0,0.0,0.0,1.0,0.0,2.25,0.36363636363636365,4
2,4,1,4,2,3,3,0,0.12,0,0,3,6,3,0,0,36,1,3,5,1,0,0.0,0.0,1.0,0.0,0.0,0.0,0.0,0.0,1.0,0.0,0.0,1.0,0.0,0.0,1.0,0.0,0.0,0.0,0.0,0.0,0.0,0.0,1.0,0.0,2.75,0.0,9
3,3,2,4,4,3,4,0,0.23,0,0,2,8,4,1,8,31,1,1,11,11,7,0.0,0.0,1.0,0.0,0.0,0.0,0.0,0.0,1.0,1.0,0.0,0.0,0.0,0.0,0.0,0.0,0.0,0.0,0.0,0.0,1.0,0.0,1.0,0.0,3.5,0.5833333333333334,12
3,2,2,1,2,3,3,0,0.14,0,0,2,1,4,2,8,35,0,0,16,15,13,0.0,0.0,0.0,1.0,0.0,0.0,0.0,0.0,1.0,1.0,0.0,0.0,0.0,1.0,0.0,0.0,0.0,0.0,0.0,0.0,0.0,1.0,0.0,0.0,2.25,0.8125,4
4,3,3,1,2,4,3,1,0.14,0,0,3,6,4,0,0,45,0,4,17,0,0,1.0,0.0,0.0,0.0,0.0,0.0,0.0,0.0,1.0,0.0,0.0,1.0,0.0,0.0,0.0,1.0,0.0,0.0,0.0,0.0,0.0,0.0,1.0,0.0,2.75,0.0,10
1,3,3,3,1,4,3,0,0.13,0,0,3,7,4,0,2,37,0,4,16,5,2,0.0,0.0,0.0,0.0,0.0,1.0,0.0,0.0,1.0,1.0,0.0,0.0,0.0,0.0,0.0,1.0,0.0,0.0,0.0,0.0,0.0,0.0,1.0,0.0,2.25,0.3333333333333333,10
2,3,2,2,4,3,4,1,0.22,0,1,2,5,2,0,2,46,0,8,16,4,2,0.0,0.0,0.0,0.0,0.0,1.0,0.0,0.0,1.0,0.0,1.0,0.0,0.0,0.0,0.0,0.0,0.0,0.0,1.0,0.0,0.0,0.0,0.0,1.0,2.75,0.4,10
4,2,2,4,3,2,3,1,0.12,0,2,1,1,1,3,0,30,0,1,10,10,8,0.0,0.0,1.0,0.0,0.0,0.0,0.0,0.0,1.0,0.0,0.0,1.0,0.0,0.0,1.0,0.0,0.0,0.0,0.0,0.0,0.0,0.0,1.0,0.0,3.25,0.7272727272727273,5
2,2,1,3,1,3,3,0,0.18,0,0,3,1,3,0,4,35,0,1,6,6,4,0.0,0.0,0.0,0.0,0.0,1.0,0.0,0.0,1.0,1.0,0.0,0.0,1.0,0.0,0.0,0.0,0.0,0.0,0.0,0.0,0.0,0.0,1.0,0.0,2.25,0.5714285714285714,4
1,3,3,4,4,3,3,0,0.14,0,1,4,1,2,1,0,55,0,3,24,1,0,0.0,0.0,1.0,0.0,0.0,0.0,0.0,0.0,1.0,0.0,0.0,1.0,0.0,1.0,0.0,0.0,0.0,0.0,0.0,0.0,0.0,1.0,0.0,0.0,3.0,0.0,4
2,1,2,4,4,3,3,1,0.12,0,3,3,6,3,1,9,38,1,7,17,13,11,0.0,0.0,0.0,0.0,0.0,1.0,1.0,0.0,0.0,0.0,1.0,0.0,1.0,0.0,0.0,0.0,0.0,0.0,0.0,0.0,0.0,0.0,1.0,0.0,3.25,0.7857142857142857,10
1,3,2,2,3,3,3,0,0.15,0,0,2,1,2,1,3,34,0,1,5,5,2,0.0,0.0,0.0,0.0,0.0,1.0,0.0,0.0,1.0,0.0,0.0,1.0,0.0,0.0,0.0,0.0,0.0,0.0,0.0,0.0,1.0,0.0,1.0,0.0,2.25,0.3333333333333333,4
4,1,3,4,1,2,3,0,0.11,0,0,3,7,3,0,2,56,0,4,37,6,4,0.0,0.0,1.0,0.0,0.0,0.0,0.0,0.0,1.0,1.0,0.0,0.0,0.0,0.0,0.0,0.0,0.0,0.0,0.0,0.0,1.0,0.0,1.0,0.0,2.75,0.5714285714285714,10
3,3,1,1,3,3,3,0,0.13,0,1,3,2,1,0,0,23,0,3,3,0,0,0.0,1.0,0.0,0.0,0.0,0.0,0.0,0.0,1.0,0.0,1.0,0.0,0.0,0.0,0.0,0.0,0.0,1.0,0.0,0.0,0.0,1.0,0.0,0.0,2.5,0.0,5
4,3,1,4,2,3,4,0,0.23,0,2,4,9,4,0,3,51,0,3,10,4,2,0.0,0.0,1.0,0.0,0.0,0.0,0.0,0.0,1.0,0.0,0.0,1.0,0.0,0.0,1.0,0.0,0.0,0.0,0.0,0.0,0.0,0.0,1.0,0.0,3.25,0.4,13
3,2,2,4,1,3,3,0,0.19,0,3,3,2,3,10,8,30,0,1,11,11,10,0.0,0.0,1.0,0.0,0.0,0.0,0.0,0.0,1.0,0.0,0.0,1.0,0.0,0.0,0.0,0.0,1.0,0.0,0.0,0.0,0.0,0.0,1.0,0.0,2.75,0.8333333333333334,5
3,2,3,4,4,3,3,0,0.16,1,0,3,9,2,4,7,46,0,1,9,9,8,0.0,0.0,0.0,0.0,0.0,1.0,0.0,0.0,1.0,1.0,0.0,0.0,0.0,1.0,0.0,0.0,0.0,0.0,0.0,0.0,0.0,1.0,0.0,0.0,3.5,0.8,12
3,2,4,2,4,2,4,0,0.22,0,1,3,1,4,11,11,40,0,1,22,22,3,0.0,0.0,1.0,0.0,0.0,0.0,0.0,1.0,0.0,0.0,0.0,1.0,0.0,0.0,0.0,0.0,1.0,0.0,0.0,0.0,0.0,0.0,1.0,0.0,2.75,0.13043478260869565,5
3,3,2,4,4,1,4,1,0.22,0,0,2,21,4,1,0,51,0,0,11,10,7,0.0,0.0,0.0,1.0,0.0,0.0,0.0,0.0,1.0,1.0,0.0,0.0,0.0,1.0,0.0,0.0,0.0,0.0,0.0,0.0,0.0,1.0,0.0,0.0,3.0,0.6363636363636364,26
3,2,2,2,2,2,3,1,0.12,0,3,4,4,2,2,7,30,1,1,11,11,8,0.0,0.0,0.0,0.0,0.0,1.0,0.0,0.0,1.0,0.0,1.0,0.0,0.0,1.0,0.0,0.0,0.0,0.0,0.0,0.0,0.0,1.0,0.0,0.0,2.25,0.6666666666666666,8
3,2,3,1,3,2,3,1,0.13,0,1,5,1,3,9,5,46,0,2,21,10,9,0.0,0.0,0.0,0.0,0.0,1.0,0.0,1.0,0.0,0.0,0.0,1.0,0.0,0.0,0.0,0.0,1.0,0.0,0.0,0.0,0.0,0.0,1.0,0.0,2.25,0.8181818181818182,5
2,3,2,3,1,3,3,0,0.16,0,0,0,6,4,5,7,32,0,1,12,11,8,0.0,0.0,0.0,0.0,0.0,1.0,0.0,0.0,1.0,1.0,0.0,0.0,0.0,1.0,0.0,0.0,0.0,0.0,0.0,0.0,0.0,1.0,0.0,0.0,2.25,0.6666666666666666,9
1,3,3,3,1,1,3,0,0.12,0,1,5,2,4,0,3,54,1,9,16,4,3,0.0,1.0,0.0,0.0,0.0,0.0,0.0,0.0,1.0,0.0,0.0,1.0,0.0,0.0,0.0,1.0,0.0,0.0,0.0,0.0,0.0,0.0,1.0,0.0,1.5,0.6,5
1,3,2,3,1,2,4,0,0.21,0,1,2,3,2,0,2,24,1,0,4,3,2,1.0,0.0,0.0,0.0,0.0,0.0,0.0,0.0,1.0,0.0,0.0,1.0,0.0,1.0,0.0,0.0,0.0,0.0,0.0,0.0,0.0,1.0,0.0,0.0,1.75,0.5,7
2,3,2,3,2,4,3,0,0.15,0,0,3,4,3,0,4,28,0,1,5,5,4,0.0,0.0,0.0,0.0,0.0,1.0,1.0,0.0,0.0,0.0,0.0,1.0,0.0,1.0,0.0,0.0,0.0,0.0,0.0,0.0,0.0,1.0,0.0,0.0,2.75,0.6666666666666666,7
4,3,4,3,3,2,3,0,0.13,0,0,1,10,4,1,8,58,0,0,38,37,10,0.0,0.0,0.0,0.0,0.0,1.0,0.0,0.0,1.0,1.0,0.0,0.0,0.0,1.0,0.0,0.0,0.0,0.0,0.0,0.0,0.0,1.0,0.0,0.0,3.0,0.2631578947368421,13
2,3,2,2,3,4,3,0,0.12,0,1,3,23,3,1,2,44,0,4,17,3,2,0.0,0.0,0.0,0.0,0.0,1.0,1.0,0.0,0.0,0.0,0.0,1.0,0.0,0.0,1.0,0.0,0.0,0.0,0.0,0.0,0.0,0.0,1.0,0.0,2.75,0.5,26
3,3,1,1,4,3,4,1,0.22,1,0,3,6,4,0,2,37,0,4,7,3,2,0.0,0.0,0.0,0.0,1.0,0.0,0.0,0.0,1.0,0.0,1.0,0.0,0.0,0.0,0.0,0.0,0.0,0.0,1.0,0.0,0.0,0.0,0.0,1.0,2.75,0.5,11
4,3,1,1,4,3,3,0,0.13,0,0,2,1,1,0,0,32,0,1,1,1,0,0.0,0.0,1.0,0.0,0.0,0.0,0.0,0.0,1.0,1.0,0.0,0.0,1.0,0.0,0.0,0.0,0.0,0.0,0.0,0.0,0.0,0.0,1.0,0.0,3.0,0.0,4
4,2,1,4,2,3,3,1,0.18,1,0,5,6,3,1,0,20,1,1,1,1,0,0.0,0.0,1.0,0.0,0.0,0.0,0.0,1.0,0.0,1.0,0.0,0.0,0.0,0.0,1.0,0.0,0.0,0.0,0.0,0.0,0.0,0.0,1.0,0.0,3.25,0.0,10
1,3,2,3,3,3,3,0,0.14,0,0,3,6,4,2,10,34,1,1,16,16,13,1.0,0.0,0.0,0.0,0.0,0.0,0.0,0.0,1.0,1.0,0.0,0.0,1.0,0.0,0.0,0.0,0.0,0.0,0.0,0.0,0.0,0.0,1.0,0.0,2.5,0.7647058823529411,9
3,2,2,4,4,4,3,0,0.14,0,1,2,2,2,0,0,37,0,5,17,1,0,0.0,0.0,1.0,0.0,0.0,0.0,1.0,0.0,0.0,0.0,1.0,0.0,0.0,0.0,0.0,0.0,1.0,0.0,0.0,0.0,0.0,0.0,1.0,0.0,3.75,0.0,5
3,2,5,4,4,3,4,0,0.21,0,1,3,2,4,2,2,59,1,9,30,3,2,0.0,0.0,0.0,0.0,1.0,0.0,1.0,0.0,0.0,0.0,0.0,1.0,0.0,0.0,0.0,0.0,0.0,0.0,0.0,1.0,0.0,0.0,0.0,1.0,3.5,0.5,6
1,3,5,2,1,2,3,1,0.19,0,0,1,1,3,0,7,50,1,3,28,8,3,0.0,0.0,1.0,0.0,0.0,0.0,0.0,1.0,0.0,0.0,0.0,1.0,0.0,0.0,0.0,1.0,0.0,0.0,0.0,0.0,0.0,0.0,1.0,0.0,1.5,0.3333333333333333,5
3,2,2,3,4,3,3,1,0.11,1,0,1,5,3,0,3,25,0,1,6,6,4,0.0,0.0,0.0,1.0,0.0,0.0,0.0,0.0,1.0,1.0,0.0,0.0,0.0,1.0,0.0,0.0,0.0,0.0,0.0,0.0,0.0,1.0,0.0,0.0,3.25,0.5714285714285714,9
4,2,1,4,3,3,3,0,0.11,0,2,2,7,1,2,1,25,0,1,2,2,2,0.0,0.0,0.0,0.0,0.0,1.0,0.0,0.0,1.0,0.0,0.0,1.0,1.0,0.0,0.0,0.0,0.0,0.0,0.0,0.0,0.0,0.0,1.0,0.0,3.5,0.6666666666666666,10
2,3,1,4,3,3,3,0,0.15,0,0,5,15,3,0,0,22,1,1,1,0,0,0.0,0.0,0.0,0.0,0.0,1.0,0.0,0.0,1.0,1.0,0.0,0.0,0.0,0.0,1.0,0.0,0.0,0.0,0.0,0.0,0.0,0.0,1.0,0.0,3.0,0.0,18
1,2,3,1,3,2,4,0,0.2,0,0,1,1,4,12,8,51,1,3,23,13,12,0.0,0.0,0.0,0.0,0.0,1.0,0.0,1.0,0.0,1.0,0.0,0.0,0.0,0.0,0.0,0.0,1.0,0.0,0.0,0.0,0.0,0.0,1.0,0.0,1.75,0.8571428571428571,5
1,1,2,3,4,3,4,1,0.24,1,0,3,7,3,0,6,34,0,1,9,9,7,0.0,0.0,1.0,0.0,0.0,0.0,0.0,1.0,0.0,1.0,0.0,0.0,0.0,0.0,1.0,0.0,0.0,0.0,0.0,0.0,0.0,0.0,1.0,0.0,2.75,0.7,12
4,4,4,4,3,3,3,1,0.12,0,0,3,26,3,4,4,54,1,2,23,5,3,0.0,0.0,0.0,0.0,1.0,0.0,1.0,0.0,0.0,1.0,0.0,0.0,0.0,0.0,0.0,0.0,0.0,0.0,0.0,1.0,0.0,0.0,0.0,1.0,3.5,0.5,30
2,3,1,3,3,3,3,0,0.12,0,1,2,18,1,1,2,24,0,0,6,5,3,0.0,0.0,1.0,0.0,0.0,0.0,0.0,0.0,1.0,0.0,0.0,1.0,0.0,0.0,1.0,0.0,0.0,0.0,0.0,0.0,0.0,0.0,1.0,0.0,2.75,0.5,21
3,2,2,2,3,3,3,0,0.15,0,1,3,6,4,0,0,34,1,6,12,1,0,0.0,0.0,1.0,0.0,0.0,0.0,0.0,0.0,1.0,0.0,1.0,0.0,1.0,0.0,0.0,0.0,0.0,0.0,0.0,0.0,0.0,0.0,1.0,0.0,2.75,0.0,9
3,3,3,4,1,3,3,0,0.12,0,0,3,3,3,1,3,37,0,2,12,5,3,0.0,0.0,1.0,0.0,0.0,0.0,0.0,0.0,1.0,1.0,0.0,0.0,0.0,1.0,0.0,0.0,0.0,0.0,0.0,0.0,0.0,1.0,0.0,0.0,2.75,0.5,6
3,2,3,1,4,3,3,0,0.12,0,0,6,5,3,5,8,34,1,2,14,11,10,0.0,0.0,0.0,0.0,0.0,1.0,0.0,0.0,1.0,1.0,0.0,0.0,0.0,0.0,0.0,0.0,0.0,0.0,0.0,1.0,0.0,0.0,1.0,0.0,2.75,0.8333333333333334,8
2,3,3,4,3,3,3,0,0.14,0,1,6,11,2,2,8,36,1,0,10,9,7,0.0,1.0,0.0,0.0,0.0,0.0,0.0,1.0,0.0,0.0,0.0,1.0,0.0,1.0,0.0,0.0,0.0,0.0,0.0,0.0,0.0,1.0,0.0,0.0,3.0,0.7,14
1,3,1,4,1,3,4,0,0.22,0,1,2,3,2,0,0,36,1,5,7,1,0,0.0,0.0,1.0,0.0,0.0,0.0,0.0,0.0,1.0,0.0,1.0,0.0,0.0,0.0,1.0,0.0,0.0,0.0,0.0,0.0,0.0,0.0,1.0,0.0,2.25,0.0,7
3,3,4,4,4,4,3,1,0.12,0,2,3,26,2,4,12,43,0,1,25,25,12,0.0,0.0,1.0,0.0,0.0,0.0,0.0,1.0,0.0,0.0,0.0,1.0,0.0,0.0,0.0,0.0,0.0,0.0,0.0,1.0,0.0,1.0,0.0,0.0,3.75,0.46153846153846156,30
1,1,1,3,3,2,4,0,0.25,0,3,2,23,3,0,9,30,0,1,10,10,7,0.0,0.0,1.0,0.0,0.0,0.0,0.0,1.0,0.0,0.0,1.0,0.0,1.0,0.0,0.0,0.0,0.0,0.0,0.0,0.0,0.0,0.0,1.0,0.0,2.25,0.6363636363636364,27
3,3,2,2,1,4,3,0,0.13,0,1,2,22,2,0,7,33,0,0,8,7,7,0.0,0.0,0.0,1.0,0.0,0.0,1.0,0.0,0.0,0.0,0.0,1.0,0.0,1.0,0.0,0.0,0.0,0.0,0.0,0.0,0.0,1.0,0.0,0.0,2.5,0.875,25
2,3,1,2,1,3,3,1,0.18,1,3,2,14,4,4,3,56,1,9,7,5,4,0.0,0.0,1.0,0.0,0.0,0.0,0.0,0.0,1.0,0.0,0.0,1.0,1.0,0.0,0.0,0.0,0.0,0.0,0.0,0.0,0.0,0.0,1.0,0.0,2.0,0.6666666666666666,18
1,3,5,3,3,3,3,0,0.13,0,0,5,6,3,15,15,51,0,7,23,20,18,0.0,0.0,1.0,0.0,0.0,0.0,0.0,0.0,1.0,1.0,0.0,0.0,0.0,0.0,0.0,1.0,0.0,0.0,0.0,0.0,0.0,0.0,1.0,0.0,2.5,0.8571428571428571,9
2,1,2,3,2,2,3,1,0.18,1,0,3,6,4,7,7,31,0,4,12,7,7,0.0,0.0,1.0,0.0,0.0,0.0,0.0,0.0,1.0,0.0,0.0,1.0,0.0,1.0,0.0,0.0,0.0,0.0,0.0,0.0,0.0,1.0,0.0,0.0,2.25,0.875,10
3,2,1,2,3,2,3,0,0.19,0,0,3,6,3,4,3,26,1,1,5,5,4,1.0,0.0,0.0,0.0,0.0,0.0,0.0,0.0,1.0,0.0,0.0,1.0,1.0,0.0,0.0,0.0,0.0,0.0,0.0,0.0,0.0,0.0,1.0,0.0,2.5,0.6666666666666666,9
4,3,3,4,4,2,3,0,0.12,1,1,3,23,4,15,6,58,1,1,40,40,10,0.0,0.0,0.0,0.0,0.0,1.0,0.0,0.0,1.0,0.0,0.0,1.0,0.0,0.0,0.0,0.0,1.0,0.0,0.0,0.0,0.0,0.0,1.0,0.0,3.5,0.24390243902439024,26
4,3,1,3,4,2,3,1,0.19,1,0,2,22,1,0,0,19,0,1,0,0,0,0.0,0.0,0.0,1.0,0.0,0.0,0.0,0.0,1.0,1.0,0.0,0.0,0.0,0.0,0.0,0.0,0.0,1.0,0.0,0.0,0.0,1.0,0.0,0.0,3.25,0.0,26
3,3,1,4,3,3,3,0,0.14,0,1,2,2,1,2,1,22,0,0,3,2,1,0.0,1.0,0.0,0.0,0.0,0.0,0.0,0.0,1.0,0.0,0.0,1.0,0.0,0.0,1.0,0.0,0.0,0.0,0.0,0.0,0.0,0.0,1.0,0.0,3.25,0.3333333333333333,5
3,3,2,1,3,2,3,0,0.14,0,0,2,20,4,5,11,49,1,1,16,15,11,0.0,0.0,0.0,0.0,0.0,1.0,0.0,0.0,1.0,0.0,0.0,1.0,0.0,0.0,0.0,0.0,0.0,0.0,0.0,0.0,1.0,0.0,1.0,0.0,2.25,0.6875,23
2,4,1,3,4,3,3,0,0.12,0,0,2,28,3,1,2,43,1,4,18,3,2,0.0,0.0,0.0,0.0,0.0,1.0,0.0,1.0,0.0,1.0,0.0,0.0,1.0,0.0,0.0,0.0,0.0,0.0,0.0,0.0,0.0,0.0,1.0,0.0,3.0,0.5,31
3,3,3,4,4,3,3,0,0.11,0,0,3,12,3,2,1,50,1,4,16,2,2,0.0,0.0,0.0,1.0,0.0,0.0,0.0,1.0,0.0,1.0,0.0,0.0,0.0,1.0,0.0,0.0,0.0,0.0,0.0,0.0,0.0,1.0,0.0,0.0,3.5,0.6666666666666666,15
2,1,2,3,3,3,3,1,0.11,1,1,2,20,3,2,2,31,1,3,4,2,2,0.0,0.0,1.0,0.0,0.0,0.0,0.0,0.0,1.0,0.0,0.0,1.0,0.0,1.0,0.0,0.0,0.0,0.0,0.0,0.0,0.0,1.0,0.0,0.0,2.75,0.6666666666666666,24
3,3,3,3,3,3,3,1,0.13,0,1,2,9,1,0,7,41,0,3,12,9,7,0.0,0.0,1.0,0.0,0.0,0.0,0.0,0.0,1.0,0.0,1.0,0.0,0.0,1.0,0.0,0.0,0.0,0.0,0.0,0.0,0.0,1.0,0.0,0.0,3.0,0.7,13
3,3,1,3,4,3,4,0,0.23,0,1,3,25,1,5,7,26,1,1,8,8,7,0.0,0.0,1.0,0.0,0.0,0.0,0.0,0.0,1.0,0.0,0.0,1.0,0.0,0.0,0.0,0.0,0.0,0.0,1.0,0.0,0.0,0.0,0.0,1.0,3.25,0.7777777777777778,29
2,3,2,2,4,3,4,0,0.2,0,2,0,6,2,0,1,36,0,6,7,3,2,0.0,0.0,0.0,0.0,0.0,1.0,0.0,0.0,1.0,0.0,1.0,0.0,0.0,0.0,0.0,0.0,0.0,0.0,0.0,0.0,1.0,0.0,1.0,0.0,2.75,0.5,10
1,1,3,4,4,3,3,0,0.15,1,0,2,8,4,0,3,51,0,2,18,4,2,0.0,0.0,1.0,0.0,0.0,0.0,0.0,1.0,0.0,1.0,0.0,0.0,0.0,0.0,0.0,0.0,0.0,0.0,0.0,0.0,1.0,0.0,1.0,0.0,3.0,0.4,11
4,2,2,3,3,4,3,0,0.14,0,1,1,4,4,5,9,39,1,4,17,15,11,0.0,0.0,1.0,0.0,0.0,0.0,0.0,0.0,1.0,0.0,0.0,1.0,0.0,1.0,0.0,0.0,0.0,0.0,0.0,0.0,0.0,1.0,0.0,0.0,3.5,0.6875,7
1,2,2,3,4,3,3,0,0.18,0,0,3,28,3,2,2,25,0,2,6,2,2,0.0,0.0,1.0,0.0,0.0,0.0,0.0,0.0,1.0,0.0,0.0,1.0,0.0,1.0,0.0,0.0,0.0,0.0,0.0,0.0,0.0,1.0,0.0,0.0,2.75,0.6666666666666666,31
3,3,2,4,4,1,3,1,0.19,0,0,2,9,3,4,7,30,0,0,12,11,9,0.0,0.0,0.0,0.0,1.0,0.0,0.0,0.0,1.0,0.0,0.0,1.0,0.0,0.0,0.0,0.0,0.0,0.0,1.0,0.0,0.0,0.0,0.0,1.0,3.0,0.75,13
1,3,1,1,1,4,4,0,0.22,1,0,2,9,3,0,4,32,1,7,10,5,4,0.0,0.0,0.0,0.0,0.0,1.0,0.0,0.0,1.0,1.0,0.0,0.0,0.0,0.0,1.0,0.0,0.0,0.0,0.0,0.0,0.0,0.0,1.0,0.0,1.75,0.6666666666666666,13
3,3,1,4,2,2,3,0,0.13,0,0,2,29,3,0,3,45,0,5,9,6,5,0.0,0.0,0.0,0.0,0.0,1.0,0.0,0.0,1.0,1.0,0.0,0.0,1.0,0.0,0.0,0.0,0.0,0.0,0.0,0.0,0.0,0.0,1.0,0.0,2.75,0.7142857142857143,32
4,3,2,3,2,3,4,1,0.2,0,0,2,3,5,2,2,38,1,3,19,3,2,0.0,1.0,0.0,0.0,0.0,0.0,0.0,0.0,1.0,1.0,0.0,0.0,1.0,0.0,0.0,0.0,0.0,0.0,0.0,0.0,0.0,0.0,1.0,0.0,3.0,0.5,8
1,3,1,3,3,2,3,0,0.14,0,0,4,18,3,0,4,30,1,1,5,5,4,0.0,0.0,1.0,0.0,0.0,0.0,0.0,0.0,1.0,1.0,0.0,0.0,1.0,0.0,0.0,0.0,0.0,0.0,0.0,0.0,0.0,0.0,1.0,0.0,2.25,0.6666666666666666,21
4,1,2,4,4,4,3,0,0.17,0,3,2,9,2,0,7,32,0,0,9,8,7,0.0,0.0,0.0,0.0,0.0,1.0,0.0,1.0,0.0,0.0,1.0,0.0,0.0,1.0,0.0,0.0,0.0,0.0,0.0,0.0,0.0,1.0,0.0,0.0,4.0,0.7777777777777778,12
4,3,1,1,4,3,3,0,0.14,0,1,3,5,3,2,2,30,1,5,8,3,2,0.0,1.0,0.0,0.0,0.0,0.0,0.0,0.0,1.0,0.0,1.0,0.0,1.0,0.0,0.0,0.0,0.0,0.0,0.0,0.0,0.0,0.0,1.0,0.0,3.0,0.5,8
2,2,1,4,4,3,3,0,0.13,0,0,3,2,1,1,2,30,0,0,6,5,3,0.0,0.0,0.0,0.0,0.0,1.0,0.0,0.0,1.0,1.0,0.0,0.0,0.0,0.0,1.0,0.0,0.0,0.0,0.0,0.0,0.0,0.0,1.0,0.0,3.25,0.5,5
4,2,4,1,2,2,3,0,0.13,0,1,2,10,3,7,7,41,0,4,21,7,6,0.0,0.0,1.0,0.0,0.0,0.0,0.0,1.0,0.0,0.0,1.0,0.0,0.0,0.0,0.0,0.0,0.0,0.0,0.0,1.0,0.0,0.0,1.0,0.0,2.25,0.75,13
3,3,1,1,4,3,4,0,0.21,0,1,2,9,4,1,4,41,0,2,7,5,0,0.0,0.0,1.0,0.0,0.0,0.0,0.0,0.0,1.0,0.0,0.0,1.0,0.0,0.0,1.0,0.0,0.0,0.0,0.0,0.0,0.0,0.0,1.0,0.0,2.75,0.0,13
2,3,1,2,4,3,3,0,0.14,0,0,3,3,1,0,0,19,1,1,1,1,0,0.0,0.0,0.0,0.0,0.0,1.0,0.0,0.0,1.0,1.0,0.0,0.0,0.0,0.0,1.0,0.0,0.0,0.0,0.0,0.0,0.0,0.0,1.0,0.0,2.75,0.0,6
2,3,2,2,1,3,3,0,0.11,0,1,2,26,3,2,13,40,1,1,20,20,7,0.0,0.0,0.0,0.0,0.0,1.0,0.0,1.0,0.0,0.0,1.0,0.0,1.0,0.0,0.0,0.0,0.0,0.0,0.0,0.0,0.0,0.0,1.0,0.0,2.0,0.3333333333333333,29
3,3,3,2,1,3,3,0,0.13,0,2,3,1,5,0,6,35,0,1,10,10,8,0.0,0.0,0.0,1.0,0.0,0.0,0.0,0.0,1.0,0.0,0.0,1.0,0.0,1.0,0.0,0.0,0.0,0.0,0.0,0.0,0.0,1.0,0.0,0.0,2.25,0.7272727272727273,4
2,3,2,3,4,1,4,1,0.2,0,1,3,6,2,4,5,53,0,2,13,7,7,0.0,0.0,0.0,1.0,0.0,0.0,0.0,0.0,1.0,0.0,0.0,1.0,0.0,0.0,0.0,0.0,0.0,1.0,0.0,0.0,0.0,1.0,0.0,0.0,2.5,0.875,11
2,3,2,2,3,1,3,0,0.18,0,1,2,9,3,0,15,45,0,8,20,17,9,0.0,0.0,1.0,0.0,0.0,0.0,0.0,0.0,1.0,0.0,1.0,0.0,0.0,0.0,1.0,0.0,0.0,0.0,0.0,0.0,0.0,0.0,1.0,0.0,2.0,0.5,12
2,3,3,4,4,3,3,0,0.14,0,0,2,8,3,3,7,32,1,1,9,9,8,0.0,0.0,0.0,1.0,0.0,0.0,0.0,1.0,0.0,1.0,0.0,0.0,0.0,1.0,0.0,0.0,0.0,0.0,0.0,0.0,0.0,1.0,0.0,0.0,3.25,0.8,11
4,3,2,3,1,3,3,0,0.13,0,1,1,1,1,0,9,29,0,1,10,10,7,0.0,1.0,0.0,0.0,0.0,0.0,1.0,0.0,0.0,0.0,0.0,1.0,0.0,0.0,0.0,0.0,0.0,0.0,0.0,0.0,1.0,0.0,1.0,0.0,2.75,0.6363636363636364,4
2,2,2,3,3,3,3,0,0.17,0,0,2,7,4,0,0,51,0,2,10,1,0,0.0,0.0,0.0,0.0,0.0,1.0,0.0,0.0,1.0,0.0,0.0,1.0,0.0,0.0,0.0,0.0,0.0,0.0,0.0,0.0,1.0,0.0,1.0,0.0,2.75,0.0,10
2,2,1,2,2,2,4,1,0.2,0,1,3,9,3,0,0,58,1,4,9,1,0,0.0,0.0,0.0,0.0,0.0,1.0,0.0,0.0,1.0,0.0,0.0,1.0,1.0,0.0,0.0,0.0,0.0,0.0,0.0,0.0,0.0,0.0,1.0,0.0,2.0,0.0,14
3,2,3,4,1,2,3,0,0.11,0,1,2,4,4,2,11,40,0,7,15,12,11,0.0,0.0,0.0,1.0,0.0,0.0,0.0,0.0,1.0,0.0,0.0,1.0,0.0,1.0,0.0,0.0,0.0,0.0,0.0,0.0,0.0,1.0,0.0,0.0,2.5,0.8461538461538461,7
3,3,1,3,4,3,3,0,0.18,0,1,3,2,4,1,2,34,1,6,6,4,3,0.0,0.0,0.0,1.0,0.0,0.0,0.0,1.0,0.0,0.0,0.0,1.0,0.0,0.0,0.0,0.0,0.0,1.0,0.0,0.0,0.0,1.0,0.0,0.0,3.25,0.6,5
3,3,1,4,1,3,4,0,0.24,0,2,6,19,1,2,2,22,0,1,2,2,2,0.0,0.0,0.0,0.0,0.0,1.0,0.0,0.0,1.0,0.0,0.0,1.0,1.0,0.0,0.0,0.0,0.0,0.0,0.0,0.0,0.0,0.0,1.0,0.0,2.75,0.6666666666666666,23
4,3,1,2,4,1,3,0,0.18,0,1,1,9,3,2,2,27,0,6,6,2,2,0.0,0.0,0.0,0.0,0.0,1.0,1.0,0.0,0.0,0.0,1.0,0.0,1.0,0.0,0.0,0.0,0.0,0.0,0.0,0.0,0.0,0.0,1.0,0.0,2.75,0.6666666666666666,12
3,3,1,4,3,1,3,0,0.11,0,1,2,21,3,0,2,28,0,1,5,5,2,0.0,0.0,0.0,0.0,0.0,1.0,0.0,0.0,1.0,0.0,0.0,1.0,1.0,0.0,0.0,0.0,0.0,0.0,0.0,0.0,0.0,0.0,1.0,0.0,2.75,0.3333333333333333,24
3,4,3,4,2,1,3,1,0.16,0,1,2,24,2,1,4,57,0,3,12,5,3,0.0,0.0,1.0,0.0,0.0,0.0,0.0,0.0,1.0,0.0,1.0,0.0,0.0,0.0,0.0,0.0,1.0,0.0,0.0,0.0,0.0,0.0,1.0,0.0,2.5,0.5,28
3,2,1,3,4,2,3,1,0.15,0,1,2,3,3,0,1,27,0,1,1,1,1,0.0,0.0,0.0,0.0,0.0,1.0,1.0,0.0,0.0,0.0,1.0,0.0,1.0,0.0,0.0,0.0,0.0,0.0,0.0,0.0,0.0,0.0,1.0,0.0,3.0,0.5,7
3,3,5,2,2,3,3,0,0.15,0,0,5,11,3,4,4,50,1,3,21,5,4,0.0,0.0,1.0,0.0,0.0,0.0,0.0,0.0,1.0,1.0,0.0,0.0,0.0,0.0,0.0,0.0,0.0,0.0,0.0,1.0,0.0,0.0,1.0,0.0,2.5,0.6666666666666666,14
1,3,1,3,1,3,3,0,0.12,0,1,2,14,3,1,8,41,0,4,13,9,8,0.0,0.0,1.0,0.0,0.0,0.0,0.0,0.0,1.0,0.0,1.0,0.0,1.0,0.0,0.0,0.0,0.0,0.0,0.0,0.0,0.0,0.0,1.0,0.0,2.0,0.8,17
2,3,3,4,3,3,3,0,0.12,0,1,2,5,3,7,4,30,1,2,12,10,9,0.0,0.0,1.0,0.0,0.0,0.0,0.0,0.0,1.0,0.0,0.0,1.0,0.0,1.0,0.0,0.0,0.0,0.0,0.0,0.0,0.0,1.0,0.0,0.0,3.0,0.8181818181818182,8
1,2,2,4,3,4,4,0,0.22,0,0,2,1,4,0,7,38,1,4,12,8,3,0.0,0.0,1.0,0.0,0.0,0.0,0.0,0.0,1.0,1.0,0.0,0.0,0.0,1.0,0.0,0.0,0.0,0.0,0.0,0.0,0.0,1.0,0.0,0.0,3.0,0.3333333333333333,5
3,3,1,3,1,3,4,0,0.2,0,0,2,6,5,1,4,32,0,3,8,5,4,0.0,0.0,1.0,0.0,0.0,0.0,0.0,0.0,1.0,1.0,0.0,0.0,1.0,0.0,0.0,0.0,0.0,0.0,0.0,0.0,0.0,0.0,1.0,0.0,2.5,0.6666666666666666,10
3,3,1,2,4,2,3,1,0.16,0,1,3,17,3,1,1,27,0,0,6,5,2,0.0,1.0,0.0,0.0,0.0,0.0,0.0,0.0,1.0,0.0,0.0,1.0,1.0,0.0,0.0,0.0,0.0,0.0,0.0,0.0,0.0,0.0,1.0,0.0,2.75,0.3333333333333333,21
3,1,1,1,1,4,4,0,0.21,1,0,5,1,1,0,0,19,1,0,1,0,0,0.0,1.0,0.0,0.0,0.0,0.0,0.0,1.0,0.0,1.0,0.0,0.0,0.0,0.0,0.0,0.0,0.0,1.0,0.0,0.0,0.0,1.0,0.0,0.0,2.25,0.0,5
4,3,1,2,3,2,3,0,0.12,0,0,3,3,2,7,2,36,0,4,13,8,7,0.0,0.0,0.0,0.0,0.0,1.0,0.0,1.0,0.0,1.0,0.0,0.0,0.0,0.0,1.0,0.0,0.0,0.0,0.0,0.0,0.0,0.0,1.0,0.0,2.75,0.7777777777777778,6
3,3,2,1,3,3,3,0,0.11,0,2,4,9,3,6,10,30,0,1,12,12,9,0.0,0.0,0.0,0.0,0.0,1.0,1.0,0.0,0.0,0.0,1.0,0.0,0.0,0.0,1.0,0.0,0.0,0.0,0.0,0.0,0.0,0.0,1.0,0.0,2.5,0.6923076923076923,12
3,3,2,1,1,4,3,1,0.11,0,1,3,4,2,0,3,45,1,4,9,5,4,0.0,0.0,1.0,0.0,0.0,0.0,0.0,0.0,1.0,0.0,1.0,0.0,0.0,1.0,0.0,0.0,0.0,0.0,0.0,0.0,0.0,1.0,0.0,0.0,2.25,0.6666666666666666,8
3,3,1,1,3,3,3,1,0.18,0,1,3,8,3,2,2,56,1,4,19,2,2,0.0,0.0,1.0,0.0,0.0,0.0,0.0,0.0,1.0,0.0,1.0,0.0,1.0,0.0,0.0,0.0,0.0,0.0,0.0,0.0,0.0,0.0,1.0,0.0,2.5,0.6666666666666666,12
3,3,1,4,1,4,3,0,0.14,0,0,2,2,3,0,2,33,0,0,4,3,1,0.0,0.0,1.0,0.0,0.0,0.0,0.0,0.0,1.0,1.0,0.0,0.0,1.0,0.0,0.0,0.0,0.0,0.0,0.0,0.0,0.0,0.0,1.0,0.0,3.0,0.25,5
2,2,1,4,3,2,4,0,0.22,1,0,3,2,3,1,0,19,0,1,1,1,0,0.0,0.0,1.0,0.0,0.0,0.0,0.0,0.0,1.0,1.0,0.0,0.0,0.0,0.0,1.0,0.0,0.0,0.0,0.0,0.0,0.0,0.0,1.0,0.0,2.75,0.0,6
2,3,3,1,3,3,4,0,0.25,0,3,2,1,2,15,7,46,1,1,24,24,13,0.0,0.0,0.0,1.0,0.0,0.0,0.0,0.0,1.0,0.0,1.0,0.0,0.0,1.0,0.0,0.0,0.0,0.0,0.0,0.0,0.0,1.0,0.0,0.0,2.25,0.52,5
3,3,1,4,3,3,3,0,0.12,0,0,3,9,2,2,1,38,1,1,2,2,2,0.0,0.0,1.0,0.0,0.0,0.0,0.0,0.0,1.0,1.0,0.0,0.0,0.0,0.0,1.0,0.0,0.0,0.0,0.0,0.0,0.0,0.0,1.0,0.0,3.25,0.6666666666666666,12
3,3,1,4,3,3,4,1,0.23,0,1,0,12,1,0,2,31,1,8,7,4,2,0.0,0.0,0.0,0.0,0.0,1.0,0.0,0.0,1.0,0.0,0.0,1.0,1.0,0.0,0.0,0.0,0.0,0.0,0.0,0.0,0.0,0.0,1.0,0.0,3.25,0.4,17
4,3,1,2,4,3,3,0,0.15,0,0,3,27,2,1,2,34,1,2,9,3,2,0.0,0.0,0.0,0.0,0.0,1.0,0.0,0.0,1.0,1.0,0.0,0.0,1.0,0.0,0.0,0.0,0.0,0.0,0.0,0.0,0.0,0.0,1.0,0.0,3.25,0.5,30
2,3,1,2,4,2,4,1,0.22,1,0,5,20,2,0,2,41,1,1,4,4,3,0.0,0.0,0.0,1.0,0.0,0.0,0.0,0.0,1.0,1.0,0.0,0.0,0.0,0.0,0.0,0.0,0.0,1.0,0.0,0.0,0.0,1.0,0.0,0.0,2.5,0.6,25
3,2,1,3,4,2,3,0,0.15,0,1,2,1,3,0,2,50,0,2,5,3,2,0.0,0.0,0.0,0.0,0.0,1.0,0.0,0.0,1.0,0.0,0.0,1.0,0.0,0.0,1.0,0.0,0.0,0.0,0.0,0.0,0.0,0.0,1.0,0.0,3.0,0.5,4
4,4,2,1,3,3,3,0,0.11,0,2,3,13,2,1,3,53,1,1,5,4,2,0.0,0.0,0.0,0.0,0.0,1.0,0.0,0.0,1.0,0.0,1.0,0.0,0.0,0.0,0.0,0.0,0.0,0.0,0.0,0.0,1.0,0.0,1.0,0.0,2.75,0.4,16
4,3,1,2,4,3,3,0,0.13,0,1,5,14,3,1,6,33,1,1,8,8,7,0.0,0.0,0.0,0.0,0.0,1.0,0.0,0.0,1.0,0.0,0.0,1.0,1.0,0.0,0.0,0.0,0.0,0.0,0.0,0.0,0.0,0.0,1.0,0.0,3.25,0.7777777777777778,17
4,3,5,3,2,3,3,0,0.14,0,1,2,4,1,9,9,40,1,1,21,20,8,0.0,0.0,0.0,0.0,0.0,1.0,0.0,0.0,1.0,0.0,0.0,1.0,0.0,0.0,0.0,0.0,0.0,0.0,0.0,1.0,0.0,0.0,1.0,0.0,3.0,0.38095238095238093,7
3,4,5,2,4,3,3,0,0.11,0,0,3,14,4,2,15,55,0,8,36,24,15,0.0,0.0,0.0,0.0,0.0,1.0,0.0,0.0,1.0,1.0,0.0,0.0,0.0,0.0,0.0,1.0,0.0,0.0,0.0,0.0,0.0,0.0,1.0,0.0,3.0,0.6,17
4,2,2,3,3,2,3,0,0.17,0,0,2,2,1,1,9,34,0,1,10,10,9,0.0,0.0,1.0,0.0,0.0,0.0,0.0,1.0,0.0,0.0,0.0,1.0,0.0,0.0,0.0,0.0,0.0,0.0,0.0,0.0,1.0,0.0,1.0,0.0,3.0,0.8181818181818182,5
4,3,4,2,3,3,3,0,0.18,0,0,6,3,3,1,0,51,1,3,21,7,7,0.0,0.0,0.0,0.0,0.0,1.0,0.0,0.0,1.0,1.0,0.0,0.0,0.0,0.0,0.0,0.0,1.0,0.0,0.0,0.0,0.0,0.0,1.0,0.0,3.0,0.875,6
3,2,5,3,1,3,3,0,0.14,0,1,5,1,4,11,9,52,0,0,34,33,18,0.0,0.0,1.0,0.0,0.0,0.0,0.0,0.0,1.0,0.0,0.0,1.0,0.0,0.0,0.0,0.0,0.0,0.0,0.0,1.0,0.0,0.0,1.0,0.0,2.5,0.5294117647058824,4
4,3,1,2,4,2,3,0,0.16,0,0,2,9,3,0,3,27,1,1,7,7,7,0.0,0.0,0.0,0.0,0.0,1.0,0.0,0.0,1.0,1.0,0.0,0.0,1.0,0.0,0.0,0.0,0.0,0.0,0.0,0.0,0.0,0.0,1.0,0.0,3.0,0.875,12
2,2,2,3,1,3,3,1,0.13,1,0,1,23,2,0,1,35,0,3,8,1,0,0.0,0.0,1.0,0.0,0.0,0.0,0.0,0.0,1.0,0.0,0.0,1.0,0.0,0.0,0.0,0.0,0.0,0.0,0.0,0.0,1.0,0.0,1.0,0.0,2.25,0.0,27
4,4,1,4,4,4,3,0,0.14,0,3,3,7,3,2,2,43,0,4,7,5,4,0.0,0.0,0.0,0.0,0.0,1.0,1.0,0.0,0.0,0.0,1.0,0.0,1.0,0.0,0.0,0.0,0.0,0.0,0.0,0.0,0.0,0.0,1.0,0.0,4.0,0.6666666666666666,10
1,2,4,4,4,3,4,0,0.23,0,1,1,2,2,11,8,45,0,9,22,20,8,0.0,0.0,0.0,0.0,0.0,1.0,1.0,0.0,0.0,0.0,0.0,1.0,0.0,0.0,0.0,0.0,0.0,0.0,0.0,1.0,0.0,0.0,1.0,0.0,3.0,0.38095238095238093,6
2,4,1,1,1,2,3,1,0.12,0,1,3,21,3,1,7,37,0,1,8,8,7,0.0,0.0,1.0,0.0,0.0,0.0,0.0,0.0,1.0,0.0,0.0,1.0,1.0,0.0,0.0,0.0,0.0,0.0,0.0,0.0,0.0,0.0,1.0,0.0,1.5,0.7777777777777778,25
2,3,2,2,4,3,3,0,0.11,0,0,5,2,3,1,2,35,1,5,10,6,2,0.0,0.0,0.0,0.0,0.0,1.0,0.0,1.0,0.0,1.0,0.0,0.0,0.0,0.0,1.0,0.0,0.0,0.0,0.0,0.0,0.0,0.0,1.0,0.0,2.75,0.2857142857142857,5
3,3,2,3,2,3,3,0,0.16,0,1,5,21,2,0,2,42,1,2,11,5,3,0.0,0.0,0.0,0.0,0.0,1.0,1.0,0.0,0.0,0.0,1.0,0.0,0.0,0.0,0.0,0.0,0.0,0.0,0.0,0.0,1.0,0.0,1.0,0.0,2.75,0.5,24
4,3,2,3,2,3,3,0,0.14,0,0,3,2,4,0,0,38,0,9,14,1,0,0.0,0.0,1.0,0.0,0.0,0.0,0.0,0.0,1.0,0.0,0.0,1.0,0.0,0.0,0.0,0.0,0.0,0.0,0.0,0.0,1.0,0.0,1.0,0.0,3.0,0.0,5
4,3,2,4,1,1,3,0,0.18,0,1,3,29,3,1,7,38,0,3,9,7,7,0.0,1.0,0.0,0.0,0.0,0.0,0.0,0.0,1.0,0.0,0.0,1.0,0.0,0.0,0.0,0.0,0.0,0.0,0.0,0.0,1.0,0.0,1.0,0.0,2.5,0.875,32
3,2,2,1,3,3,3,0,0.19,0,1,1,1,1,2,0,27,0,5,6,2,2,0.0,1.0,0.0,0.0,0.0,0.0,0.0,1.0,0.0,0.0,0.0,1.0,0.0,0.0,0.0,0.0,0.0,0.0,0.0,0.0,1.0,0.0,1.0,0.0,2.5,0.6666666666666666,4
4,3,2,4,1,3,3,1,0.15,0,2,0,18,4,1,7,49,0,1,7,7,7,0.0,0.0,1.0,0.0,0.0,0.0,1.0,0.0,0.0,0.0,1.0,0.0,0.0,0.0,0.0,0.0,0.0,0.0,0.0,0.0,1.0,0.0,1.0,0.0,3.0,0.875,22
4,3,1,3,4,4,3,1,0.17,0,1,4,10,4,2,0,34,0,1,5,5,3,0.0,0.0,0.0,0.0,0.0,1.0,0.0,1.0,0.0,0.0,1.0,0.0,1.0,0.0,0.0,0.0,0.0,0.0,0.0,0.0,0.0,0.0,1.0,0.0,3.75,0.5,14
3,3,2,4,3,4,3,1,0.15,0,1,2,19,2,3,7,40,0,8,15,7,2,0.0,0.0,0.0,0.0,0.0,1.0,0.0,0.0,1.0,0.0,0.0,1.0,0.0,0.0,1.0,0.0,0.0,0.0,0.0,0.0,0.0,0.0,1.0,0.0,3.5,0.25,23
2,3,2,1,2,3,3,1,0.19,1,0,2,29,1,0,0,38,0,7,17,1,0,0.0,0.0,0.0,0.0,0.0,1.0,0.0,0.0,1.0,0.0,0.0,1.0,0.0,0.0,0.0,0.0,1.0,0.0,0.0,0.0,0.0,0.0,1.0,0.0,2.0,0.0,33
2,3,3,4,4,2,4,0,0.22,1,3,3,27,3,1,9,29,1,1,10,10,4,0.0,0.0,0.0,1.0,0.0,0.0,0.0,0.0,1.0,0.0,0.0,1.0,0.0,1.0,0.0,0.0,0.0,0.0,0.0,0.0,0.0,1.0,0.0,0.0,3.0,0.36363636363636365,31
4,4,1,2,1,2,3,1,0.16,0,1,2,5,3,2,2,22,0,1,4,4,2,0.0,0.0,1.0,0.0,0.0,0.0,0.0,0.0,1.0,0.0,1.0,0.0,1.0,0.0,0.0,0.0,0.0,0.0,0.0,0.0,0.0,0.0,1.0,0.0,2.25,0.4,9
2,3,1,4,1,3,3,0,0.13,0,0,2,18,1,1,7,36,1,1,8,8,1,0.0,0.0,0.0,0.0,0.0,1.0,0.0,1.0,0.0,1.0,0.0,0.0,0.0,0.0,1.0,0.0,0.0,0.0,0.0,0.0,0.0,0.0,1.0,0.0,2.5,0.1111111111111111,21
4,2,2,4,4,1,3,0,0.14,0,1,5,9,5,0,2,40,0,9,5,3,2,0.0,0.0,1.0,0.0,0.0,0.0,1.0,0.0,0.0,0.0,0.0,1.0,0.0,0.0,0.0,0.0,1.0,0.0,0.0,0.0,0.0,0.0,1.0,0.0,3.25,0.5,12
4,3,3,1,3,3,3,0,0.16,0,1,3,1,4,0,3,46,0,7,17,4,2,0.0,0.0,0.0,0.0,0.0,1.0,0.0,0.0,1.0,0.0,1.0,0.0,0.0,0.0,0.0,0.0,1.0,0.0,0.0,0.0,0.0,0.0,1.0,0.0,2.75,0.4,4
4,1,3,4,3,2,3,0,0.11,1,0,2,4,4,9,8,32,0,1,14,14,8,0.0,0.0,0.0,0.0,0.0,1.0,0.0,0.0,1.0,0.0,0.0,1.0,0.0,1.0,0.0,0.0,0.0,0.0,0.0,0.0,0.0,1.0,0.0,0.0,3.25,0.5333333333333333,7
3,2,3,3,3,3,4,0,0.22,0,0,2,1,1,5,8,30,0,1,12,11,8,0.0,0.0,1.0,0.0,0.0,0.0,1.0,0.0,0.0,1.0,0.0,0.0,0.0,0.0,0.0,0.0,0.0,0.0,0.0,0.0,1.0,0.0,1.0,0.0,3.0,0.6666666666666666,5
4,3,2,3,4,3,3,0,0.14,0,0,2,20,3,0,7,27,1,1,7,7,7,0.0,0.0,1.0,0.0,0.0,0.0,0.0,1.0,0.0,1.0,0.0,0.0,0.0,1.0,0.0,0.0,0.0,0.0,0.0,0.0,0.0,1.0,0.0,0.0,3.5,0.875,23
2,2,3,2,4,1,3,0,0.16,0,2,5,8,4,4,7,51,0,5,16,10,9,0.0,0.0,1.0,0.0,0.0,0.0,0.0,0.0,1.0,0.0,0.0,1.0,0.0,0.0,0.0,1.0,0.0,0.0,0.0,0.0,0.0,0.0,1.0,0.0,2.25,0.8181818181818182,11
4,3,1,1,3,3,3,1,0.11,1,0,5,3,3,0,4,30,1,5,8,5,2,0.0,1.0,0.0,0.0,0.0,0.0,0.0,0.0,1.0,1.0,0.0,0.0,1.0,0.0,0.0,0.0,0.0,0.0,0.0,0.0,0.0,0.0,1.0,0.0,2.75,0.3333333333333333,7
4,3,3,4,3,3,3,1,0.18,0,0,3,6,3,0,0,41,1,3,16,1,0,0.0,0.0,1.0,0.0,0.0,0.0,0.0,0.0,1.0,1.0,0.0,0.0,0.0,0.0,0.0,0.0,0.0,0.0,0.0,1.0,0.0,1.0,0.0,0.0,3.5,0.0,10
3,2,2,1,3,2,3,0,0.15,1,0,5,26,4,0,1,30,1,5,9,6,3,0.0,0.0,0.0,1.0,0.0,0.0,0.0,1.0,0.0,1.0,0.0,0.0,0.0,1.0,0.0,0.0,0.0,0.0,0.0,0.0,0.0,1.0,0.0,0.0,2.25,0.42857142857142855,29
3,3,1,3,4,2,3,0,0.14,1,0,1,1,3,1,5,29,0,0,7,6,2,0.0,1.0,0.0,0.0,0.0,0.0,0.0,0.0,1.0,1.0,0.0,0.0,1.0,0.0,0.0,0.0,0.0,0.0,0.0,0.0,0.0,0.0,1.0,0.0,3.0,0.2857142857142857,4
4,2,3,4,4,3,3,0,0.12,0,0,2,6,3,12,8,45,1,6,23,19,7,0.0,0.0,0.0,0.0,0.0,1.0,1.0,0.0,0.0,1.0,0.0,0.0,0.0,1.0,0.0,0.0,0.0,0.0,0.0,0.0,0.0,1.0,0.0,0.0,3.75,0.35,9
4,3,2,1,4,3,3,0,0.14,0,1,4,3,3,0,5,54,1,2,16,6,2,0.0,0.0,0.0,1.0,0.0,0.0,0.0,0.0,1.0,0.0,0.0,1.0,0.0,1.0,0.0,0.0,0.0,0.0,0.0,0.0,0.0,1.0,0.0,0.0,3.0,0.2857142857142857,6
4,3,2,2,4,4,3,0,0.16,0,0,3,5,2,3,7,36,0,8,16,13,11,0.0,0.0,1.0,0.0,0.0,0.0,0.0,0.0,1.0,1.0,0.0,0.0,0.0,0.0,1.0,0.0,0.0,0.0,0.0,0.0,0.0,0.0,1.0,0.0,3.5,0.7857142857142857,8
3,2,1,2,4,3,4,0,0.21,0,0,3,4,4,1,1,33,1,6,7,3,2,0.0,0.0,0.0,0.0,0.0,1.0,0.0,0.0,1.0,0.0,0.0,1.0,1.0,0.0,0.0,0.0,0.0,0.0,0.0,0.0,0.0,0.0,1.0,0.0,3.0,0.5,8
2,3,3,4,3,3,3,1,0.14,0,3,1,11,3,0,7,37,0,1,10,10,8,1.0,0.0,0.0,0.0,0.0,0.0,0.0,1.0,0.0,0.0,1.0,0.0,0.0,0.0,0.0,1.0,0.0,0.0,0.0,0.0,0.0,0.0,1.0,0.0,3.0,0.7272727272727273,15
1,3,3,3,3,2,3,0,0.12,0,2,6,3,3,5,13,38,0,0,17,16,10,0.0,0.0,1.0,0.0,0.0,0.0,0.0,0.0,1.0,0.0,1.0,0.0,0.0,1.0,0.0,0.0,0.0,0.0,0.0,0.0,0.0,1.0,0.0,0.0,2.25,0.5882352941176471,6
3,1,2,3,4,3,3,0,0.12,0,1,2,1,4,1,4,31,0,0,6,5,4,0.0,0.0,0.0,0.0,0.0,1.0,1.0,0.0,0.0,0.0,0.0,1.0,0.0,0.0,0.0,0.0,0.0,0.0,0.0,0.0,1.0,0.0,1.0,0.0,3.25,0.6666666666666666,4
3,2,1,4,1,3,3,0,0.17,0,1,6,3,3,0,0,59,0,3,7,1,0,0.0,0.0,1.0,0.0,0.0,0.0,0.0,0.0,1.0,0.0,0.0,1.0,1.0,0.0,0.0,0.0,0.0,0.0,0.0,0.0,0.0,0.0,1.0,0.0,2.75,0.0,6
1,3,1,4,3,3,3,0,0.17,0,1,2,4,4,5,8,37,0,4,13,9,8,0.0,0.0,0.0,1.0,0.0,0.0,0.0,1.0,0.0,0.0,1.0,0.0,0.0,0.0,0.0,0.0,0.0,1.0,0.0,0.0,0.0,1.0,0.0,0.0,2.75,0.8,7
2,3,3,4,4,3,3,0,0.14,0,1,5,1,1,4,1,29,1,1,11,11,10,0.0,0.0,0.0,0.0,0.0,1.0,0.0,1.0,0.0,0.0,0.0,1.0,0.0,1.0,0.0,0.0,0.0,0.0,0.0,0.0,0.0,1.0,0.0,0.0,3.25,0.8333333333333334,4
3,3,3,3,1,4,3,0,0.14,0,0,3,1,3,0,8,35,1,1,10,10,7,0.0,0.0,0.0,1.0,0.0,0.0,0.0,1.0,0.0,1.0,0.0,0.0,0.0,1.0,0.0,0.0,0.0,0.0,0.0,0.0,0.0,1.0,0.0,0.0,2.75,0.6363636363636364,4
3,2,1,4,3,2,3,1,0.13,1,0,3,18,1,0,1,29,0,1,4,4,3,0.0,0.0,0.0,0.0,0.0,1.0,0.0,0.0,1.0,1.0,0.0,0.0,1.0,0.0,0.0,0.0,0.0,0.0,0.0,0.0,0.0,0.0,1.0,0.0,3.0,0.6,22
3,2,1,4,2,2,3,0,0.15,0,0,3,2,3,2,2,52,1,7,6,2,2,0.0,0.0,1.0,0.0,0.0,0.0,0.0,0.0,1.0,1.0,0.0,0.0,0.0,0.0,1.0,0.0,0.0,0.0,0.0,0.0,0.0,0.0,1.0,0.0,2.75,0.6666666666666666,5
3,3,5,4,4,3,3,0,0.11,0,0,3,4,2,11,15,42,0,1,22,22,17,0.0,1.0,0.0,0.0,0.0,0.0,0.0,0.0,1.0,0.0,0.0,1.0,0.0,0.0,0.0,0.0,0.0,0.0,0.0,1.0,0.0,0.0,1.0,0.0,3.5,0.7391304347826086,7
2,3,1,3,4,2,3,0,0.17,0,0,2,6,2,2,2,59,0,8,7,2,2,0.0,0.0,0.0,0.0,0.0,1.0,0.0,0.0,1.0,0.0,0.0,1.0,0.0,0.0,0.0,0.0,0.0,0.0,1.0,0.0,0.0,0.0,0.0,1.0,2.75,0.6666666666666666,9
4,3,5,4,3,2,3,0,0.11,0,1,3,1,4,0,6,50,1,3,32,7,0,0.0,0.0,0.0,0.0,0.0,1.0,0.0,0.0,1.0,0.0,1.0,0.0,0.0,0.0,0.0,0.0,0.0,0.0,0.0,1.0,0.0,1.0,0.0,0.0,3.25,0.0,4
3,3,1,4,3,1,3,1,0.13,1,1,2,14,3,0,4,33,0,5,8,5,4,0.0,0.0,0.0,0.0,0.0,1.0,0.0,0.0,1.0,0.0,0.0,1.0,0.0,0.0,1.0,0.0,0.0,0.0,0.0,0.0,0.0,0.0,1.0,0.0,2.75,0.6666666666666666,18
4,3,4,4,3,3,4,1,0.22,0,1,3,16,3,1,9,43,1,5,22,17,13,0.0,0.0,0.0,1.0,0.0,0.0,0.0,0.0,1.0,0.0,0.0,1.0,0.0,0.0,0.0,0.0,0.0,0.0,0.0,1.0,0.0,1.0,0.0,0.0,3.5,0.7222222222222222,21
1,3,1,1,1,4,4,0,0.2,1,0,3,2,2,1,7,33,1,7,13,9,7,0.0,0.0,1.0,0.0,0.0,0.0,0.0,0.0,1.0,0.0,0.0,1.0,0.0,0.0,1.0,0.0,0.0,0.0,0.0,0.0,0.0,0.0,1.0,0.0,1.75,0.7,6
1,2,5,3,4,4,3,1,0.18,0,0,2,2,4,15,12,52,0,1,33,33,7,0.0,0.0,1.0,0.0,0.0,0.0,1.0,0.0,0.0,1.0,0.0,0.0,0.0,0.0,0.0,0.0,0.0,0.0,0.0,1.0,0.0,1.0,0.0,0.0,3.0,0.20588235294117646,6
3,3,1,2,1,3,3,0,0.11,0,1,5,4,2,1,2,32,1,2,6,4,3,0.0,0.0,1.0,0.0,0.0,0.0,0.0,0.0,1.0,0.0,0.0,1.0,0.0,0.0,0.0,0.0,0.0,1.0,0.0,0.0,0.0,1.0,0.0,0.0,2.25,0.6,7
4,2,1,3,4,1,3,1,0.14,1,0,2,1,3,1,2,32,0,0,4,3,2,0.0,0.0,1.0,0.0,0.0,0.0,0.0,0.0,1.0,1.0,0.0,0.0,0.0,0.0,1.0,0.0,0.0,0.0,0.0,0.0,0.0,0.0,1.0,0.0,3.0,0.5,5
3,3,1,3,3,3,3,0,0.14,0,3,1,1,4,1,2,39,1,7,7,3,2,0.0,0.0,0.0,0.0,0.0,1.0,0.0,0.0,1.0,0.0,1.0,0.0,0.0,0.0,1.0,0.0,0.0,0.0,0.0,0.0,0.0,0.0,1.0,0.0,3.0,0.5,4
3,3,2,4,1,3,3,0,0.18,0,0,2,26,4,2,2,32,0,0,4,3,2,0.0,0.0,0.0,1.0,0.0,0.0,1.0,0.0,0.0,0.0,0.0,1.0,0.0,1.0,0.0,0.0,0.0,0.0,0.0,0.0,0.0,1.0,0.0,0.0,2.75,0.5,29
3,3,2,1,1,2,3,0,0.16,0,2,2,19,2,0,0,41,0,2,17,1,0,0.0,0.0,1.0,0.0,0.0,0.0,0.0,0.0,1.0,0.0,1.0,0.0,1.0,0.0,0.0,0.0,0.0,0.0,0.0,0.0,0.0,0.0,1.0,0.0,1.75,0.0,22
1,3,2,4,1,3,3,0,0.17,0,2,3,24,2,4,7,40,0,1,9,9,8,0.0,1.0,0.0,0.0,0.0,0.0,0.0,0.0,1.0,0.0,1.0,0.0,1.0,0.0,0.0,0.0,0.0,0.0,0.0,0.0,0.0,0.0,1.0,0.0,2.25,0.8,27
3,4,5,4,3,3,3,0,0.11,0,1,2,1,3,1,7,45,0,0,25,24,0,1.0,0.0,0.0,0.0,0.0,0.0,0.0,0.0,1.0,0.0,0.0,1.0,0.0,0.0,0.0,0.0,0.0,0.0,0.0,1.0,0.0,0.0,1.0,0.0,3.25,0.0,4
2,3,3,3,1,3,3,0,0.12,0,1,3,3,4,2,2,31,0,9,9,2,2,0.0,0.0,0.0,0.0,0.0,1.0,0.0,1.0,0.0,0.0,1.0,0.0,0.0,0.0,0.0,1.0,0.0,0.0,0.0,0.0,0.0,0.0,1.0,0.0,2.25,0.6666666666666666,6
3,2,1,4,3,2,3,0,0.13,0,1,2,5,4,0,2,33,1,1,2,2,2,0.0,0.0,1.0,0.0,0.0,0.0,0.0,0.0,1.0,0.0,0.0,1.0,1.0,0.0,0.0,0.0,0.0,0.0,0.0,0.0,0.0,0.0,1.0,0.0,3.0,0.6666666666666666,8
4,2,2,1,2,3,3,0,0.13,0,1,3,2,4,5,9,34,0,6,13,11,9,0.0,0.0,1.0,0.0,0.0,0.0,0.0,0.0,1.0,0.0,0.0,1.0,0.0,0.0,0.0,0.0,0.0,0.0,0.0,0.0,1.0,0.0,1.0,0.0,2.5,0.75,5
3,2,1,1,1,2,3,0,0.14,0,1,2,1,2,0,2,37,1,2,17,3,1,0.0,0.0,0.0,0.0,0.0,1.0,0.0,0.0,1.0,0.0,0.0,1.0,1.0,0.0,0.0,0.0,0.0,0.0,0.0,0.0,0.0,0.0,1.0,0.0,1.75,0.25,4
1,4,2,3,4,3,3,0,0.17,0,1,1,7,4,0,2,45,0,4,9,3,2,0.0,0.0,1.0,0.0,0.0,0.0,0.0,1.0,0.0,0.0,0.0,1.0,0.0,0.0,0.0,0.0,0.0,0.0,0.0,0.0,1.0,0.0,1.0,0.0,2.75,0.5,10
1,3,3,3,2,3,3,0,0.11,1,2,5,10,3,0,0,37,0,6,17,1,0,0.0,0.0,0.0,0.0,0.0,1.0,0.0,1.0,0.0,0.0,1.0,0.0,0.0,0.0,0.0,0.0,0.0,0.0,0.0,0.0,1.0,0.0,1.0,0.0,2.25,0.0,13
3,3,3,3,4,3,4,0,0.25,0,0,1,2,4,11,8,39,1,0,20,19,6,0.0,1.0,0.0,0.0,0.0,0.0,0.0,1.0,0.0,1.0,0.0,0.0,0.0,0.0,0.0,0.0,1.0,0.0,0.0,0.0,0.0,0.0,1.0,0.0,3.25,0.3,6
3,3,1,4,1,3,3,0,0.19,0,0,1,15,3,1,5,29,0,1,6,6,5,0.0,0.0,1.0,0.0,0.0,0.0,0.0,0.0,1.0,1.0,0.0,0.0,1.0,0.0,0.0,0.0,0.0,0.0,0.0,0.0,0.0,0.0,1.0,0.0,2.75,0.7142857142857143,18
4,4,2,1,3,3,3,1,0.13,0,0,1,17,2,0,2,42,1,3,10,3,2,0.0,0.0,1.0,0.0,0.0,0.0,0.0,0.0,1.0,1.0,0.0,0.0,1.0,0.0,0.0,0.0,0.0,0.0,0.0,0.0,0.0,0.0,1.0,0.0,2.75,0.5,21
4,3,2,4,4,3,3,0,0.14,0,1,2,20,2,0,2,29,0,2,10,3,2,0.0,0.0,0.0,1.0,0.0,0.0,0.0,0.0,1.0,0.0,1.0,0.0,0.0,1.0,0.0,0.0,0.0,0.0,0.0,0.0,0.0,1.0,0.0,0.0,3.75,0.5,23
1,3,2,3,4,3,3,0,0.12,0,2,3,1,3,1,2,25,1,0,5,4,2,0.0,0.0,1.0,0.0,0.0,0.0,0.0,0.0,1.0,0.0,0.0,1.0,0.0,0.0,0.0,0.0,0.0,0.0,0.0,0.0,1.0,0.0,1.0,0.0,2.75,0.4,4
4,2,1,1,3,3,3,1,0.11,0,1,4,2,3,7,8,42,1,0,10,9,6,0.0,0.0,0.0,0.0,0.0,1.0,0.0,0.0,1.0,0.0,1.0,0.0,0.0,0.0,1.0,0.0,0.0,0.0,0.0,0.0,0.0,0.0,1.0,0.0,2.75,0.6,6
1,3,5,3,4,3,3,0,0.19,0,1,5,2,2,3,9,40,0,0,22,21,7,0.0,0.0,0.0,0.0,0.0,1.0,0.0,0.0,1.0,0.0,1.0,0.0,0.0,0.0,0.0,1.0,0.0,0.0,0.0,0.0,0.0,0.0,1.0,0.0,2.75,0.3181818181818182,5
3,3,1,4,2,2,3,0,0.11,0,0,0,1,3,0,0,51,0,1,1,1,0,0.0,0.0,1.0,0.0,0.0,0.0,0.0,0.0,1.0,0.0,0.0,1.0,1.0,0.0,0.0,0.0,0.0,0.0,0.0,0.0,0.0,0.0,1.0,0.0,2.75,0.0,4
3,2,1,2,2,4,3,0,0.11,1,0,2,29,2,1,4,31,0,0,6,5,4,0.0,0.0,0.0,0.0,0.0,1.0,0.0,1.0,0.0,1.0,0.0,0.0,0.0,0.0,1.0,0.0,0.0,0.0,0.0,0.0,0.0,0.0,1.0,0.0,2.75,0.6666666666666666,32
2,4,1,2,3,1,4,0,0.2,0,0,3,7,3,0,3,32,0,1,5,5,1,0.0,0.0,1.0,0.0,0.0,0.0,0.0,1.0,0.0,0.0,0.0,1.0,0.0,0.0,1.0,0.0,0.0,0.0,0.0,0.0,0.0,0.0,1.0,0.0,2.0,0.16666666666666666,11
4,2,2,4,4,3,3,0,0.18,0,1,0,2,2,7,5,38,0,3,13,8,7,0.0,0.0,1.0,0.0,0.0,0.0,1.0,0.0,0.0,0.0,0.0,1.0,0.0,1.0,0.0,0.0,0.0,0.0,0.0,0.0,0.0,1.0,0.0,0.0,3.75,0.7777777777777778,5
4,2,2,1,4,3,3,0,0.13,0,0,5,2,1,0,4,32,0,4,9,6,2,0.0,1.0,0.0,0.0,0.0,0.0,0.0,0.0,1.0,1.0,0.0,0.0,0.0,0.0,1.0,0.0,0.0,0.0,0.0,0.0,0.0,0.0,1.0,0.0,3.0,0.2857142857142857,5
3,1,4,2,2,2,3,1,0.12,0,1,2,2,3,7,7,46,1,3,28,7,7,0.0,1.0,0.0,0.0,0.0,0.0,0.0,0.0,1.0,0.0,0.0,1.0,0.0,0.0,0.0,0.0,0.0,0.0,0.0,1.0,0.0,1.0,0.0,0.0,2.25,0.875,6
1,3,1,3,3,1,3,0,0.11,1,0,5,2,4,0,0,28,0,2,5,0,0,0.0,0.0,1.0,0.0,0.0,0.0,0.0,0.0,1.0,1.0,0.0,0.0,0.0,0.0,1.0,0.0,0.0,0.0,0.0,0.0,0.0,0.0,1.0,0.0,2.0,0.0,5
1,2,2,2,2,3,3,0,0.19,0,2,2,2,3,0,0,29,0,2,10,0,0,0.0,0.0,0.0,0.0,0.0,1.0,0.0,0.0,1.0,0.0,0.0,1.0,0.0,1.0,0.0,0.0,0.0,0.0,0.0,0.0,0.0,1.0,0.0,0.0,2.0,0.0,5
2,2,2,4,2,3,4,0,0.21,0,1,2,23,3,7,8,31,0,0,10,9,0,0.0,0.0,0.0,0.0,0.0,1.0,0.0,0.0,1.0,0.0,0.0,1.0,0.0,0.0,0.0,0.0,1.0,0.0,0.0,0.0,0.0,0.0,1.0,0.0,2.75,0.0,27
2,4,2,1,4,3,3,0,0.12,0,2,2,5,2,1,5,25,0,1,6,6,3,0.0,0.0,1.0,0.0,0.0,0.0,1.0,0.0,0.0,0.0,1.0,0.0,0.0,0.0,0.0,0.0,1.0,0.0,0.0,0.0,0.0,0.0,1.0,0.0,2.5,0.42857142857142855,8
3,3,4,4,2,3,3,1,0.14,0,0,2,20,2,4,10,45,0,0,21,20,7,0.0,0.0,0.0,0.0,0.0,1.0,0.0,0.0,1.0,0.0,0.0,1.0,0.0,0.0,0.0,0.0,1.0,0.0,0.0,0.0,0.0,0.0,1.0,0.0,3.0,0.3333333333333333,24
4,3,1,4,3,3,3,0,0.11,0,1,4,6,3,10,11,36,0,0,16,15,13,0.0,0.0,1.0,0.0,0.0,0.0,0.0,0.0,1.0,0.0,0.0,1.0,0.0,0.0,1.0,0.0,0.0,0.0,0.0,0.0,0.0,0.0,1.0,0.0,3.5,0.8125,9
4,3,5,1,3,3,3,1,0.14,0,0,2,1,3,4,13,55,0,0,37,36,10,0.0,0.0,0.0,0.0,0.0,1.0,0.0,0.0,1.0,1.0,0.0,0.0,0.0,0.0,0.0,0.0,0.0,0.0,0.0,1.0,0.0,0.0,1.0,0.0,2.75,0.2702702702702703,5
1,3,3,2,4,2,3,1,0.12,1,1,2,29,4,9,9,47,0,1,10,10,7,0.0,0.0,1.0,0.0,0.0,0.0,1.0,0.0,0.0,0.0,0.0,1.0,0.0,0.0,0.0,0.0,0.0,0.0,0.0,1.0,0.0,0.0,1.0,0.0,2.25,0.6363636363636364,33
4,3,1,4,4,2,4,0,0.23,0,1,3,9,3,0,4,28,0,1,5,5,2,0.0,0.0,0.0,0.0,0.0,1.0,0.0,0.0,1.0,0.0,0.0,1.0,1.0,0.0,0.0,0.0,0.0,0.0,0.0,0.0,0.0,0.0,1.0,0.0,3.5,0.3333333333333333,13
3,3,2,4,2,4,3,0,0.14,0,1,5,6,4,0,1,37,0,4,7,5,4,0.0,0.0,0.0,0.0,0.0,1.0,0.0,0.0,1.0,0.0,0.0,1.0,0.0,1.0,0.0,0.0,0.0,0.0,0.0,0.0,0.0,1.0,0.0,0.0,3.25,0.6666666666666666,9
4,2,1,3,1,4,3,0,0.17,0,0,4,3,2,1,0,21,0,1,3,3,2,0.0,0.0,0.0,0.0,0.0,1.0,0.0,0.0,1.0,1.0,0.0,0.0,1.0,0.0,0.0,0.0,0.0,0.0,0.0,0.0,0.0,0.0,1.0,0.0,3.0,0.5,6
1,3,3,4,1,3,3,1,0.18,0,2,2,1,4,0,2,37,1,2,15,5,2,0.0,0.0,0.0,0.0,0.0,1.0,1.0,0.0,0.0,0.0,1.0,0.0,0.0,0.0,0.0,1.0,0.0,0.0,0.0,0.0,0.0,0.0,1.0,0.0,2.25,0.3333333333333333,5
2,4,3,2,2,2,3,0,0.18,0,1,6,22,3,6,2,35,1,7,10,7,7,0.0,0.0,1.0,0.0,0.0,0.0,0.0,0.0,1.0,0.0,1.0,0.0,0.0,0.0,0.0,0.0,0.0,0.0,0.0,1.0,0.0,0.0,1.0,0.0,2.0,0.875,25
1,4,2,1,3,3,4,1,0.24,0,1,3,7,2,7,7,38,1,1,8,8,0,0.0,0.0,0.0,0.0,0.0,1.0,0.0,0.0,1.0,0.0,1.0,0.0,0.0,1.0,0.0,0.0,0.0,0.0,0.0,0.0,0.0,1.0,0.0,0.0,2.0,0.0,12
3,3,2,2,1,1,4,0,0.2,0,1,6,1,3,1,4,26,1,1,6,6,5,0.0,0.0,1.0,0.0,0.0,0.0,0.0,1.0,0.0,0.0,1.0,0.0,0.0,0.0,0.0,0.0,0.0,0.0,0.0,0.0,1.0,0.0,1.0,0.0,1.75,0.7142857142857143,5
1,3,5,2,1,2,3,0,0.14,0,2,4,4,1,1,6,50,0,3,28,10,4,0.0,0.0,1.0,0.0,0.0,0.0,0.0,0.0,1.0,0.0,1.0,0.0,0.0,0.0,0.0,1.0,0.0,0.0,0.0,0.0,0.0,0.0,1.0,0.0,1.5,0.36363636363636365,7
3,3,4,3,4,2,3,1,0.16,0,3,5,3,4,1,3,53,0,3,21,5,3,0.0,0.0,0.0,0.0,0.0,1.0,0.0,0.0,1.0,0.0,0.0,1.0,0.0,0.0,0.0,1.0,0.0,0.0,0.0,0.0,0.0,0.0,1.0,0.0,3.0,0.5,7
2,3,2,3,3,3,4,0,0.25,0,0,3,1,1,11,6,42,0,1,20,20,16,0.0,0.0,1.0,0.0,0.0,0.0,0.0,0.0,1.0,0.0,0.0,1.0,0.0,1.0,0.0,0.0,0.0,0.0,0.0,0.0,0.0,1.0,0.0,0.0,2.75,0.7619047619047619,5
2,3,2,4,1,2,3,0,0.18,0,0,3,2,2,0,9,29,0,1,10,10,7,0.0,0.0,1.0,0.0,0.0,0.0,0.0,1.0,0.0,1.0,0.0,0.0,0.0,1.0,0.0,0.0,0.0,0.0,0.0,0.0,0.0,1.0,0.0,0.0,2.25,0.6363636363636364,5
2,3,2,4,4,3,3,1,0.19,0,1,4,20,2,0,8,55,0,3,12,10,7,0.0,1.0,0.0,0.0,0.0,0.0,0.0,0.0,1.0,0.0,0.0,1.0,0.0,0.0,1.0,0.0,0.0,0.0,0.0,0.0,0.0,0.0,1.0,0.0,3.25,0.6363636363636364,24
1,3,2,1,3,3,3,1,0.13,0,1,3,11,2,3,3,26,0,1,5,5,3,0.0,0.0,0.0,0.0,0.0,1.0,0.0,1.0,0.0,0.0,0.0,1.0,0.0,0.0,0.0,0.0,1.0,0.0,0.0,0.0,0.0,0.0,1.0,0.0,2.0,0.5,15
4,3,1,4,2,3,3,0,0.12,0,0,3,1,3,5,7,37,1,1,17,17,12,0.0,0.0,1.0,0.0,0.0,0.0,0.0,0.0,1.0,1.0,0.0,0.0,1.0,0.0,0.0,0.0,0.0,0.0,0.0,0.0,0.0,0.0,1.0,0.0,3.25,0.6666666666666666,4
4,3,1,3,4,1,4,1,0.22,1,1,0,24,3,0,0,44,0,3,19,1,0,0.0,0.0,1.0,0.0,0.0,0.0,0.0,1.0,0.0,0.0,1.0,0.0,0.0,0.0,1.0,0.0,0.0,0.0,0.0,0.0,0.0,0.0,1.0,0.0,3.0,0.0,29
4,3,2,4,2,3,3,0,0.14,0,1,2,23,4,1,2,38,0,9,10,2,2,0.0,0.0,1.0,0.0,0.0,0.0,0.0,0.0,1.0,0.0,1.0,0.0,0.0,0.0,0.0,0.0,1.0,0.0,0.0,0.0,0.0,0.0,1.0,0.0,3.25,0.6666666666666666,26
1,3,1,2,4,3,3,1,0.13,1,1,2,16,4,0,2,26,0,2,5,3,2,0.0,0.0,0.0,0.0,0.0,1.0,0.0,0.0,1.0,0.0,1.0,0.0,0.0,0.0,1.0,0.0,0.0,0.0,0.0,0.0,0.0,0.0,1.0,0.0,2.5,0.5,20
4,3,1,4,4,3,4,0,0.21,0,0,3,8,2,0,2,28,1,1,5,5,3,0.0,0.0,1.0,0.0,0.0,0.0,0.0,0.0,1.0,1.0,0.0,0.0,1.0,0.0,0.0,0.0,0.0,0.0,0.0,0.0,0.0,0.0,1.0,0.0,3.75,0.5,12
3,3,5,1,4,3,3,1,0.11,0,0,4,10,4,1,2,49,1,9,22,3,2,0.0,0.0,1.0,0.0,0.0,0.0,0.0,1.0,0.0,1.0,0.0,0.0,0.0,0.0,0.0,1.0,0.0,0.0,0.0,0.0,0.0,0.0,1.0,0.0,2.75,0.5,14
3,3,2,2,4,3,3,0,0.12,0,0,2,3,3,7,7,36,0,4,10,8,0,0.0,1.0,0.0,0.0,0.0,0.0,0.0,0.0,1.0,1.0,0.0,0.0,1.0,0.0,0.0,0.0,0.0,0.0,0.0,0.0,0.0,0.0,1.0,0.0,3.0,0.0,6
4,3,1,2,3,2,3,0,0.11,0,1,5,5,3,2,2,31,1,1,2,2,2,0.0,0.0,0.0,1.0,0.0,0.0,0.0,1.0,0.0,0.0,1.0,0.0,0.0,0.0,0.0,0.0,0.0,1.0,0.0,0.0,0.0,1.0,0.0,0.0,2.75,0.6666666666666666,8
4,2,2,4,2,3,3,1,0.12,1,0,0,4,4,7,4,26,0,1,8,8,7,0.0,0.0,0.0,1.0,0.0,0.0,0.0,0.0,1.0,1.0,0.0,0.0,0.0,1.0,0.0,0.0,0.0,0.0,0.0,0.0,0.0,1.0,0.0,0.0,3.25,0.7777777777777778,8
2,3,1,4,3,2,3,1,0.12,0,3,3,9,3,1,2,37,0,1,4,4,2,0.0,0.0,0.0,0.0,0.0,1.0,0.0,1.0,0.0,0.0,0.0,1.0,1.0,0.0,0.0,0.0,0.0,0.0,0.0,0.0,0.0,0.0,1.0,0.0,2.75,0.4,13
3,3,4,2,4,4,3,0,0.14,0,1,2,26,3,4,8,42,1,5,23,20,4,0.0,0.0,0.0,1.0,0.0,0.0,0.0,1.0,0.0,0.0,0.0,1.0,0.0,1.0,0.0,0.0,0.0,0.0,0.0,0.0,0.0,1.0,0.0,0.0,3.25,0.19047619047619047,29
3,3,1,3,3,3,3,0,0.13,1,0,2,3,3,0,0,18,0,1,0,0,0,0.0,0.0,1.0,0.0,0.0,0.0,0.0,0.0,1.0,1.0,0.0,0.0,0.0,0.0,1.0,0.0,0.0,0.0,0.0,0.0,0.0,0.0,1.0,0.0,3.0,0.0,6
3,3,3,2,3,2,3,0,0.15,0,2,3,16,3,6,9,35,0,0,12,11,9,0.0,0.0,0.0,1.0,0.0,0.0,0.0,0.0,1.0,0.0,0.0,1.0,0.0,1.0,0.0,0.0,0.0,0.0,0.0,0.0,0.0,1.0,0.0,0.0,2.5,0.75,19
3,4,1,4,4,3,3,0,0.18,0,2,2,18,4,0,0,36,0,4,4,1,0,0.0,0.0,1.0,0.0,0.0,0.0,0.0,1.0,0.0,0.0,0.0,1.0,0.0,0.0,1.0,0.0,0.0,0.0,0.0,0.0,0.0,0.0,1.0,0.0,3.5,0.0,21
4,1,2,2,4,3,3,0,0.18,0,1,3,2,3,1,2,51,0,5,13,4,1,0.0,0.0,0.0,0.0,0.0,1.0,0.0,0.0,1.0,0.0,1.0,0.0,0.0,0.0,0.0,0.0,0.0,0.0,0.0,0.0,1.0,0.0,1.0,0.0,3.25,0.2,5
4,3,4,2,2,3,3,0,0.19,0,0,2,2,4,0,4,41,0,1,22,22,10,0.0,0.0,1.0,0.0,0.0,0.0,0.0,0.0,1.0,1.0,0.0,0.0,0.0,0.0,0.0,0.0,0.0,0.0,0.0,1.0,0.0,1.0,0.0,0.0,2.75,0.43478260869565216,5
4,2,1,3,1,3,3,0,0.12,0,0,2,10,3,0,0,18,1,1,0,0,0,0.0,0.0,0.0,0.0,0.0,1.0,0.0,0.0,1.0,1.0,0.0,0.0,0.0,0.0,0.0,0.0,0.0,1.0,0.0,0.0,0.0,1.0,0.0,0.0,2.75,0.0,13
2,4,2,1,3,3,3,0,0.19,0,0,2,16,2,0,7,28,0,0,9,8,3,0.0,0.0,0.0,0.0,0.0,1.0,0.0,0.0,1.0,1.0,0.0,0.0,0.0,0.0,0.0,0.0,1.0,0.0,0.0,0.0,0.0,0.0,1.0,0.0,2.25,0.3333333333333333,19
2,4,2,4,2,2,3,0,0.11,0,1,3,7,3,7,7,31,0,4,10,8,7,0.0,1.0,0.0,0.0,0.0,0.0,0.0,0.0,1.0,0.0,0.0,1.0,0.0,1.0,0.0,0.0,0.0,0.0,0.0,0.0,0.0,1.0,0.0,0.0,2.5,0.7777777777777778,10
3,4,3,4,1,2,3,0,0.17,0,3,5,1,3,3,7,39,0,0,19,18,10,0.0,0.0,0.0,0.0,0.0,1.0,0.0,0.0,1.0,0.0,1.0,0.0,0.0,0.0,0.0,0.0,1.0,0.0,0.0,0.0,0.0,0.0,1.0,0.0,2.5,0.5263157894736842,4
2,3,2,2,3,3,3,0,0.15,0,1,3,24,4,0,8,36,1,7,11,9,8,0.0,0.0,1.0,0.0,0.0,0.0,1.0,0.0,0.0,0.0,0.0,1.0,0.0,0.0,1.0,0.0,0.0,0.0,0.0,0.0,0.0,0.0,1.0,0.0,2.5,0.8,27
4,2,2,3,3,2,3,0,0.14,0,1,3,7,3,4,8,32,0,1,13,13,8,0.0,0.0,1.0,0.0,0.0,0.0,0.0,0.0,1.0,0.0,0.0,1.0,0.0,1.0,0.0,0.0,0.0,0.0,0.0,0.0,0.0,1.0,0.0,0.0,3.0,0.5714285714285714,10
1,2,3,2,3,3,3,0,0.17,0,1,2,25,2,0,1,38,1,3,19,10,8,0.0,0.0,1.0,0.0,0.0,0.0,0.0,0.0,1.0,0.0,0.0,1.0,0.0,0.0,0.0,1.0,0.0,0.0,0.0,0.0,0.0,0.0,1.0,0.0,2.25,0.7272727272727273,28
4,1,2,3,4,3,3,1,0.13,0,1,2,1,4,1,2,58,0,2,12,5,3,0.0,0.0,1.0,0.0,0.0,0.0,1.0,0.0,0.0,0.0,1.0,0.0,0.0,0.0,0.0,0.0,1.0,0.0,0.0,0.0,0.0,0.0,1.0,0.0,3.5,0.5,5
3,3,1,4,3,3,3,1,0.12,0,1,4,5,4,0,3,31,0,0,6,5,2,0.0,1.0,0.0,0.0,0.0,0.0,0.0,0.0,1.0,0.0,0.0,1.0,1.0,0.0,0.0,0.0,0.0,0.0,0.0,0.0,0.0,0.0,1.0,0.0,3.25,0.3333333333333333,9
1,2,2,1,4,3,3,0,0.12,0,0,1,2,3,1,0,31,0,3,9,2,2,0.0,0.0,0.0,0.0,1.0,0.0,0.0,0.0,1.0,0.0,0.0,1.0,0.0,0.0,0.0,0.0,0.0,0.0,1.0,0.0,0.0,0.0,0.0,1.0,2.25,0.6666666666666666,5
1,3,3,1,1,3,3,0,0.18,0,1,2,7,3,9,11,45,0,1,24,24,9,0.0,0.0,1.0,0.0,0.0,0.0,0.0,1.0,0.0,0.0,1.0,0.0,0.0,0.0,1.0,0.0,0.0,0.0,0.0,0.0,0.0,0.0,1.0,0.0,1.5,0.36,10
3,3,1,4,2,1,3,1,0.18,0,1,2,2,4,2,2,31,0,0,3,2,2,0.0,0.0,1.0,0.0,0.0,0.0,0.0,0.0,1.0,0.0,1.0,0.0,1.0,0.0,0.0,0.0,0.0,0.0,0.0,0.0,0.0,0.0,1.0,0.0,2.5,0.6666666666666666,6
4,3,3,2,2,3,3,0,0.11,0,2,2,5,4,8,8,33,1,6,12,10,6,0.0,0.0,1.0,0.0,0.0,0.0,0.0,1.0,0.0,0.0,0.0,1.0,0.0,0.0,0.0,0.0,0.0,0.0,0.0,1.0,0.0,0.0,1.0,0.0,2.75,0.5454545454545454,8
3,3,4,1,4,3,3,1,0.14,0,0,3,10,1,11,10,39,0,1,21,21,9,0.0,0.0,0.0,0.0,0.0,1.0,0.0,0.0,1.0,0.0,0.0,1.0,0.0,0.0,0.0,0.0,0.0,0.0,0.0,1.0,0.0,0.0,1.0,0.0,2.75,0.4090909090909091,14
3,3,1,4,1,3,3,0,0.19,0,0,5,10,4,1,7,43,1,0,9,8,7,0.0,0.0,1.0,0.0,0.0,0.0,0.0,1.0,0.0,1.0,0.0,0.0,0.0,0.0,1.0,0.0,0.0,0.0,0.0,0.0,0.0,0.0,1.0,0.0,2.75,0.7777777777777778,13
3,2,4,3,4,3,3,1,0.12,0,0,2,1,2,0,7,49,1,7,25,7,1,0.0,1.0,0.0,0.0,0.0,0.0,0.0,0.0,1.0,1.0,0.0,0.0,0.0,0.0,0.0,0.0,1.0,0.0,0.0,0.0,0.0,0.0,1.0,0.0,3.25,0.125,5
3,2,2,2,1,2,3,0,0.15,1,0,3,8,4,7,7,52,0,2,11,8,2,0.0,0.0,0.0,0.0,0.0,1.0,0.0,0.0,1.0,0.0,0.0,1.0,1.0,0.0,0.0,0.0,0.0,0.0,0.0,0.0,0.0,0.0,1.0,0.0,2.0,0.2222222222222222,11
3,3,1,2,2,2,3,1,0.12,0,0,2,5,3,1,2,27,1,1,4,4,3,0.0,0.0,1.0,0.0,0.0,0.0,0.0,0.0,1.0,1.0,0.0,0.0,1.0,0.0,0.0,0.0,0.0,0.0,0.0,0.0,0.0,0.0,1.0,0.0,2.25,0.6,9
3,2,2,2,4,3,3,1,0.11,0,0,2,8,2,11,9,32,1,1,13,13,12,0.0,1.0,0.0,0.0,0.0,0.0,0.0,0.0,1.0,0.0,0.0,1.0,0.0,1.0,0.0,0.0,0.0,0.0,0.0,0.0,0.0,1.0,0.0,0.0,3.0,0.8571428571428571,12
4,3,2,3,1,3,3,1,0.11,0,0,3,2,3,0,4,27,0,1,5,5,4,0.0,0.0,1.0,0.0,0.0,0.0,0.0,0.0,1.0,1.0,0.0,0.0,0.0,1.0,0.0,0.0,0.0,0.0,0.0,0.0,0.0,1.0,0.0,0.0,2.75,0.6666666666666666,6
4,3,2,4,4,3,3,0,0.12,0,3,3,7,3,1,7,31,0,4,13,7,7,0.0,0.0,0.0,1.0,0.0,0.0,0.0,0.0,1.0,0.0,1.0,0.0,0.0,1.0,0.0,0.0,0.0,0.0,0.0,0.0,0.0,1.0,0.0,0.0,3.75,0.875,10
1,4,2,4,3,2,3,0,0.16,0,0,0,2,4,0,7,32,1,7,10,7,7,0.0,0.0,0.0,0.0,0.0,1.0,0.0,0.0,1.0,1.0,0.0,0.0,1.0,0.0,0.0,0.0,0.0,0.0,0.0,0.0,0.0,0.0,1.0,0.0,2.5,0.875,5
1,1,1,4,4,2,3,1,0.13,1,0,4,2,4,2,2,28,0,5,5,3,2,0.0,0.0,0.0,0.0,0.0,1.0,0.0,0.0,1.0,0.0,0.0,1.0,1.0,0.0,0.0,0.0,0.0,0.0,0.0,0.0,0.0,0.0,1.0,0.0,2.75,0.5,6
4,3,2,4,4,3,3,0,0.13,0,2,2,28,2,1,9,30,1,1,11,10,8,0.0,0.0,0.0,0.0,0.0,1.0,0.0,0.0,1.0,0.0,0.0,1.0,1.0,0.0,0.0,0.0,0.0,0.0,0.0,0.0,0.0,0.0,1.0,0.0,3.75,0.7272727272727273,31
3,2,3,3,1,3,4,0,0.24,0,1,2,7,2,8,9,31,1,1,10,10,9,0.0,0.0,1.0,0.0,0.0,0.0,0.0,1.0,0.0,0.0,0.0,1.0,0.0,0.0,0.0,0.0,0.0,0.0,0.0,0.0,1.0,0.0,1.0,0.0,2.5,0.8181818181818182,11
3,2,5,4,1,3,3,0,0.15,0,1,2,7,2,13,3,39,0,1,21,21,9,0.0,0.0,0.0,0.0,0.0,1.0,0.0,1.0,0.0,0.0,0.0,1.0,0.0,0.0,0.0,0.0,0.0,0.0,0.0,1.0,0.0,0.0,1.0,0.0,2.75,0.4090909090909091,10
4,3,2,3,1,2,3,1,0.18,1,0,3,3,2,0,0,39,1,4,12,1,0,0.0,0.0,0.0,0.0,0.0,1.0,0.0,0.0,1.0,0.0,0.0,1.0,0.0,1.0,0.0,0.0,0.0,0.0,0.0,0.0,0.0,1.0,0.0,0.0,2.5,0.0,7
2,2,2,4,3,2,3,0,0.14,0,0,6,10,3,0,1,33,0,3,9,7,7,0.0,0.0,0.0,1.0,0.0,0.0,0.0,1.0,0.0,1.0,0.0,0.0,0.0,1.0,0.0,0.0,0.0,0.0,0.0,0.0,0.0,1.0,0.0,0.0,2.75,0.875,13
4,3,5,3,2,3,3,0,0.11,0,1,2,5,5,1,1,47,0,4,21,3,2,0.0,0.0,1.0,0.0,0.0,0.0,0.0,0.0,1.0,0.0,0.0,1.0,0.0,0.0,0.0,1.0,0.0,0.0,0.0,0.0,0.0,0.0,1.0,0.0,3.0,0.5,8
3,2,2,3,2,4,3,0,0.11,0,1,3,10,4,0,0,43,1,1,9,9,7,0.0,0.0,1.0,0.0,0.0,0.0,0.0,1.0,0.0,0.0,1.0,0.0,0.0,0.0,1.0,0.0,0.0,0.0,0.0,0.0,0.0,0.0,1.0,0.0,3.0,0.7,13
3,3,2,2,4,3,3,1,0.13,0,1,0,1,1,1,4,27,0,0,6,5,4,0.0,0.0,0.0,1.0,0.0,0.0,1.0,0.0,0.0,0.0,0.0,1.0,0.0,1.0,0.0,0.0,0.0,0.0,0.0,0.0,0.0,1.0,0.0,0.0,3.0,0.6666666666666666,5
4,3,2,3,4,2,3,0,0.12,0,0,4,20,4,0,3,54,1,3,20,4,3,0.0,0.0,1.0,0.0,0.0,0.0,0.0,1.0,0.0,1.0,0.0,0.0,1.0,0.0,0.0,0.0,0.0,0.0,0.0,0.0,0.0,0.0,1.0,0.0,3.25,0.6,23
3,3,3,1,1,2,3,0,0.16,0,1,1,7,3,0,0,43,1,8,10,1,0,0.0,0.0,1.0,0.0,0.0,0.0,0.0,0.0,1.0,0.0,0.0,1.0,0.0,0.0,0.0,0.0,1.0,0.0,0.0,0.0,0.0,0.0,1.0,0.0,1.75,0.0,10
4,3,2,4,1,3,3,0,0.14,0,2,3,8,4,9,8,45,0,9,12,10,9,1.0,0.0,0.0,0.0,0.0,0.0,0.0,0.0,1.0,0.0,0.0,1.0,1.0,0.0,0.0,0.0,0.0,0.0,0.0,0.0,0.0,0.0,1.0,0.0,3.0,0.8181818181818182,11
2,1,2,4,3,2,4,1,0.22,0,3,2,1,2,0,2,40,0,2,6,4,3,0.0,0.0,0.0,0.0,0.0,1.0,0.0,0.0,1.0,0.0,0.0,1.0,0.0,1.0,0.0,0.0,0.0,0.0,0.0,0.0,0.0,1.0,0.0,0.0,2.75,0.6,6
2,1,1,1,4,2,3,1,0.11,1,0,4,8,4,0,7,29,0,1,7,7,7,1.0,0.0,0.0,0.0,0.0,0.0,0.0,0.0,1.0,0.0,0.0,1.0,0.0,0.0,1.0,0.0,0.0,0.0,0.0,0.0,0.0,0.0,1.0,0.0,2.25,0.875,12
2,2,1,4,3,3,3,0,0.17,0,0,2,9,5,2,2,29,0,0,4,3,2,1.0,0.0,0.0,0.0,0.0,0.0,0.0,0.0,1.0,1.0,0.0,0.0,0.0,0.0,1.0,0.0,0.0,0.0,0.0,0.0,0.0,0.0,1.0,0.0,3.0,0.5,12
4,2,2,3,3,3,3,0,0.13,0,3,2,5,3,1,2,30,1,1,10,10,9,0.0,0.0,0.0,1.0,0.0,0.0,0.0,0.0,1.0,0.0,1.0,0.0,0.0,1.0,0.0,0.0,0.0,0.0,0.0,0.0,0.0,1.0,0.0,0.0,3.25,0.8181818181818182,8
2,3,2,2,1,3,3,0,0.18,0,1,3,8,4,0,7,27,1,1,8,8,7,0.0,0.0,0.0,1.0,0.0,0.0,0.0,0.0,1.0,0.0,0.0,1.0,0.0,1.0,0.0,0.0,0.0,0.0,0.0,0.0,0.0,1.0,0.0,0.0,2.0,0.7777777777777778,11
4,3,2,4,3,2,3,0,0.16,0,2,2,5,2,0,4,37,0,7,8,6,2,0.0,0.0,0.0,0.0,0.0,1.0,0.0,0.0,1.0,0.0,1.0,0.0,0.0,0.0,0.0,0.0,0.0,0.0,0.0,0.0,1.0,0.0,1.0,0.0,3.25,0.2857142857142857,8
3,2,3,4,2,3,3,1,0.14,0,1,3,15,2,2,9,38,0,0,12,11,10,0.0,0.0,1.0,0.0,0.0,0.0,0.0,0.0,1.0,0.0,1.0,0.0,0.0,0.0,0.0,1.0,0.0,0.0,0.0,0.0,0.0,0.0,1.0,0.0,3.0,0.8333333333333334,19
3,3,3,4,3,2,3,1,0.14,0,0,2,7,4,4,10,31,1,1,11,11,9,0.0,0.0,0.0,0.0,0.0,1.0,0.0,0.0,1.0,1.0,0.0,0.0,0.0,0.0,0.0,0.0,0.0,0.0,0.0,0.0,1.0,0.0,1.0,0.0,3.0,0.75,11
4,2,2,2,1,3,3,1,0.14,0,2,2,10,1,1,7,29,1,1,7,7,7,0.0,0.0,0.0,1.0,0.0,0.0,0.0,0.0,1.0,0.0,1.0,0.0,0.0,1.0,0.0,0.0,0.0,0.0,0.0,0.0,0.0,1.0,0.0,0.0,2.5,0.875,14
3,3,3,2,4,3,3,0,0.13,0,0,5,5,4,0,13,35,0,0,17,16,6,0.0,1.0,0.0,0.0,0.0,0.0,0.0,0.0,1.0,1.0,0.0,0.0,0.0,0.0,0.0,0.0,0.0,0.0,0.0,0.0,1.0,0.0,1.0,0.0,3.0,0.35294117647058826,8
3,3,1,4,3,2,3,0,0.12,0,2,2,26,1,0,2,23,0,1,4,4,2,0.0,0.0,1.0,0.0,0.0,0.0,0.0,0.0,1.0,0.0,1.0,0.0,1.0,0.0,0.0,0.0,0.0,0.0,0.0,0.0,0.0,0.0,1.0,0.0,3.0,0.4,29
4,2,2,2,4,3,3,1,0.15,0,0,3,6,3,1,2,41,0,6,8,5,4,0.0,0.0,0.0,0.0,0.0,1.0,0.0,0.0,1.0,1.0,0.0,0.0,0.0,0.0,0.0,0.0,0.0,0.0,0.0,0.0,1.0,0.0,1.0,0.0,3.25,0.6666666666666666,10
2,3,2,3,1,3,3,0,0.19,0,0,3,4,1,0,0,47,0,3,5,0,0,0.0,0.0,0.0,0.0,0.0,1.0,0.0,1.0,0.0,1.0,0.0,0.0,0.0,0.0,0.0,0.0,0.0,1.0,0.0,0.0,0.0,1.0,0.0,0.0,2.25,0.0,7
1,3,4,4,2,3,3,0,0.14,0,0,2,23,5,0,0,42,1,2,16,1,0,0.0,0.0,1.0,0.0,0.0,0.0,0.0,0.0,1.0,1.0,0.0,0.0,0.0,0.0,0.0,1.0,0.0,0.0,0.0,0.0,0.0,0.0,1.0,0.0,2.5,0.0,26
4,3,2,3,1,2,3,0,0.14,0,1,3,2,3,0,2,29,0,1,4,4,3,0.0,0.0,1.0,0.0,0.0,0.0,1.0,0.0,0.0,0.0,0.0,1.0,0.0,1.0,0.0,0.0,0.0,0.0,0.0,0.0,0.0,1.0,0.0,0.0,2.5,0.6,5
3,3,1,3,3,3,3,1,0.11,0,1,5,2,1,1,0,42,0,0,4,3,2,0.0,1.0,0.0,0.0,0.0,0.0,0.0,0.0,1.0,0.0,1.0,0.0,0.0,0.0,0.0,0.0,0.0,0.0,1.0,0.0,0.0,0.0,0.0,1.0,3.0,0.5,6
3,3,1,2,3,3,3,0,0.13,0,1,4,2,3,0,7,32,1,1,8,8,0,0.0,0.0,0.0,0.0,0.0,1.0,0.0,0.0,1.0,0.0,0.0,1.0,0.0,0.0,1.0,0.0,0.0,0.0,0.0,0.0,0.0,0.0,1.0,0.0,2.75,0.0,5
1,3,3,3,2,1,4,0,0.21,0,1,3,29,1,0,0,48,1,3,15,0,0,0.0,0.0,0.0,0.0,0.0,1.0,0.0,0.0,1.0,0.0,0.0,1.0,0.0,0.0,0.0,0.0,0.0,0.0,0.0,1.0,0.0,1.0,0.0,0.0,1.75,0.0,33
3,4,2,1,1,3,3,1,0.13,0,2,2,6,3,6,7,37,0,4,13,7,7,0.0,0.0,0.0,0.0,0.0,1.0,0.0,0.0,1.0,0.0,1.0,0.0,1.0,0.0,0.0,0.0,0.0,0.0,0.0,0.0,0.0,0.0,1.0,0.0,2.0,0.875,10
4,3,2,3,2,4,3,1,0.12,0,1,2,25,2,2,2,30,1,7,4,2,2,0.0,1.0,0.0,0.0,0.0,0.0,1.0,0.0,0.0,0.0,0.0,1.0,0.0,1.0,0.0,0.0,0.0,0.0,0.0,0.0,0.0,1.0,0.0,0.0,3.25,0.6666666666666666,29
3,3,2,3,2,3,3,0,0.17,0,1,3,1,3,7,7,26,0,1,8,8,7,0.0,0.0,1.0,0.0,0.0,0.0,0.0,0.0,1.0,0.0,0.0,1.0,0.0,1.0,0.0,0.0,0.0,0.0,0.0,0.0,0.0,1.0,0.0,0.0,2.75,0.7777777777777778,4
1,2,2,4,2,3,4,0,0.23,0,0,6,2,4,0,0,42,0,3,14,1,0,1.0,0.0,0.0,0.0,0.0,0.0,0.0,0.0,1.0,1.0,0.0,0.0,0.0,0.0,0.0,0.0,1.0,0.0,0.0,0.0,0.0,0.0,1.0,0.0,2.5,0.0,6
1,2,1,2,3,3,3,1,0.11,1,0,3,1,1,1,2,21,1,1,3,3,2,0.0,1.0,0.0,0.0,0.0,0.0,0.0,1.0,0.0,1.0,0.0,0.0,0.0,0.0,0.0,0.0,0.0,1.0,0.0,0.0,0.0,1.0,0.0,0.0,2.25,0.5,5
4,3,2,4,2,3,3,0,0.15,0,0,6,1,5,0,0,36,1,4,7,1,0,0.0,0.0,0.0,0.0,0.0,1.0,1.0,0.0,0.0,1.0,0.0,0.0,0.0,1.0,0.0,0.0,0.0,0.0,0.0,0.0,0.0,1.0,0.0,0.0,3.25,0.0,4
1,2,3,4,1,3,3,0,0.11,0,1,2,3,4,1,12,36,0,4,16,13,9,0.0,0.0,0.0,0.0,0.0,1.0,0.0,1.0,0.0,0.0,0.0,1.0,0.0,1.0,0.0,0.0,0.0,0.0,0.0,0.0,0.0,1.0,0.0,0.0,2.25,0.6428571428571429,6
4,3,2,3,3,3,3,0,0.11,0,0,2,1,4,1,2,57,0,2,15,3,2,0.0,0.0,0.0,0.0,0.0,1.0,0.0,0.0,1.0,0.0,0.0,1.0,0.0,0.0,0.0,0.0,1.0,0.0,0.0,0.0,0.0,0.0,1.0,0.0,3.25,0.5,4
4,4,1,3,3,3,3,1,0.13,0,1,3,10,4,1,7,40,1,3,10,7,7,0.0,0.0,1.0,0.0,0.0,0.0,0.0,0.0,1.0,0.0,0.0,1.0,0.0,0.0,1.0,0.0,0.0,0.0,0.0,0.0,0.0,0.0,1.0,0.0,3.25,0.875,14
1,3,1,4,3,2,4,0,0.24,0,0,3,9,2,2,2,21,0,1,3,3,2,0.0,0.0,0.0,0.0,0.0,1.0,1.0,0.0,0.0,1.0,0.0,0.0,0.0,0.0,0.0,0.0,0.0,1.0,0.0,0.0,0.0,1.0,0.0,0.0,2.5,0.5,13
4,3,1,3,2,3,3,1,0.13,1,0,2,5,3,0,0,33,1,1,1,1,0,0.0,0.0,0.0,1.0,0.0,0.0,0.0,0.0,1.0,1.0,0.0,0.0,0.0,0.0,0.0,0.0,0.0,1.0,0.0,0.0,0.0,1.0,0.0,0.0,3.0,0.0,9
3,3,1,1,2,3,4,0,0.2,0,1,3,10,3,0,3,37,1,6,17,5,4,0.0,0.0,0.0,0.0,0.0,1.0,0.0,0.0,1.0,0.0,0.0,1.0,0.0,0.0,1.0,0.0,0.0,0.0,0.0,0.0,0.0,0.0,1.0,0.0,2.25,0.6666666666666666,14
3,3,2,3,3,4,3,0,0.14,0,0,2,7,4,0,0,46,1,2,7,1,0,0.0,0.0,0.0,0.0,0.0,1.0,1.0,0.0,0.0,0.0,0.0,1.0,0.0,0.0,0.0,0.0,0.0,0.0,0.0,0.0,1.0,0.0,1.0,0.0,3.25,0.0,10
1,3,2,2,3,3,3,0,0.18,1,0,5,4,3,7,7,41,0,1,8,8,7,0.0,0.0,0.0,1.0,0.0,0.0,0.0,1.0,0.0,1.0,0.0,0.0,0.0,1.0,0.0,0.0,0.0,0.0,0.0,0.0,0.0,1.0,0.0,0.0,2.25,0.7777777777777778,7
4,2,3,4,4,3,3,0,0.15,0,0,2,10,3,1,3,50,0,6,20,4,3,0.0,1.0,0.0,0.0,0.0,0.0,0.0,0.0,1.0,1.0,0.0,0.0,0.0,0.0,0.0,0.0,1.0,0.0,0.0,0.0,0.0,0.0,1.0,0.0,3.75,0.6,13
3,2,2,3,1,3,3,1,0.12,1,2,6,22,2,1,0,40,0,2,8,6,4,0.0,0.0,0.0,1.0,0.0,0.0,0.0,0.0,1.0,0.0,0.0,1.0,0.0,1.0,0.0,0.0,0.0,0.0,0.0,0.0,0.0,1.0,0.0,0.0,2.5,0.5714285714285714,26
3,2,1,2,4,3,3,1,0.16,0,0,5,9,4,2,2,31,0,0,3,2,2,0.0,0.0,1.0,0.0,0.0,0.0,0.0,0.0,1.0,1.0,0.0,0.0,1.0,0.0,0.0,0.0,0.0,0.0,0.0,0.0,0.0,0.0,1.0,0.0,3.0,0.6666666666666666,13
3,4,1,2,4,3,3,0,0.15,1,0,0,12,3,0,0,21,1,1,1,1,0,0.0,0.0,1.0,0.0,0.0,0.0,0.0,0.0,1.0,1.0,0.0,0.0,0.0,0.0,0.0,0.0,0.0,1.0,0.0,0.0,0.0,1.0,0.0,0.0,3.0,0.0,15
4,3,1,4,4,3,3,0,0.16,0,0,4,23,3,1,2,29,0,9,6,3,2,0.0,0.0,1.0,0.0,0.0,0.0,0.0,0.0,1.0,1.0,0.0,0.0,1.0,0.0,0.0,0.0,0.0,0.0,0.0,0.0,0.0,0.0,1.0,0.0,3.75,0.5,26
3,2,2,2,3,3,3,0,0.19,0,0,5,9,4,0,0,35,0,9,10,1,1,0.0,0.0,1.0,0.0,0.0,0.0,0.0,0.0,1.0,1.0,0.0,0.0,0.0,0.0,0.0,0.0,1.0,0.0,0.0,0.0,0.0,0.0,1.0,0.0,2.75,0.5,12
4,3,1,2,2,3,3,0,0.11,0,1,2,1,2,0,4,27,0,1,5,5,2,0.0,0.0,0.0,0.0,0.0,1.0,0.0,0.0,1.0,0.0,1.0,0.0,0.0,0.0,1.0,0.0,0.0,0.0,0.0,0.0,0.0,0.0,1.0,0.0,2.75,0.3333333333333333,4
2,3,2,4,4,3,3,0,0.16,0,0,1,9,4,0,7,28,0,1,7,7,5,0.0,0.0,1.0,0.0,0.0,0.0,0.0,0.0,1.0,1.0,0.0,0.0,0.0,1.0,0.0,0.0,0.0,0.0,0.0,0.0,0.0,1.0,0.0,0.0,3.25,0.625,12
2,2,3,3,3,3,4,0,0.24,0,0,2,7,3,0,0,49,0,8,26,5,2,1.0,0.0,0.0,0.0,0.0,0.0,0.0,0.0,1.0,1.0,0.0,0.0,0.0,0.0,0.0,0.0,1.0,0.0,0.0,0.0,0.0,0.0,1.0,0.0,2.75,0.3333333333333333,11
3,3,2,4,3,2,3,0,0.11,0,1,2,14,2,0,7,51,1,4,18,7,7,0.0,0.0,1.0,0.0,0.0,0.0,0.0,0.0,1.0,0.0,0.0,1.0,0.0,1.0,0.0,0.0,0.0,0.0,0.0,0.0,0.0,1.0,0.0,0.0,3.0,0.875,17
4,3,1,3,2,3,3,0,0.13,0,1,3,2,3,2,2,36,1,4,6,2,2,0.0,0.0,1.0,0.0,0.0,0.0,0.0,0.0,1.0,0.0,0.0,1.0,1.0,0.0,0.0,0.0,0.0,0.0,0.0,0.0,0.0,0.0,1.0,0.0,3.0,0.6666666666666666,5
1,4,2,4,2,2,3,1,0.13,1,0,3,19,3,0,4,34,0,8,9,5,2,0.0,0.0,0.0,1.0,0.0,0.0,1.0,0.0,0.0,1.0,0.0,0.0,0.0,1.0,0.0,0.0,0.0,0.0,0.0,0.0,0.0,1.0,0.0,0.0,2.25,0.3333333333333333,23
3,3,4,4,3,3,3,1,0.13,0,0,2,2,3,1,2,55,1,2,30,5,4,0.0,0.0,1.0,0.0,0.0,0.0,0.0,0.0,1.0,1.0,0.0,0.0,0.0,0.0,0.0,0.0,0.0,0.0,0.0,1.0,0.0,0.0,1.0,0.0,3.25,0.6666666666666666,6
4,3,2,3,4,4,3,1,0.12,0,1,2,10,4,0,3,24,1,1,5,5,2,0.0,0.0,0.0,1.0,0.0,0.0,0.0,0.0,1.0,0.0,1.0,0.0,0.0,1.0,0.0,0.0,0.0,0.0,0.0,0.0,0.0,1.0,0.0,0.0,3.75,0.3333333333333333,14
3,3,1,2,1,3,3,0,0.18,0,1,3,2,1,0,0,30,0,1,1,1,0,0.0,1.0,0.0,0.0,0.0,0.0,0.0,0.0,1.0,0.0,0.0,1.0,0.0,0.0,0.0,0.0,0.0,1.0,0.0,0.0,0.0,1.0,0.0,0.0,2.25,0.0,5
3,3,1,1,3,3,4,0,0.22,1,0,2,3,1,0,4,26,0,0,7,6,4,0.0,1.0,0.0,0.0,0.0,0.0,0.0,1.0,0.0,1.0,0.0,0.0,1.0,0.0,0.0,0.0,0.0,0.0,0.0,0.0,0.0,0.0,1.0,0.0,2.5,0.5714285714285714,7
1,3,1,2,4,3,3,0,0.13,0,1,1,11,3,1,2,22,1,1,2,2,1,0.0,0.0,0.0,0.0,0.0,1.0,0.0,0.0,1.0,0.0,0.0,1.0,1.0,0.0,0.0,0.0,0.0,0.0,0.0,0.0,0.0,0.0,1.0,0.0,2.5,0.3333333333333333,14
2,2,3,3,2,3,3,0,0.13,0,2,2,2,2,9,0,36,0,1,10,10,9,0.0,0.0,0.0,0.0,0.0,1.0,0.0,0.0,1.0,0.0,0.0,1.0,0.0,1.0,0.0,0.0,0.0,0.0,0.0,0.0,0.0,1.0,0.0,0.0,2.5,0.8181818181818182,5
3,3,1,4,3,3,4,1,0.23,1,0,4,4,3,0,0,30,0,9,3,1,0,0.0,1.0,0.0,0.0,0.0,0.0,0.0,1.0,0.0,1.0,0.0,0.0,1.0,0.0,0.0,0.0,0.0,0.0,0.0,0.0,0.0,0.0,1.0,0.0,3.25,0.0,9
4,3,1,1,3,2,3,0,0.12,0,1,2,14,3,12,17,37,1,1,18,18,7,0.0,0.0,1.0,0.0,0.0,0.0,0.0,0.0,1.0,0.0,1.0,0.0,0.0,0.0,1.0,0.0,0.0,0.0,0.0,0.0,0.0,0.0,1.0,0.0,2.5,0.3684210526315789,17
4,3,2,2,3,3,3,0,0.12,0,2,5,2,2,1,3,40,1,7,8,5,4,0.0,0.0,0.0,1.0,0.0,0.0,0.0,0.0,1.0,0.0,1.0,0.0,0.0,1.0,0.0,0.0,0.0,0.0,0.0,0.0,0.0,1.0,0.0,0.0,3.0,0.6666666666666666,5
2,3,1,1,2,3,3,0,0.16,0,1,5,1,4,1,2,42,1,3,8,5,2,0.0,0.0,1.0,0.0,0.0,0.0,0.0,0.0,1.0,0.0,1.0,0.0,0.0,0.0,1.0,0.0,0.0,0.0,0.0,0.0,0.0,0.0,1.0,0.0,2.0,0.3333333333333333,4
3,3,2,2,4,2,3,1,0.12,0,0,2,10,4,0,1,37,0,2,18,1,0,0.0,0.0,1.0,0.0,0.0,0.0,0.0,0.0,1.0,1.0,0.0,0.0,0.0,0.0,0.0,0.0,0.0,0.0,0.0,0.0,1.0,0.0,1.0,0.0,2.75,0.0,14
1,2,4,2,3,3,3,0,0.11,0,1,3,12,3,3,9,43,0,1,25,25,10,0.0,0.0,1.0,0.0,0.0,0.0,0.0,0.0,1.0,0.0,1.0,0.0,0.0,0.0,0.0,1.0,0.0,0.0,0.0,0.0,0.0,0.0,1.0,0.0,2.25,0.38461538461538464,15
2,2,2,3,2,3,4,0,0.22,0,1,3,2,3,0,0,40,1,6,20,1,0,0.0,0.0,0.0,0.0,0.0,1.0,0.0,0.0,1.0,0.0,0.0,1.0,0.0,0.0,1.0,0.0,0.0,0.0,0.0,0.0,0.0,0.0,1.0,0.0,2.5,0.0,6
1,3,5,1,3,2,3,0,0.11,0,1,4,5,2,1,2,54,0,4,24,4,2,0.0,0.0,0.0,0.0,0.0,1.0,0.0,0.0,1.0,0.0,0.0,1.0,0.0,0.0,0.0,1.0,0.0,0.0,0.0,0.0,0.0,0.0,1.0,0.0,1.75,0.4,8
3,3,2,3,1,3,3,0,0.15,0,1,3,4,4,1,2,34,1,9,6,3,2,0.0,0.0,0.0,1.0,0.0,0.0,1.0,0.0,0.0,0.0,0.0,1.0,0.0,1.0,0.0,0.0,0.0,0.0,0.0,0.0,0.0,1.0,0.0,0.0,2.5,0.5,7
2,3,2,1,2,1,3,0,0.12,0,1,5,7,2,3,12,31,1,1,13,13,10,0.0,0.0,0.0,0.0,0.0,1.0,0.0,0.0,1.0,0.0,0.0,1.0,0.0,0.0,0.0,0.0,0.0,0.0,0.0,0.0,1.0,0.0,1.0,0.0,1.5,0.7142857142857143,10
4,3,1,4,1,3,4,0,0.2,0,1,1,21,3,1,2,43,0,7,8,3,2,0.0,0.0,0.0,0.0,0.0,1.0,0.0,1.0,0.0,0.0,0.0,1.0,0.0,0.0,1.0,0.0,0.0,0.0,0.0,0.0,0.0,0.0,1.0,0.0,3.0,0.5,25
3,3,2,3,4,3,3,1,0.14,0,0,3,8,4,0,2,43,1,4,8,5,2,1.0,0.0,0.0,0.0,0.0,0.0,0.0,0.0,1.0,0.0,1.0,0.0,0.0,0.0,0.0,0.0,1.0,0.0,0.0,0.0,0.0,0.0,1.0,0.0,3.25,0.3333333333333333,12
2,2,2,4,2,3,3,1,0.11,0,0,3,4,2,1,3,25,1,1,5,5,4,0.0,0.0,1.0,0.0,0.0,0.0,0.0,0.0,1.0,1.0,0.0,0.0,0.0,1.0,0.0,0.0,0.0,0.0,0.0,0.0,0.0,1.0,0.0,0.0,2.75,0.6666666666666666,8
2,3,2,3,1,3,3,1,0.15,0,2,2,25,5,10,7,37,1,3,15,13,11,0.0,0.0,0.0,0.0,0.0,1.0,1.0,0.0,0.0,0.0,0.0,1.0,1.0,0.0,0.0,0.0,0.0,0.0,0.0,0.0,0.0,0.0,1.0,0.0,2.25,0.7857142857142857,29
4,2,1,1,3,3,3,0,0.12,0,1,3,1,2,3,2,31,0,1,4,4,2,0.0,0.0,1.0,0.0,0.0,0.0,0.0,0.0,1.0,0.0,0.0,1.0,0.0,0.0,1.0,0.0,0.0,0.0,0.0,0.0,0.0,0.0,1.0,0.0,2.75,0.4,4
2,3,5,3,3,3,3,1,0.14,0,1,3,1,1,1,6,39,0,1,21,21,8,0.0,0.0,1.0,0.0,0.0,0.0,0.0,1.0,0.0,0.0,1.0,0.0,0.0,0.0,0.0,0.0,0.0,0.0,0.0,1.0,0.0,0.0,1.0,0.0,2.75,0.36363636363636365,5
3,4,4,1,4,2,3,0,0.11,0,3,0,6,3,7,7,56,1,9,36,7,7,0.0,0.0,1.0,0.0,0.0,0.0,0.0,1.0,0.0,0.0,0.0,1.0,0.0,1.0,0.0,0.0,0.0,0.0,0.0,0.0,0.0,1.0,0.0,0.0,2.5,0.875,9
2,3,2,3,2,3,3,0,0.11,0,0,6,12,3,4,4,30,1,0,6,5,4,0.0,1.0,0.0,0.0,0.0,0.0,0.0,0.0,1.0,1.0,0.0,0.0,0.0,1.0,0.0,0.0,0.0,0.0,0.0,0.0,0.0,1.0,0.0,0.0,2.5,0.6666666666666666,15
2,4,3,1,3,3,3,0,0.16,0,1,2,1,3,0,7,41,0,1,10,10,7,0.0,0.0,0.0,1.0,0.0,0.0,0.0,0.0,1.0,0.0,0.0,1.0,0.0,1.0,0.0,0.0,0.0,0.0,0.0,0.0,0.0,1.0,0.0,0.0,2.25,0.6363636363636364,4
3,3,2,1,4,3,3,0,0.12,0,1,2,17,2,1,8,28,0,1,10,10,0,0.0,0.0,0.0,0.0,0.0,1.0,0.0,0.0,1.0,0.0,1.0,0.0,0.0,0.0,1.0,0.0,0.0,0.0,0.0,0.0,0.0,0.0,1.0,0.0,2.75,0.0,20
1,3,1,1,3,3,3,0,0.13,1,1,5,3,3,0,2,25,0,5,6,2,2,0.0,0.0,0.0,0.0,0.0,1.0,0.0,0.0,1.0,0.0,0.0,1.0,0.0,0.0,1.0,0.0,0.0,0.0,0.0,0.0,0.0,0.0,1.0,0.0,2.0,0.6666666666666666,6
4,2,3,3,3,3,3,1,0.14,0,0,4,3,3,0,4,52,0,2,28,5,4,0.0,0.0,0.0,0.0,0.0,1.0,0.0,0.0,1.0,0.0,0.0,1.0,0.0,0.0,0.0,0.0,0.0,0.0,0.0,0.0,1.0,0.0,1.0,0.0,3.25,0.6666666666666666,7
1,3,1,4,4,2,4,0,0.21,0,2,3,10,2,0,2,45,0,3,8,2,2,0.0,0.0,1.0,0.0,0.0,0.0,0.0,0.0,1.0,0.0,0.0,1.0,1.0,0.0,0.0,0.0,0.0,0.0,0.0,0.0,0.0,0.0,1.0,0.0,2.75,0.6666666666666666,14
4,3,4,4,4,1,3,0,0.13,0,0,2,4,2,1,4,52,1,2,31,5,2,0.0,0.0,1.0,0.0,0.0,0.0,0.0,0.0,1.0,0.0,0.0,1.0,0.0,0.0,0.0,0.0,0.0,0.0,0.0,1.0,0.0,0.0,1.0,0.0,3.25,0.3333333333333333,7
1,3,2,3,2,3,3,0,0.11,0,1,3,29,2,0,2,42,1,2,19,5,4,0.0,0.0,1.0,0.0,0.0,0.0,0.0,1.0,0.0,0.0,1.0,0.0,1.0,0.0,0.0,0.0,0.0,0.0,0.0,0.0,0.0,0.0,1.0,0.0,2.25,0.6666666666666666,32
3,1,2,4,3,3,4,0,0.2,0,0,2,2,3,0,2,30,1,2,11,5,4,0.0,0.0,1.0,0.0,0.0,0.0,0.0,0.0,1.0,1.0,0.0,0.0,0.0,0.0,0.0,0.0,0.0,0.0,0.0,0.0,1.0,0.0,1.0,0.0,3.25,0.6666666666666666,6
1,3,5,1,4,1,3,0,0.11,0,0,5,7,3,11,10,60,1,5,33,29,8,0.0,0.0,1.0,0.0,0.0,0.0,0.0,0.0,1.0,0.0,0.0,1.0,0.0,0.0,0.0,0.0,0.0,0.0,0.0,1.0,0.0,0.0,1.0,0.0,1.75,0.26666666666666666,10
3,3,2,3,3,2,3,0,0.14,0,1,5,18,3,0,8,46,1,2,19,10,7,0.0,0.0,0.0,0.0,0.0,1.0,0.0,0.0,1.0,0.0,1.0,0.0,0.0,0.0,0.0,0.0,0.0,0.0,0.0,0.0,1.0,0.0,1.0,0.0,2.75,0.6363636363636364,21
4,2,2,4,4,4,3,0,0.11,0,3,4,28,4,0,4,42,1,0,7,6,5,0.0,1.0,0.0,0.0,0.0,0.0,0.0,1.0,0.0,0.0,0.0,1.0,0.0,0.0,0.0,0.0,1.0,0.0,0.0,0.0,0.0,0.0,1.0,0.0,4.0,0.7142857142857143,31
1,3,1,2,2,3,3,1,0.16,1,0,4,1,1,1,4,24,1,1,6,5,3,0.0,1.0,0.0,0.0,0.0,0.0,0.0,0.0,1.0,1.0,0.0,0.0,0.0,0.0,0.0,0.0,0.0,1.0,0.0,0.0,0.0,1.0,0.0,0.0,2.0,0.5,5
4,1,1,3,4,2,3,0,0.16,1,1,3,6,2,1,0,34,1,0,3,2,2,0.0,0.0,0.0,1.0,0.0,0.0,0.0,1.0,0.0,0.0,1.0,0.0,0.0,0.0,0.0,0.0,0.0,1.0,0.0,0.0,0.0,1.0,0.0,0.0,3.25,0.6666666666666666,9
4,3,1,4,3,3,4,1,0.23,0,1,3,2,2,0,0,38,0,1,1,1,0,0.0,0.0,1.0,0.0,0.0,0.0,0.0,1.0,0.0,0.0,0.0,1.0,0.0,0.0,1.0,0.0,0.0,0.0,0.0,0.0,0.0,0.0,1.0,0.0,3.5,0.0,7
3,3,5,3,4,3,3,0,0.14,0,0,2,2,4,1,12,40,1,0,21,20,15,0.0,0.0,1.0,0.0,0.0,0.0,0.0,0.0,1.0,0.0,0.0,1.0,0.0,0.0,0.0,0.0,0.0,0.0,0.0,1.0,0.0,1.0,0.0,0.0,3.25,0.7142857142857143,5
1,3,1,4,2,1,4,0,0.22,0,2,3,23,3,0,2,26,1,1,3,3,2,0.0,0.0,1.0,0.0,0.0,0.0,0.0,0.0,1.0,0.0,1.0,0.0,1.0,0.0,0.0,0.0,0.0,0.0,0.0,0.0,0.0,0.0,1.0,0.0,2.0,0.5,27
3,3,1,4,3,1,3,0,0.15,0,1,3,3,3,1,4,30,0,4,9,5,3,0.0,0.0,1.0,0.0,0.0,0.0,1.0,0.0,0.0,0.0,0.0,1.0,0.0,0.0,1.0,0.0,0.0,0.0,0.0,0.0,0.0,0.0,1.0,0.0,2.75,0.5,6
2,2,3,3,3,3,3,0,0.18,0,0,2,3,4,0,7,29,0,1,10,10,2,0.0,0.0,0.0,0.0,0.0,1.0,0.0,0.0,1.0,0.0,0.0,1.0,0.0,0.0,0.0,1.0,0.0,0.0,0.0,0.0,0.0,0.0,1.0,0.0,2.75,0.18181818181818182,6
3,2,1,2,2,4,3,0,0.16,1,0,2,25,5,1,1,29,1,5,6,2,2,0.0,1.0,0.0,0.0,0.0,0.0,0.0,0.0,1.0,0.0,0.0,1.0,1.0,0.0,0.0,0.0,0.0,0.0,0.0,0.0,0.0,0.0,1.0,0.0,2.75,0.6666666666666666,28
1,2,1,4,3,4,3,0,0.12,1,0,3,2,2,0,0,19,0,1,1,1,0,0.0,1.0,0.0,0.0,0.0,0.0,0.0,0.0,1.0,1.0,0.0,0.0,0.0,0.0,0.0,0.0,0.0,0.0,1.0,0.0,0.0,0.0,0.0,1.0,3.0,0.0,5
3,3,3,1,3,3,3,0,0.11,0,0,3,22,4,7,8,30,1,0,10,9,8,1.0,0.0,0.0,0.0,0.0,0.0,1.0,0.0,0.0,0.0,0.0,1.0,0.0,1.0,0.0,0.0,0.0,0.0,0.0,0.0,0.0,1.0,0.0,0.0,2.5,0.8,25
1,2,4,4,3,2,3,0,0.12,0,1,3,29,3,0,0,57,0,3,32,1,0,0.0,0.0,0.0,1.0,0.0,0.0,0.0,0.0,1.0,0.0,1.0,0.0,0.0,0.0,0.0,0.0,0.0,0.0,0.0,1.0,0.0,1.0,0.0,0.0,2.5,0.0,32
2,2,4,3,2,3,3,0,0.15,0,1,2,29,4,15,7,50,0,0,28,27,10,0.0,0.0,1.0,0.0,0.0,0.0,0.0,0.0,1.0,0.0,0.0,1.0,0.0,0.0,0.0,0.0,0.0,0.0,0.0,1.0,0.0,0.0,1.0,0.0,2.5,0.35714285714285715,32
3,3,1,4,3,2,3,0,0.14,0,0,2,2,3,6,7,30,1,0,12,11,7,0.0,0.0,0.0,0.0,0.0,1.0,1.0,0.0,0.0,1.0,0.0,0.0,0.0,0.0,1.0,0.0,0.0,0.0,0.0,0.0,0.0,0.0,1.0,0.0,3.0,0.5833333333333334,5
3,2,3,1,4,4,3,0,0.19,0,0,5,28,3,13,11,60,1,4,22,18,13,0.0,0.0,0.0,1.0,0.0,0.0,0.0,1.0,0.0,0.0,0.0,1.0,0.0,1.0,0.0,0.0,0.0,0.0,0.0,0.0,0.0,1.0,0.0,0.0,3.0,0.6842105263157895,31
1,3,2,4,3,3,3,0,0.13,0,3,2,2,2,0,4,47,1,5,20,5,0,0.0,0.0,0.0,0.0,0.0,1.0,0.0,0.0,1.0,0.0,1.0,0.0,0.0,0.0,0.0,0.0,0.0,0.0,0.0,0.0,1.0,0.0,1.0,0.0,2.75,0.0,5
1,3,4,3,3,1,3,0,0.13,0,0,2,2,3,0,1,46,0,6,26,3,2,0.0,0.0,1.0,0.0,0.0,0.0,0.0,0.0,1.0,0.0,0.0,1.0,0.0,0.0,0.0,1.0,0.0,0.0,0.0,0.0,0.0,0.0,1.0,0.0,2.0,0.5,5
4,1,1,3,3,3,3,0,0.15,0,0,2,22,3,4,3,35,0,0,6,5,4,0.0,0.0,1.0,0.0,0.0,0.0,0.0,0.0,1.0,1.0,0.0,0.0,0.0,0.0,1.0,0.0,0.0,0.0,0.0,0.0,0.0,0.0,1.0,0.0,3.25,0.6666666666666666,25
3,3,2,3,3,3,3,0,0.11,0,0,3,8,4,0,0,54,1,7,19,1,0,0.0,0.0,1.0,0.0,0.0,0.0,0.0,0.0,1.0,1.0,0.0,0.0,0.0,0.0,1.0,0.0,0.0,0.0,0.0,0.0,0.0,0.0,1.0,0.0,3.0,0.0,11
4,2,1,3,3,3,3,0,0.12,0,1,3,2,4,5,7,34,0,3,14,7,3,0.0,0.0,1.0,0.0,0.0,0.0,0.0,0.0,1.0,0.0,1.0,0.0,1.0,0.0,0.0,0.0,0.0,0.0,0.0,0.0,0.0,0.0,1.0,0.0,3.25,0.375,5
3,2,3,4,3,3,3,1,0.19,0,1,3,10,3,1,2,46,1,2,15,3,2,0.0,0.0,0.0,1.0,0.0,0.0,0.0,0.0,1.0,0.0,0.0,1.0,0.0,1.0,0.0,0.0,0.0,0.0,0.0,0.0,0.0,1.0,0.0,0.0,3.25,0.5,14
3,3,3,2,4,4,4,0,0.25,0,1,6,9,1,0,8,31,0,1,13,13,8,0.0,0.0,1.0,0.0,0.0,0.0,0.0,0.0,1.0,0.0,1.0,0.0,0.0,0.0,0.0,0.0,0.0,0.0,0.0,0.0,1.0,0.0,1.0,0.0,3.25,0.5714285714285714,13
2,3,3,3,4,4,3,1,0.12,1,0,2,15,1,7,7,33,0,7,15,7,6,0.0,0.0,0.0,0.0,0.0,1.0,0.0,0.0,1.0,0.0,0.0,1.0,0.0,0.0,0.0,0.0,0.0,0.0,0.0,1.0,0.0,0.0,1.0,0.0,3.25,0.75,19
1,1,1,4,1,3,3,0,0.13,1,3,2,10,1,1,3,33,0,7,8,4,3,0.0,0.0,0.0,0.0,0.0,1.0,0.0,0.0,1.0,0.0,1.0,0.0,0.0,0.0,1.0,0.0,0.0,0.0,0.0,0.0,0.0,0.0,1.0,0.0,2.25,0.6,13
4,3,1,2,1,3,3,0,0.14,0,0,3,7,1,1,2,30,0,0,4,3,2,0.0,0.0,0.0,1.0,0.0,0.0,0.0,0.0,1.0,1.0,0.0,0.0,0.0,0.0,0.0,0.0,0.0,1.0,0.0,0.0,0.0,1.0,0.0,0.0,2.5,0.5,10
4,3,3,3,3,3,3,1,0.12,0,0,2,16,3,0,0,35,0,4,10,8,7,0.0,0.0,1.0,0.0,0.0,0.0,0.0,0.0,1.0,0.0,0.0,1.0,0.0,0.0,0.0,0.0,1.0,0.0,0.0,0.0,0.0,0.0,1.0,0.0,3.25,0.7777777777777778,20
1,3,3,3,1,3,3,0,0.12,1,0,2,20,3,0,0,31,0,3,12,1,0,0.0,0.0,1.0,0.0,0.0,0.0,0.0,1.0,0.0,0.0,0.0,1.0,0.0,0.0,0.0,0.0,1.0,0.0,0.0,0.0,0.0,0.0,1.0,0.0,2.0,0.0,23
2,3,3,1,3,3,3,1,0.15,1,3,2,23,3,0,2,34,1,9,11,3,2,0.0,0.0,0.0,0.0,1.0,0.0,0.0,1.0,0.0,0.0,1.0,0.0,0.0,0.0,0.0,0.0,0.0,0.0,1.0,0.0,0.0,0.0,0.0,1.0,2.25,0.5,27
2,3,1,3,4,3,3,0,0.17,0,1,4,5,2,2,0,42,0,4,8,2,2,1.0,0.0,0.0,0.0,0.0,0.0,0.0,1.0,0.0,0.0,0.0,1.0,0.0,0.0,1.0,0.0,0.0,0.0,0.0,0.0,0.0,0.0,1.0,0.0,3.0,0.6666666666666666,8
2,3,3,4,4,2,3,0,0.14,0,0,3,10,4,9,7,36,0,1,10,10,3,0.0,0.0,0.0,0.0,0.0,1.0,1.0,0.0,0.0,1.0,0.0,0.0,0.0,1.0,0.0,0.0,0.0,0.0,0.0,0.0,0.0,1.0,0.0,0.0,3.0,0.2727272727272727,13
3,2,1,3,3,3,3,0,0.16,1,0,3,4,1,1,2,22,0,5,4,2,2,0.0,1.0,0.0,0.0,0.0,0.0,0.0,1.0,0.0,1.0,0.0,0.0,0.0,0.0,1.0,0.0,0.0,0.0,0.0,0.0,0.0,0.0,1.0,0.0,3.0,0.6666666666666666,7
2,3,2,4,1,3,3,0,0.14,0,1,2,2,5,6,7,48,1,2,14,9,7,0.0,0.0,0.0,1.0,0.0,0.0,0.0,0.0,1.0,0.0,0.0,1.0,0.0,1.0,0.0,0.0,0.0,0.0,0.0,0.0,0.0,1.0,0.0,0.0,2.5,0.7,5
1,3,4,2,4,3,4,0,0.23,0,0,2,18,5,7,7,55,1,3,37,10,9,0.0,0.0,1.0,0.0,0.0,0.0,0.0,0.0,1.0,1.0,0.0,0.0,0.0,0.0,0.0,0.0,0.0,0.0,0.0,1.0,0.0,1.0,0.0,0.0,2.5,0.8181818181818182,22
4,3,2,4,4,3,3,0,0.14,0,0,3,10,2,1,10,41,0,7,16,14,3,0.0,0.0,1.0,0.0,0.0,0.0,1.0,0.0,0.0,1.0,0.0,0.0,0.0,1.0,0.0,0.0,0.0,0.0,0.0,0.0,0.0,1.0,0.0,0.0,3.75,0.2,13
2,3,2,3,3,3,3,0,0.11,0,0,2,1,3,6,9,35,0,9,15,11,9,0.0,0.0,0.0,1.0,0.0,0.0,0.0,0.0,1.0,0.0,0.0,1.0,0.0,1.0,0.0,0.0,0.0,0.0,0.0,0.0,0.0,1.0,0.0,0.0,2.75,0.75,4
2,3,4,3,3,3,3,0,0.15,0,0,3,6,3,5,13,40,1,7,22,20,6,0.0,0.0,1.0,0.0,0.0,0.0,0.0,0.0,1.0,1.0,0.0,0.0,0.0,0.0,0.0,0.0,0.0,0.0,0.0,0.0,1.0,0.0,1.0,0.0,2.75,0.2857142857142857,9
3,3,1,3,1,3,3,0,0.11,0,1,3,8,1,0,7,39,1,1,8,8,3,0.0,0.0,1.0,0.0,0.0,0.0,0.0,1.0,0.0,0.0,0.0,1.0,0.0,0.0,1.0,0.0,0.0,0.0,0.0,0.0,0.0,0.0,1.0,0.0,2.5,0.3333333333333333,11
2,3,2,4,3,4,3,1,0.13,0,0,2,2,1,0,5,31,0,4,10,6,5,0.0,0.0,1.0,0.0,0.0,0.0,0.0,0.0,1.0,1.0,0.0,0.0,0.0,1.0,0.0,0.0,0.0,0.0,0.0,0.0,0.0,1.0,0.0,0.0,3.25,0.7142857142857143,6
4,3,3,1,4,2,4,1,0.21,0,1,5,24,3,5,8,42,0,1,10,10,9,0.0,0.0,0.0,0.0,0.0,1.0,0.0,0.0,1.0,0.0,0.0,1.0,0.0,0.0,0.0,0.0,0.0,0.0,0.0,0.0,1.0,0.0,1.0,0.0,2.75,0.8181818181818182,29
4,3,2,2,2,4,3,0,0.19,0,1,3,2,3,3,7,45,0,0,9,8,7,1.0,0.0,0.0,0.0,0.0,0.0,0.0,0.0,1.0,0.0,0.0,1.0,0.0,1.0,0.0,0.0,0.0,0.0,0.0,0.0,0.0,1.0,0.0,0.0,3.0,0.7777777777777778,5
2,3,1,3,2,2,3,1,0.11,1,1,2,17,4,1,0,26,1,0,8,7,7,0.0,0.0,1.0,0.0,0.0,0.0,0.0,1.0,0.0,0.0,1.0,0.0,0.0,0.0,0.0,0.0,0.0,0.0,1.0,0.0,0.0,0.0,0.0,1.0,2.25,0.875,21
4,3,2,4,2,4,3,0,0.12,0,2,2,19,3,1,2,29,0,4,8,3,2,0.0,1.0,0.0,0.0,0.0,0.0,0.0,0.0,1.0,0.0,1.0,0.0,0.0,0.0,0.0,0.0,0.0,0.0,0.0,0.0,1.0,0.0,1.0,0.0,3.5,0.5,22
1,4,4,3,3,3,3,0,0.19,0,1,2,1,5,0,5,33,1,4,10,6,1,0.0,0.0,0.0,0.0,0.0,1.0,0.0,0.0,1.0,0.0,1.0,0.0,0.0,0.0,0.0,1.0,0.0,0.0,0.0,0.0,0.0,0.0,1.0,0.0,2.5,0.14285714285714285,4
3,2,3,4,3,2,4,0,0.21,0,1,3,7,3,0,1,31,0,9,10,5,4,0.0,0.0,1.0,0.0,0.0,0.0,0.0,0.0,1.0,0.0,1.0,0.0,0.0,0.0,0.0,0.0,0.0,0.0,0.0,1.0,0.0,1.0,0.0,0.0,3.0,0.6666666666666666,11
2,3,1,2,4,3,3,1,0.14,1,0,3,5,3,0,0,18,0,1,0,0,0,0.0,0.0,0.0,1.0,0.0,0.0,0.0,1.0,0.0,1.0,0.0,0.0,0.0,0.0,0.0,0.0,0.0,1.0,0.0,0.0,0.0,1.0,0.0,0.0,2.75,0.0,9
3,1,3,1,3,3,3,0,0.15,0,1,2,28,3,0,1,40,0,3,20,1,0,1.0,0.0,0.0,0.0,0.0,0.0,1.0,0.0,0.0,0.0,1.0,0.0,0.0,1.0,0.0,0.0,0.0,0.0,0.0,0.0,0.0,1.0,0.0,0.0,2.5,0.0,31
1,2,2,3,1,3,3,1,0.17,0,0,3,2,4,0,7,41,1,2,10,8,7,1.0,0.0,0.0,0.0,0.0,0.0,1.0,0.0,0.0,1.0,0.0,0.0,0.0,0.0,0.0,0.0,1.0,0.0,0.0,0.0,0.0,0.0,1.0,0.0,2.0,0.7777777777777778,6
1,3,2,3,1,3,3,0,0.12,0,2,5,29,2,0,0,26,0,5,8,0,0,0.0,0.0,0.0,0.0,0.0,1.0,0.0,0.0,1.0,0.0,1.0,0.0,0.0,1.0,0.0,0.0,0.0,0.0,0.0,0.0,0.0,1.0,0.0,0.0,2.0,0.0,32
1,3,2,3,4,3,3,0,0.16,0,0,3,1,3,0,3,35,1,1,5,5,4,0.0,0.0,0.0,0.0,0.0,1.0,0.0,0.0,1.0,1.0,0.0,0.0,0.0,1.0,0.0,0.0,0.0,0.0,0.0,0.0,0.0,1.0,0.0,0.0,2.75,0.6666666666666666,4
4,4,2,4,4,3,3,0,0.12,0,0,3,21,4,5,7,34,0,1,10,10,7,0.0,0.0,1.0,0.0,0.0,0.0,0.0,0.0,1.0,1.0,0.0,0.0,0.0,1.0,0.0,0.0,0.0,0.0,0.0,0.0,0.0,1.0,0.0,0.0,3.75,0.6363636363636364,24
3,1,1,4,2,1,3,1,0.18,1,0,3,24,3,0,0,26,0,1,1,1,0,0.0,1.0,0.0,0.0,0.0,0.0,0.0,0.0,1.0,1.0,0.0,0.0,0.0,0.0,1.0,0.0,0.0,0.0,0.0,0.0,0.0,0.0,1.0,0.0,2.5,0.0,28
2,3,3,4,4,4,3,0,0.17,0,0,3,1,3,1,2,37,1,4,12,6,5,0.0,1.0,0.0,0.0,0.0,0.0,0.0,0.0,1.0,1.0,0.0,0.0,0.0,0.0,0.0,0.0,0.0,0.0,0.0,0.0,1.0,0.0,1.0,0.0,3.5,0.7142857142857143,4
1,3,3,3,4,2,3,0,0.11,0,0,3,18,1,1,2,46,1,5,28,2,2,0.0,0.0,0.0,0.0,0.0,1.0,0.0,1.0,0.0,0.0,0.0,1.0,0.0,0.0,0.0,0.0,1.0,0.0,0.0,0.0,0.0,0.0,1.0,0.0,2.5,0.6666666666666666,21
2,3,4,1,2,3,3,0,0.16,0,1,2,2,5,11,8,41,1,7,22,18,16,0.0,0.0,1.0,0.0,0.0,0.0,0.0,0.0,1.0,0.0,0.0,1.0,0.0,0.0,0.0,0.0,0.0,0.0,0.0,1.0,0.0,1.0,0.0,0.0,2.0,0.8421052631578947,5
1,3,3,2,4,3,3,0,0.13,0,1,6,9,4,7,7,37,0,1,9,9,5,0.0,0.0,0.0,0.0,0.0,1.0,1.0,0.0,0.0,0.0,1.0,0.0,0.0,1.0,0.0,0.0,0.0,0.0,0.0,0.0,0.0,1.0,0.0,0.0,2.5,0.5,12
4,3,2,1,2,3,3,1,0.12,0,2,3,6,2,6,9,52,0,3,18,10,9,0.0,1.0,0.0,0.0,0.0,0.0,0.0,0.0,1.0,0.0,1.0,0.0,1.0,0.0,0.0,0.0,0.0,0.0,0.0,0.0,0.0,0.0,1.0,0.0,2.5,0.8181818181818182,10
4,4,2,3,4,3,3,0,0.12,1,0,2,11,4,1,2,32,0,8,6,4,2,1.0,0.0,0.0,0.0,0.0,0.0,1.0,0.0,0.0,0.0,0.0,1.0,0.0,1.0,0.0,0.0,0.0,0.0,0.0,0.0,0.0,1.0,0.0,0.0,3.5,0.4,14
4,3,1,4,3,3,3,0,0.13,0,2,3,24,3,2,1,24,0,0,3,2,2,0.0,0.0,0.0,0.0,0.0,1.0,0.0,1.0,0.0,0.0,0.0,1.0,0.0,0.0,0.0,0.0,0.0,1.0,0.0,0.0,0.0,1.0,0.0,0.0,3.5,0.6666666666666666,27
3,3,2,3,3,3,3,0,0.19,0,1,4,10,3,0,0,38,1,3,18,1,0,0.0,0.0,0.0,0.0,0.0,1.0,0.0,0.0,1.0,0.0,0.0,1.0,0.0,0.0,0.0,0.0,1.0,0.0,0.0,0.0,0.0,0.0,1.0,0.0,3.0,0.0,13
2,3,2,2,2,2,3,0,0.12,0,1,2,1,4,4,3,37,1,6,8,6,5,0.0,0.0,1.0,0.0,0.0,0.0,0.0,0.0,1.0,0.0,0.0,1.0,0.0,0.0,0.0,0.0,0.0,0.0,0.0,0.0,1.0,0.0,1.0,0.0,2.0,0.7142857142857143,4
4,2,5,3,3,3,3,1,0.17,0,1,5,18,4,0,9,49,0,1,31,31,9,0.0,0.0,1.0,0.0,0.0,0.0,0.0,0.0,1.0,0.0,1.0,0.0,0.0,0.0,0.0,1.0,0.0,0.0,0.0,0.0,0.0,0.0,1.0,0.0,3.25,0.28125,22
2,4,1,4,2,3,3,1,0.11,0,2,3,23,3,1,4,24,0,1,6,6,5,0.0,0.0,0.0,0.0,0.0,1.0,0.0,0.0,1.0,0.0,0.0,1.0,1.0,0.0,0.0,0.0,0.0,0.0,0.0,0.0,0.0,0.0,1.0,0.0,2.75,0.7142857142857143,27
1,3,2,2,4,4,4,0,0.2,0,2,5,28,2,1,4,26,0,1,6,5,3,0.0,0.0,0.0,1.0,0.0,0.0,0.0,0.0,1.0,0.0,0.0,1.0,0.0,1.0,0.0,0.0,0.0,0.0,0.0,0.0,0.0,1.0,0.0,0.0,2.75,0.5,32
4,2,1,2,4,3,4,0,0.21,0,1,2,17,2,0,0,24,0,1,1,1,0,1.0,0.0,0.0,0.0,0.0,0.0,0.0,0.0,1.0,0.0,0.0,1.0,0.0,0.0,1.0,0.0,0.0,0.0,0.0,0.0,0.0,0.0,1.0,0.0,3.25,0.0,21
1,3,5,2,3,3,3,0,0.11,0,1,2,3,3,10,7,50,0,1,32,32,5,0.0,0.0,0.0,0.0,0.0,1.0,0.0,1.0,0.0,0.0,0.0,1.0,0.0,0.0,0.0,0.0,0.0,0.0,0.0,1.0,0.0,0.0,0.0,1.0,2.25,0.15151515151515152,6
2,3,1,3,3,3,3,0,0.11,0,0,1,13,1,0,6,25,0,1,7,7,4,0.0,0.0,0.0,0.0,0.0,1.0,0.0,0.0,1.0,0.0,0.0,1.0,0.0,0.0,0.0,0.0,0.0,1.0,0.0,0.0,0.0,1.0,0.0,0.0,2.75,0.5,16
1,3,1,3,4,3,3,1,0.16,1,1,4,7,3,1,2,24,1,1,6,6,3,0.0,0.0,1.0,0.0,0.0,0.0,0.0,1.0,0.0,0.0,0.0,1.0,0.0,0.0,1.0,0.0,0.0,0.0,0.0,0.0,0.0,0.0,1.0,0.0,2.75,0.42857142857142855,11
2,2,1,1,3,4,3,0,0.18,1,1,2,12,4,0,0,30,0,1,1,1,0,0.0,0.0,1.0,0.0,0.0,0.0,0.0,1.0,0.0,0.0,0.0,1.0,0.0,0.0,0.0,0.0,0.0,1.0,0.0,0.0,0.0,1.0,0.0,0.0,2.5,0.0,15
2,2,1,4,4,3,3,1,0.13,0,1,3,1,2,1,3,34,0,1,6,6,5,0.0,0.0,1.0,0.0,0.0,0.0,0.0,0.0,1.0,0.0,0.0,1.0,1.0,0.0,0.0,0.0,0.0,0.0,0.0,0.0,0.0,0.0,1.0,0.0,3.25,0.7142857142857143,5
2,3,2,1,3,1,3,0,0.17,1,0,2,13,4,1,2,31,0,2,9,3,1,0.0,0.0,0.0,0.0,0.0,1.0,0.0,0.0,1.0,0.0,1.0,0.0,0.0,1.0,0.0,0.0,0.0,0.0,0.0,0.0,0.0,1.0,0.0,0.0,1.75,0.25,16
1,2,2,4,4,3,3,0,0.14,0,0,3,25,2,0,2,35,0,4,9,3,2,1.0,0.0,0.0,0.0,0.0,0.0,0.0,0.0,1.0,1.0,0.0,0.0,0.0,0.0,1.0,0.0,0.0,0.0,0.0,0.0,0.0,0.0,1.0,0.0,3.0,0.5,28
1,4,2,4,4,4,4,0,0.22,0,2,4,6,4,5,7,31,0,4,13,7,7,0.0,0.0,0.0,0.0,0.0,1.0,0.0,0.0,1.0,0.0,1.0,0.0,0.0,1.0,0.0,0.0,0.0,0.0,0.0,0.0,0.0,1.0,0.0,0.0,3.25,0.875,10
1,2,1,3,3,2,3,0,0.12,0,2,5,6,4,0,3,27,1,0,6,5,3,0.0,0.0,0.0,0.0,0.0,1.0,0.0,0.0,1.0,0.0,1.0,0.0,1.0,0.0,0.0,0.0,0.0,0.0,0.0,0.0,0.0,0.0,1.0,0.0,2.25,0.5,9
4,3,2,3,3,2,3,1,0.11,0,1,3,2,3,1,0,37,0,4,17,3,0,0.0,0.0,0.0,1.0,0.0,0.0,0.0,0.0,1.0,0.0,0.0,1.0,0.0,1.0,0.0,0.0,0.0,0.0,0.0,0.0,0.0,1.0,0.0,0.0,3.0,0.0,6
4,2,1,2,4,4,3,0,0.13,0,0,0,1,3,0,0,20,1,1,1,1,0,0.0,0.0,1.0,0.0,0.0,0.0,0.0,0.0,1.0,1.0,0.0,0.0,1.0,0.0,0.0,0.0,0.0,0.0,0.0,0.0,0.0,0.0,1.0,0.0,3.5,0.0,4
3,3,2,4,2,3,3,0,0.13,0,2,4,2,4,2,2,42,1,1,10,10,2,0.0,0.0,1.0,0.0,0.0,0.0,0.0,0.0,1.0,0.0,0.0,1.0,0.0,0.0,0.0,0.0,1.0,0.0,0.0,0.0,0.0,0.0,1.0,0.0,3.0,0.18181818181818182,5
2,2,4,4,3,2,3,1,0.14,0,1,3,6,4,0,0,43,0,4,21,1,0,1.0,0.0,0.0,0.0,0.0,0.0,0.0,0.0,1.0,0.0,1.0,0.0,0.0,0.0,0.0,1.0,0.0,0.0,0.0,0.0,0.0,0.0,1.0,0.0,2.75,0.0,10
3,3,1,1,4,2,3,0,0.17,0,0,3,1,1,0,0,38,1,3,8,0,0,0.0,0.0,1.0,0.0,0.0,0.0,0.0,0.0,1.0,1.0,0.0,0.0,1.0,0.0,0.0,0.0,0.0,0.0,0.0,0.0,0.0,0.0,1.0,0.0,2.5,0.0,4
4,3,2,3,2,3,3,1,0.13,0,1,3,9,5,4,7,43,0,3,10,8,7,0.0,0.0,0.0,0.0,0.0,1.0,0.0,1.0,0.0,0.0,1.0,0.0,0.0,0.0,1.0,0.0,0.0,0.0,0.0,0.0,0.0,0.0,1.0,0.0,3.0,0.7777777777777778,13
4,2,4,1,1,1,3,0,0.11,0,1,3,1,4,0,2,48,1,7,21,3,2,0.0,0.0,1.0,0.0,0.0,0.0,0.0,0.0,1.0,0.0,0.0,1.0,0.0,0.0,0.0,0.0,0.0,0.0,0.0,1.0,0.0,0.0,1.0,0.0,1.75,0.5,4
1,2,2,3,2,4,3,0,0.11,0,0,1,1,4,0,2,44,1,4,10,2,2,0.0,0.0,1.0,0.0,0.0,0.0,0.0,0.0,1.0,1.0,0.0,0.0,0.0,0.0,0.0,0.0,0.0,0.0,1.0,0.0,0.0,0.0,0.0,1.0,2.5,0.6666666666666666,4
3,3,1,3,4,3,3,1,0.18,0,2,3,14,3,0,6,34,1,1,8,8,2,0.0,1.0,0.0,0.0,0.0,0.0,0.0,0.0,1.0,0.0,1.0,0.0,0.0,0.0,0.0,0.0,0.0,1.0,0.0,0.0,0.0,1.0,0.0,0.0,3.25,0.2222222222222222,18
3,3,1,1,2,3,3,0,0.11,1,1,3,2,1,0,2,27,0,0,5,4,3,0.0,0.0,0.0,1.0,0.0,0.0,0.0,0.0,1.0,0.0,1.0,0.0,0.0,0.0,0.0,0.0,0.0,1.0,0.0,0.0,0.0,1.0,0.0,0.0,2.25,0.6,5
3,3,1,3,3,3,3,0,0.11,0,0,2,22,1,1,2,21,0,1,3,3,2,0.0,1.0,0.0,0.0,0.0,0.0,0.0,0.0,1.0,1.0,0.0,0.0,0.0,0.0,0.0,0.0,0.0,1.0,0.0,0.0,0.0,1.0,0.0,0.0,3.0,0.5,25
4,3,5,4,1,4,3,1,0.12,0,1,2,3,4,0,1,44,0,4,26,2,2,1.0,0.0,0.0,0.0,0.0,0.0,0.0,0.0,1.0,0.0,0.0,1.0,0.0,0.0,0.0,0.0,0.0,0.0,0.0,1.0,0.0,0.0,1.0,0.0,3.25,0.6666666666666666,7
1,3,1,3,4,3,4,0,0.2,0,0,3,6,1,2,2,22,0,0,3,2,2,0.0,0.0,0.0,0.0,0.0,1.0,0.0,0.0,1.0,0.0,0.0,1.0,1.0,0.0,0.0,0.0,0.0,0.0,0.0,0.0,0.0,0.0,1.0,0.0,2.75,0.6666666666666666,10
3,3,2,3,4,3,3,0,0.12,0,0,3,8,4,1,2,33,0,0,6,5,0,0.0,0.0,0.0,1.0,0.0,0.0,0.0,0.0,1.0,0.0,1.0,0.0,0.0,1.0,0.0,0.0,0.0,0.0,0.0,0.0,0.0,1.0,0.0,0.0,3.25,0.0,11
1,3,2,4,4,2,3,1,0.12,0,1,2,9,4,0,5,32,1,1,6,6,4,0.0,0.0,1.0,0.0,0.0,0.0,0.0,0.0,1.0,0.0,0.0,1.0,1.0,0.0,0.0,0.0,0.0,0.0,0.0,0.0,0.0,0.0,1.0,0.0,2.75,0.5714285714285714,13
3,3,1,3,3,3,4,0,0.2,0,1,2,3,3,0,0,30,1,1,1,1,0,0.0,0.0,0.0,0.0,0.0,1.0,0.0,1.0,0.0,0.0,1.0,0.0,1.0,0.0,0.0,0.0,0.0,0.0,0.0,0.0,0.0,0.0,1.0,0.0,3.0,0.0,7
4,3,2,1,4,4,4,0,0.2,0,0,2,1,1,8,10,53,1,7,18,14,7,0.0,0.0,0.0,0.0,0.0,1.0,0.0,0.0,1.0,1.0,0.0,0.0,0.0,1.0,0.0,0.0,0.0,0.0,0.0,0.0,0.0,1.0,0.0,0.0,3.25,0.4666666666666667,5
2,3,1,4,4,2,3,0,0.12,0,1,4,1,5,8,8,34,0,1,10,10,9,0.0,0.0,1.0,0.0,0.0,0.0,0.0,0.0,1.0,0.0,0.0,1.0,1.0,0.0,0.0,0.0,0.0,0.0,0.0,0.0,0.0,0.0,1.0,0.0,3.0,0.8181818181818182,4
1,3,2,1,4,3,3,0,0.14,1,2,4,26,4,0,0,45,1,2,5,1,1,0.0,0.0,1.0,0.0,0.0,0.0,0.0,1.0,0.0,0.0,0.0,1.0,0.0,1.0,0.0,0.0,0.0,0.0,0.0,0.0,0.0,1.0,0.0,0.0,2.25,0.5,29
3,3,1,4,3,3,3,1,0.13,0,1,2,6,3,0,2,26,1,1,3,3,2,0.0,0.0,1.0,0.0,0.0,0.0,0.0,0.0,1.0,0.0,0.0,1.0,0.0,0.0,1.0,0.0,0.0,0.0,0.0,0.0,0.0,0.0,1.0,0.0,3.25,0.5,10
3,3,3,3,3,3,3,0,0.15,0,1,2,3,3,7,8,37,0,1,10,10,7,1.0,0.0,0.0,0.0,0.0,0.0,0.0,0.0,1.0,0.0,0.0,1.0,0.0,0.0,0.0,0.0,0.0,0.0,0.0,0.0,1.0,0.0,1.0,0.0,3.0,0.6363636363636364,6
2,3,2,3,1,2,3,0,0.14,0,1,5,3,2,1,2,29,1,1,6,6,0,0.0,0.0,0.0,0.0,0.0,1.0,0.0,0.0,1.0,0.0,0.0,1.0,0.0,1.0,0.0,0.0,0.0,0.0,0.0,0.0,0.0,1.0,0.0,0.0,2.0,0.0,6
2,1,2,4,2,3,3,0,0.13,0,0,3,6,4,11,8,35,0,1,17,17,11,0.0,0.0,1.0,0.0,0.0,0.0,0.0,0.0,1.0,1.0,0.0,0.0,1.0,0.0,0.0,0.0,0.0,0.0,0.0,0.0,0.0,0.0,1.0,0.0,2.75,0.6111111111111112,9
3,3,2,4,3,1,4,0,0.23,0,1,2,6,3,4,7,33,0,3,15,13,11,0.0,0.0,1.0,0.0,0.0,0.0,0.0,1.0,0.0,0.0,1.0,0.0,0.0,0.0,0.0,0.0,1.0,0.0,0.0,0.0,0.0,0.0,1.0,0.0,2.75,0.7857142857142857,10
3,3,3,2,3,4,3,0,0.15,0,1,1,19,4,7,1,54,0,2,16,9,7,0.0,0.0,0.0,0.0,0.0,1.0,0.0,0.0,1.0,0.0,0.0,1.0,0.0,0.0,0.0,0.0,0.0,0.0,1.0,0.0,0.0,0.0,0.0,1.0,3.0,0.7,22
2,2,2,2,3,3,3,1,0.11,0,1,2,9,2,0,2,36,0,2,13,3,2,0.0,0.0,0.0,0.0,0.0,1.0,0.0,0.0,1.0,0.0,1.0,0.0,0.0,0.0,0.0,0.0,0.0,0.0,0.0,0.0,1.0,0.0,1.0,0.0,2.5,0.5,13
1,2,1,4,4,3,3,0,0.13,0,0,0,3,4,1,1,27,0,0,5,4,2,0.0,0.0,0.0,0.0,0.0,1.0,0.0,0.0,1.0,1.0,0.0,0.0,1.0,0.0,0.0,0.0,0.0,0.0,0.0,0.0,0.0,0.0,1.0,0.0,3.0,0.4,6
4,3,1,3,4,3,3,1,0.11,1,0,5,10,1,1,1,20,0,1,1,1,0,0.0,0.0,0.0,0.0,0.0,1.0,0.0,0.0,1.0,1.0,0.0,0.0,1.0,0.0,0.0,0.0,0.0,0.0,0.0,0.0,0.0,0.0,1.0,0.0,3.5,0.0,14
1,3,1,1,1,3,3,1,0.11,1,0,3,3,3,9,7,33,0,1,10,10,8,0.0,0.0,1.0,0.0,0.0,0.0,0.0,1.0,0.0,1.0,0.0,0.0,1.0,0.0,0.0,0.0,0.0,0.0,0.0,0.0,0.0,0.0,1.0,0.0,1.5,0.7272727272727273,7
3,2,1,3,3,3,3,0,0.18,0,2,3,3,3,0,0,35,0,1,1,1,0,0.0,0.0,1.0,0.0,0.0,0.0,1.0,0.0,0.0,0.0,0.0,1.0,0.0,0.0,1.0,0.0,0.0,0.0,0.0,0.0,0.0,0.0,1.0,0.0,3.0,0.0,6
1,4,1,1,1,4,3,0,0.16,0,1,3,4,3,0,2,23,0,2,5,3,2,0.0,0.0,0.0,0.0,0.0,1.0,0.0,0.0,1.0,0.0,0.0,1.0,1.0,0.0,0.0,0.0,0.0,0.0,0.0,0.0,0.0,0.0,1.0,0.0,1.75,0.5,7
4,4,2,2,3,3,4,0,0.22,0,1,4,8,3,1,2,25,0,0,4,3,2,0.0,0.0,1.0,0.0,0.0,0.0,0.0,0.0,1.0,0.0,0.0,1.0,0.0,1.0,0.0,0.0,0.0,0.0,0.0,0.0,0.0,1.0,0.0,0.0,3.0,0.5,12
4,2,2,4,1,3,4,0,0.2,0,0,2,7,4,0,5,38,1,0,8,7,7,0.0,0.0,0.0,1.0,0.0,0.0,0.0,0.0,1.0,1.0,0.0,0.0,0.0,1.0,0.0,0.0,0.0,0.0,0.0,0.0,0.0,1.0,0.0,0.0,3.0,0.875,11
2,1,1,4,4,3,3,0,0.18,0,1,5,1,4,2,8,29,0,1,10,10,7,0.0,0.0,1.0,0.0,0.0,0.0,0.0,1.0,0.0,0.0,1.0,0.0,1.0,0.0,0.0,0.0,0.0,0.0,0.0,0.0,0.0,0.0,1.0,0.0,3.25,0.6363636363636364,4
2,4,2,2,4,3,3,0,0.12,0,0,3,2,1,2,2,48,0,3,12,2,2,0.0,0.0,0.0,1.0,0.0,0.0,0.0,0.0,1.0,0.0,0.0,1.0,0.0,1.0,0.0,0.0,0.0,0.0,0.0,0.0,0.0,1.0,0.0,0.0,2.75,0.6666666666666666,5
4,4,2,4,2,3,4,1,0.2,0,2,3,3,1,0,4,27,1,1,6,6,5,0.0,0.0,0.0,0.0,0.0,1.0,0.0,1.0,0.0,0.0,1.0,0.0,0.0,1.0,0.0,0.0,0.0,0.0,0.0,0.0,0.0,1.0,0.0,0.0,3.25,0.7142857142857143,8
4,4,1,4,1,3,3,0,0.17,0,0,2,10,2,0,0,37,0,3,4,1,0,0.0,0.0,1.0,0.0,0.0,0.0,0.0,0.0,1.0,1.0,0.0,0.0,1.0,0.0,0.0,0.0,0.0,0.0,0.0,0.0,0.0,0.0,1.0,0.0,3.0,0.0,13
4,4,1,3,3,3,3,1,0.11,0,3,3,28,1,3,8,50,0,1,20,20,8,0.0,0.0,0.0,0.0,0.0,1.0,0.0,0.0,1.0,0.0,0.0,1.0,0.0,0.0,1.0,0.0,0.0,0.0,0.0,0.0,0.0,0.0,1.0,0.0,3.25,0.38095238095238093,32
4,2,3,2,2,4,3,0,0.14,0,0,3,9,3,7,7,34,1,1,9,8,7,0.0,0.0,0.0,0.0,0.0,1.0,0.0,0.0,1.0,1.0,0.0,0.0,0.0,0.0,0.0,0.0,1.0,0.0,0.0,0.0,0.0,0.0,1.0,0.0,3.0,0.7777777777777778,12
1,3,2,3,1,3,3,0,0.14,1,0,3,3,2,2,0,24,1,9,4,2,2,0.0,0.0,1.0,0.0,0.0,0.0,0.0,0.0,1.0,1.0,0.0,0.0,0.0,1.0,0.0,0.0,0.0,0.0,0.0,0.0,0.0,1.0,0.0,0.0,2.0,0.6666666666666666,6
4,2,2,3,1,3,3,0,0.11,0,0,4,2,4,11,10,39,1,1,20,20,7,0.0,1.0,0.0,0.0,0.0,0.0,0.0,0.0,1.0,1.0,0.0,0.0,0.0,0.0,0.0,0.0,1.0,0.0,0.0,0.0,0.0,0.0,1.0,0.0,2.75,0.3333333333333333,5
4,3,2,4,4,2,3,0,0.12,0,0,2,10,3,0,8,32,0,1,10,10,7,0.0,0.0,0.0,1.0,0.0,0.0,0.0,0.0,1.0,1.0,0.0,0.0,0.0,1.0,0.0,0.0,0.0,0.0,0.0,0.0,0.0,1.0,0.0,0.0,3.5,0.6363636363636364,13
2,3,2,3,1,3,3,1,0.14,1,1,4,8,2,1,3,50,0,3,18,4,3,0.0,1.0,0.0,0.0,0.0,0.0,0.0,1.0,0.0,0.0,0.0,1.0,0.0,1.0,0.0,0.0,0.0,0.0,0.0,0.0,0.0,1.0,0.0,0.0,2.25,0.6,12
2,4,2,4,3,2,3,0,0.13,0,0,4,1,4,1,8,38,1,0,10,9,7,0.0,0.0,1.0,0.0,0.0,0.0,0.0,0.0,1.0,1.0,0.0,0.0,0.0,0.0,0.0,0.0,1.0,0.0,0.0,0.0,0.0,0.0,1.0,0.0,2.75,0.7,4
3,3,3,1,4,3,3,0,0.11,0,0,3,1,2,0,7,27,1,1,9,9,7,0.0,0.0,1.0,0.0,0.0,0.0,0.0,0.0,1.0,0.0,0.0,1.0,0.0,0.0,0.0,0.0,0.0,0.0,0.0,0.0,1.0,0.0,1.0,0.0,2.75,0.7,4
3,3,3,4,4,3,3,0,0.15,0,0,6,3,2,7,7,32,1,3,10,7,7,0.0,0.0,1.0,0.0,0.0,0.0,0.0,0.0,1.0,1.0,0.0,0.0,0.0,0.0,0.0,1.0,0.0,0.0,0.0,0.0,0.0,0.0,1.0,0.0,3.5,0.875,6
4,3,2,1,4,3,3,0,0.12,0,0,2,14,4,1,7,47,0,2,20,7,7,0.0,0.0,0.0,1.0,0.0,0.0,0.0,0.0,1.0,1.0,0.0,0.0,0.0,1.0,0.0,0.0,0.0,0.0,0.0,0.0,0.0,1.0,0.0,0.0,3.0,0.875,17
4,2,3,1,3,3,4,1,0.21,0,1,2,5,4,1,12,40,0,5,20,18,13,0.0,0.0,1.0,0.0,0.0,0.0,0.0,1.0,0.0,0.0,0.0,1.0,0.0,1.0,0.0,0.0,0.0,0.0,0.0,0.0,0.0,1.0,0.0,0.0,2.75,0.6842105263157895,10
3,4,4,3,3,3,3,0,0.19,0,0,3,7,3,1,3,53,0,3,32,5,1,0.0,0.0,1.0,0.0,0.0,0.0,0.0,0.0,1.0,0.0,0.0,1.0,0.0,0.0,0.0,1.0,0.0,0.0,0.0,0.0,0.0,0.0,1.0,0.0,3.0,0.16666666666666666,10
2,2,5,4,2,2,3,0,0.15,0,3,2,10,4,12,6,41,0,3,23,21,6,0.0,0.0,0.0,0.0,1.0,0.0,0.0,0.0,1.0,0.0,1.0,0.0,0.0,0.0,0.0,0.0,0.0,0.0,0.0,1.0,0.0,0.0,0.0,1.0,2.5,0.2727272727272727,13
1,3,2,1,4,3,3,0,0.14,0,0,1,16,4,2,2,60,0,8,10,2,2,0.0,0.0,0.0,1.0,0.0,0.0,0.0,0.0,1.0,1.0,0.0,0.0,0.0,1.0,0.0,0.0,0.0,0.0,0.0,0.0,0.0,1.0,0.0,0.0,2.25,0.6666666666666666,19
4,3,3,1,3,2,4,0,0.21,0,2,4,10,2,1,7,27,0,1,9,9,7,0.0,0.0,1.0,0.0,0.0,0.0,0.0,1.0,0.0,0.0,1.0,0.0,0.0,0.0,0.0,0.0,0.0,0.0,0.0,0.0,1.0,0.0,1.0,0.0,2.5,0.7,14
4,2,5,3,2,3,3,0,0.12,0,1,3,1,3,2,10,41,0,1,22,22,7,0.0,0.0,0.0,0.0,1.0,0.0,0.0,0.0,1.0,0.0,0.0,1.0,0.0,0.0,0.0,0.0,0.0,0.0,0.0,1.0,0.0,0.0,0.0,1.0,3.0,0.30434782608695654,4
4,3,1,2,4,3,3,0,0.15,0,1,2,8,4,2,2,50,0,7,4,2,2,0.0,0.0,0.0,1.0,0.0,0.0,0.0,0.0,1.0,0.0,0.0,1.0,0.0,0.0,0.0,0.0,0.0,1.0,0.0,0.0,0.0,1.0,0.0,0.0,3.25,0.6666666666666666,11
1,1,1,2,4,3,3,1,0.13,1,0,4,1,2,3,7,28,1,7,10,7,7,0.0,0.0,1.0,0.0,0.0,0.0,0.0,0.0,1.0,1.0,0.0,0.0,1.0,0.0,0.0,0.0,0.0,0.0,0.0,0.0,0.0,0.0,1.0,0.0,2.5,0.875,5
1,4,3,1,1,3,3,0,0.14,0,1,2,8,3,0,5,36,1,9,10,8,7,0.0,0.0,1.0,0.0,0.0,0.0,1.0,0.0,0.0,0.0,0.0,1.0,0.0,0.0,0.0,1.0,0.0,0.0,0.0,0.0,0.0,0.0,1.0,0.0,1.5,0.7777777777777778,11
3,3,3,3,4,4,3,1,0.14,0,0,4,1,3,0,0,38,1,4,10,1,0,0.0,0.0,1.0,0.0,0.0,0.0,0.0,0.0,1.0,1.0,0.0,0.0,0.0,0.0,0.0,0.0,0.0,0.0,0.0,0.0,1.0,0.0,1.0,0.0,3.5,0.0,5
1,1,1,3,3,3,3,0,0.14,0,0,5,24,3,1,4,44,0,2,9,5,2,0.0,0.0,0.0,0.0,0.0,1.0,1.0,0.0,0.0,1.0,0.0,0.0,0.0,0.0,1.0,0.0,0.0,0.0,0.0,0.0,0.0,0.0,1.0,0.0,2.5,0.3333333333333333,27
4,3,4,3,4,2,3,1,0.12,0,2,2,3,3,11,13,47,1,9,28,22,2,0.0,0.0,0.0,0.0,0.0,1.0,0.0,1.0,0.0,0.0,1.0,0.0,0.0,1.0,0.0,0.0,0.0,0.0,0.0,0.0,0.0,1.0,0.0,0.0,3.25,0.08695652173913043,7
3,3,2,4,4,2,4,0,0.23,0,1,2,27,5,7,7,30,0,7,10,8,7,0.0,0.0,0.0,1.0,0.0,0.0,0.0,0.0,1.0,0.0,1.0,0.0,0.0,1.0,0.0,0.0,0.0,0.0,0.0,0.0,0.0,1.0,0.0,0.0,3.25,0.7777777777777778,31
3,3,1,3,3,3,3,0,0.11,0,0,6,10,3,0,0,29,0,1,1,1,0,0.0,0.0,1.0,0.0,0.0,0.0,0.0,0.0,1.0,1.0,0.0,0.0,0.0,0.0,0.0,0.0,0.0,1.0,0.0,0.0,0.0,1.0,0.0,0.0,3.0,0.0,13
3,4,1,3,4,3,3,1,0.12,1,0,2,19,3,2,2,42,0,6,7,2,2,0.0,0.0,0.0,0.0,0.0,1.0,0.0,1.0,0.0,0.0,1.0,0.0,1.0,0.0,0.0,0.0,0.0,0.0,0.0,0.0,0.0,0.0,1.0,0.0,3.25,0.6666666666666666,23
4,2,2,4,3,3,3,0,0.18,0,1,5,15,3,2,2,43,0,3,7,2,2,0.0,0.0,1.0,0.0,0.0,0.0,0.0,1.0,0.0,0.0,0.0,1.0,0.0,1.0,0.0,0.0,0.0,0.0,0.0,0.0,0.0,1.0,0.0,0.0,3.5,0.6666666666666666,18
2,3,2,3,4,3,3,0,0.11,0,0,2,8,2,4,3,34,1,3,10,5,1,0.0,0.0,0.0,0.0,0.0,1.0,0.0,0.0,1.0,1.0,0.0,0.0,0.0,0.0,0.0,0.0,1.0,0.0,0.0,0.0,0.0,0.0,1.0,0.0,3.0,0.16666666666666666,11
2,3,1,1,4,4,3,0,0.14,0,1,2,9,1,0,2,23,0,1,5,4,3,0.0,0.0,0.0,0.0,0.0,1.0,0.0,0.0,1.0,0.0,0.0,1.0,0.0,0.0,1.0,0.0,0.0,0.0,0.0,0.0,0.0,0.0,1.0,0.0,2.75,0.6,12
3,4,2,2,3,1,3,0,0.15,0,1,3,3,3,3,6,39,1,9,12,8,3,0.0,0.0,0.0,0.0,1.0,0.0,0.0,0.0,1.0,0.0,0.0,1.0,0.0,0.0,0.0,0.0,0.0,0.0,1.0,0.0,0.0,0.0,0.0,1.0,2.25,0.3333333333333333,6
3,3,4,4,3,2,3,0,0.11,0,0,1,9,3,1,1,56,0,7,30,10,7,0.0,0.0,0.0,0.0,0.0,1.0,0.0,0.0,1.0,0.0,0.0,1.0,0.0,0.0,0.0,0.0,1.0,0.0,0.0,0.0,0.0,0.0,1.0,0.0,3.0,0.6363636363636364,12
4,2,1,4,4,2,4,1,0.2,0,0,2,2,1,2,3,40,1,0,5,4,2,0.0,0.0,0.0,0.0,0.0,1.0,0.0,0.0,1.0,1.0,0.0,0.0,1.0,0.0,0.0,0.0,0.0,0.0,0.0,0.0,0.0,0.0,1.0,0.0,3.5,0.4,7
4,2,2,1,1,1,3,0,0.19,0,0,2,7,3,0,7,27,1,8,9,7,6,0.0,0.0,0.0,0.0,0.0,1.0,0.0,0.0,1.0,1.0,0.0,0.0,0.0,0.0,0.0,0.0,1.0,0.0,0.0,0.0,0.0,0.0,1.0,0.0,1.75,0.75,10
4,3,1,2,4,3,3,0,0.14,0,2,2,10,3,2,2,29,0,1,2,2,2,0.0,0.0,0.0,1.0,0.0,0.0,0.0,0.0,1.0,0.0,1.0,0.0,0.0,0.0,0.0,0.0,0.0,1.0,0.0,0.0,0.0,1.0,0.0,0.0,3.25,0.6666666666666666,13
4,3,2,4,4,3,3,0,0.17,0,0,4,6,3,2,2,53,0,2,19,2,2,0.0,0.0,1.0,0.0,0.0,0.0,0.0,0.0,1.0,1.0,0.0,0.0,0.0,0.0,1.0,0.0,0.0,0.0,0.0,0.0,0.0,0.0,1.0,0.0,3.75,0.6666666666666666,9
4,3,2,1,1,4,3,0,0.11,0,1,2,2,4,0,0,35,1,2,16,1,0,0.0,0.0,1.0,0.0,0.0,0.0,1.0,0.0,0.0,0.0,1.0,0.0,0.0,0.0,0.0,0.0,1.0,0.0,0.0,0.0,0.0,0.0,1.0,0.0,2.5,0.0,5
1,3,2,4,4,3,3,0,0.15,0,2,2,24,4,4,7,32,0,1,10,10,8,0.0,0.0,1.0,0.0,0.0,0.0,0.0,1.0,0.0,0.0,0.0,1.0,0.0,0.0,1.0,0.0,0.0,0.0,0.0,0.0,0.0,0.0,1.0,0.0,3.0,0.7272727272727273,27
4,3,1,3,2,1,3,1,0.13,0,1,0,2,5,0,1,38,0,6,6,1,0,0.0,0.0,0.0,0.0,0.0,1.0,0.0,0.0,1.0,0.0,0.0,1.0,1.0,0.0,0.0,0.0,0.0,0.0,0.0,0.0,0.0,0.0,1.0,0.0,2.5,0.0,6
2,3,2,1,3,3,3,0,0.14,0,1,3,8,5,0,0,34,1,3,7,0,0,0.0,0.0,1.0,0.0,0.0,0.0,0.0,0.0,1.0,0.0,1.0,0.0,0.0,0.0,0.0,0.0,0.0,0.0,0.0,0.0,1.0,0.0,1.0,0.0,2.25,0.0,11
3,2,4,1,1,4,3,0,0.11,0,0,3,3,4,1,16,52,0,1,34,34,6,0.0,0.0,0.0,1.0,0.0,0.0,0.0,0.0,1.0,0.0,0.0,1.0,0.0,0.0,0.0,0.0,0.0,0.0,0.0,1.0,0.0,1.0,0.0,0.0,2.25,0.17142857142857143,6
4,3,1,4,3,2,3,1,0.13,1,0,2,1,4,7,8,33,0,1,10,10,9,1.0,0.0,0.0,0.0,0.0,0.0,0.0,0.0,1.0,1.0,0.0,0.0,1.0,0.0,0.0,0.0,0.0,0.0,0.0,0.0,0.0,0.0,1.0,0.0,3.25,0.8181818181818182,5
3,3,2,4,2,2,4,0,0.23,0,0,5,26,1,1,4,25,1,1,6,6,5,0.0,0.0,0.0,0.0,0.0,1.0,0.0,0.0,1.0,1.0,0.0,0.0,0.0,1.0,0.0,0.0,0.0,0.0,0.0,0.0,0.0,1.0,0.0,0.0,2.75,0.7142857142857143,30
2,1,2,3,1,3,3,0,0.13,0,0,3,2,2,3,1,45,0,0,9,8,7,0.0,1.0,0.0,0.0,0.0,0.0,0.0,0.0,1.0,1.0,0.0,0.0,0.0,0.0,0.0,0.0,0.0,1.0,0.0,0.0,0.0,1.0,0.0,0.0,2.25,0.7777777777777778,5
1,4,1,3,4,3,3,0,0.18,0,0,3,10,1,0,2,23,0,1,2,2,2,0.0,0.0,0.0,0.0,0.0,1.0,0.0,0.0,1.0,1.0,0.0,0.0,1.0,0.0,0.0,0.0,0.0,0.0,0.0,0.0,0.0,0.0,1.0,0.0,2.75,0.6666666666666666,13
2,4,2,3,4,3,3,1,0.12,1,0,2,27,2,1,3,47,1,4,8,5,4,0.0,0.0,1.0,0.0,0.0,0.0,0.0,1.0,0.0,1.0,0.0,0.0,0.0,1.0,0.0,0.0,0.0,0.0,0.0,0.0,0.0,1.0,0.0,0.0,3.0,0.6666666666666666,31
4,3,2,4,3,3,4,0,0.22,0,0,5,2,3,1,4,34,0,1,6,6,5,1.0,0.0,0.0,0.0,0.0,0.0,0.0,0.0,1.0,1.0,0.0,0.0,0.0,1.0,0.0,0.0,0.0,0.0,0.0,0.0,0.0,1.0,0.0,0.0,3.5,0.7142857142857143,6
4,3,5,1,4,3,3,1,0.13,1,1,2,2,3,1,4,55,0,5,24,5,2,0.0,0.0,0.0,0.0,0.0,1.0,0.0,0.0,1.0,0.0,0.0,1.0,0.0,0.0,0.0,0.0,0.0,0.0,0.0,1.0,0.0,0.0,1.0,0.0,3.0,0.3333333333333333,6
1,2,3,1,2,3,3,0,0.15,0,0,1,8,4,0,9,36,0,1,10,10,7,0.0,0.0,1.0,0.0,0.0,0.0,1.0,0.0,0.0,1.0,0.0,0.0,0.0,1.0,0.0,0.0,0.0,0.0,0.0,0.0,0.0,1.0,0.0,0.0,1.75,0.6363636363636364,11
4,3,1,4,1,3,3,0,0.18,0,1,3,19,4,1,2,52,0,0,5,4,3,0.0,0.0,0.0,0.0,0.0,1.0,1.0,0.0,0.0,0.0,0.0,1.0,1.0,0.0,0.0,0.0,0.0,0.0,0.0,0.0,0.0,0.0,1.0,0.0,3.0,0.6,22
1,1,1,4,1,3,3,0,0.14,0,1,2,1,2,2,0,26,1,3,5,2,2,0.0,0.0,1.0,0.0,0.0,0.0,0.0,1.0,0.0,0.0,1.0,0.0,0.0,0.0,1.0,0.0,0.0,0.0,0.0,0.0,0.0,0.0,1.0,0.0,2.25,0.6666666666666666,4
2,3,2,3,1,2,3,0,0.12,0,1,3,27,3,1,1,29,1,4,11,8,7,0.0,0.0,0.0,0.0,0.0,1.0,0.0,0.0,1.0,0.0,0.0,1.0,0.0,0.0,0.0,0.0,1.0,0.0,0.0,0.0,0.0,0.0,1.0,0.0,2.0,0.7777777777777778,30
4,2,2,1,3,2,3,0,0.17,1,0,2,8,3,1,2,26,0,6,6,4,3,0.0,1.0,0.0,0.0,0.0,0.0,0.0,0.0,1.0,1.0,0.0,0.0,0.0,1.0,0.0,0.0,0.0,0.0,0.0,0.0,0.0,1.0,0.0,0.0,2.5,0.6,11
2,4,1,4,3,3,3,0,0.16,0,0,2,1,4,1,3,34,1,2,10,4,2,0.0,0.0,1.0,0.0,0.0,0.0,0.0,0.0,1.0,1.0,0.0,0.0,1.0,0.0,0.0,0.0,0.0,0.0,0.0,0.0,0.0,0.0,1.0,0.0,3.0,0.4,4
4,3,2,1,2,3,3,1,0.11,0,2,4,19,4,1,4,54,1,9,9,5,3,0.0,0.0,0.0,0.0,0.0,1.0,0.0,0.0,1.0,0.0,1.0,0.0,0.0,0.0,0.0,0.0,0.0,0.0,0.0,0.0,1.0,0.0,1.0,0.0,2.5,0.5,23
3,3,2,4,2,3,3,0,0.19,0,1,3,8,1,1,1,27,0,0,5,4,2,0.0,0.0,0.0,1.0,0.0,0.0,0.0,1.0,0.0,0.0,0.0,1.0,0.0,1.0,0.0,0.0,0.0,0.0,0.0,0.0,0.0,1.0,0.0,0.0,3.0,0.4,11
4,3,1,1,2,2,3,1,0.13,0,2,3,10,1,4,3,37,1,0,6,5,3,0.0,0.0,1.0,0.0,0.0,0.0,0.0,0.0,1.0,0.0,1.0,0.0,1.0,0.0,0.0,0.0,0.0,0.0,0.0,0.0,0.0,0.0,1.0,0.0,2.25,0.5,14
1,4,2,1,4,3,3,1,0.12,0,0,2,2,4,4,12,38,1,6,17,15,7,0.0,0.0,1.0,0.0,0.0,0.0,0.0,1.0,0.0,1.0,0.0,0.0,0.0,0.0,0.0,0.0,0.0,0.0,0.0,0.0,1.0,0.0,1.0,0.0,2.25,0.4375,6
3,2,1,1,3,3,3,0,0.11,0,0,3,2,4,1,3,34,1,1,6,6,5,0.0,0.0,0.0,0.0,0.0,1.0,0.0,0.0,1.0,1.0,0.0,0.0,1.0,0.0,0.0,0.0,0.0,0.0,0.0,0.0,0.0,0.0,1.0,0.0,2.5,0.7142857142857143,5
1,3,1,4,2,2,3,0,0.16,0,1,1,8,4,0,2,35,1,1,3,3,2,0.0,0.0,1.0,0.0,0.0,0.0,0.0,0.0,1.0,0.0,0.0,1.0,0.0,0.0,0.0,0.0,0.0,1.0,0.0,0.0,0.0,1.0,0.0,0.0,2.25,0.5,11
4,1,1,3,3,3,4,0,0.21,0,2,2,1,3,0,2,30,0,3,7,2,2,0.0,0.0,1.0,0.0,0.0,0.0,0.0,0.0,1.0,0.0,0.0,1.0,0.0,0.0,1.0,0.0,0.0,0.0,0.0,0.0,0.0,0.0,1.0,0.0,3.25,0.6666666666666666,5
3,4,2,2,4,3,4,0,0.24,0,1,2,2,2,3,7,40,1,1,8,8,7,0.0,0.0,0.0,0.0,0.0,1.0,0.0,1.0,0.0,0.0,0.0,1.0,0.0,0.0,0.0,0.0,1.0,0.0,0.0,0.0,0.0,0.0,1.0,0.0,3.0,0.7777777777777778,6
3,3,2,1,2,3,3,0,0.17,0,1,1,8,2,1,2,34,1,5,6,3,2,0.0,0.0,1.0,0.0,0.0,0.0,0.0,0.0,1.0,0.0,0.0,1.0,0.0,1.0,0.0,0.0,0.0,0.0,0.0,0.0,0.0,1.0,0.0,0.0,2.25,0.5,11
2,3,5,4,2,2,3,0,0.13,0,1,4,8,3,14,9,42,0,1,24,24,7,0.0,0.0,1.0,0.0,0.0,0.0,0.0,1.0,0.0,0.0,1.0,0.0,0.0,0.0,0.0,0.0,0.0,0.0,0.0,1.0,0.0,0.0,1.0,0.0,2.5,0.28,11
3,4,1,1,3,3,4,1,0.21,1,2,2,6,3,0,0,23,0,1,1,0,0,0.0,0.0,1.0,0.0,0.0,0.0,0.0,0.0,1.0,0.0,0.0,1.0,0.0,0.0,1.0,0.0,0.0,0.0,0.0,0.0,0.0,0.0,1.0,0.0,2.5,0.0,11
3,2,1,2,3,3,3,0,0.11,0,3,4,9,3,0,0,24,0,1,1,1,0,0.0,0.0,1.0,0.0,0.0,0.0,1.0,0.0,0.0,0.0,1.0,0.0,0.0,0.0,1.0,0.0,0.0,0.0,0.0,0.0,0.0,0.0,1.0,0.0,2.75,0.0,12
4,3,2,3,2,3,4,0,0.2,0,1,3,11,4,1,4,52,1,8,9,5,2,0.0,0.0,1.0,0.0,0.0,0.0,0.0,0.0,1.0,0.0,0.0,1.0,0.0,0.0,1.0,0.0,0.0,0.0,0.0,0.0,0.0,0.0,1.0,0.0,3.0,0.3333333333333333,15
3,3,4,3,4,3,3,0,0.16,0,0,3,2,3,0,3,50,0,5,30,4,3,0.0,0.0,0.0,0.0,0.0,1.0,0.0,0.0,1.0,0.0,0.0,1.0,0.0,0.0,0.0,1.0,0.0,0.0,0.0,0.0,0.0,0.0,1.0,0.0,3.25,0.6,5
2,2,1,1,4,3,3,1,0.11,1,1,1,1,2,0,0,29,1,1,1,1,0,0.0,0.0,1.0,0.0,0.0,0.0,0.0,0.0,1.0,0.0,0.0,1.0,0.0,0.0,1.0,0.0,0.0,0.0,0.0,0.0,0.0,0.0,1.0,0.0,2.5,0.0,5
3,3,3,3,4,4,3,0,0.11,0,0,3,7,3,3,7,33,0,0,14,13,9,0.0,0.0,0.0,0.0,0.0,1.0,0.0,0.0,1.0,0.0,0.0,1.0,0.0,0.0,0.0,1.0,0.0,0.0,0.0,0.0,0.0,0.0,1.0,0.0,3.5,0.6428571428571429,10
1,3,2,1,3,3,3,0,0.15,1,0,3,16,3,0,2,33,1,5,6,3,2,0.0,0.0,0.0,1.0,0.0,0.0,0.0,0.0,1.0,1.0,0.0,0.0,0.0,1.0,0.0,0.0,0.0,0.0,0.0,0.0,0.0,1.0,0.0,0.0,2.0,0.5,19
3,3,4,4,3,2,3,1,0.11,0,1,3,2,2,3,0,47,1,1,26,26,14,1.0,0.0,0.0,0.0,0.0,0.0,0.0,0.0,1.0,0.0,0.0,1.0,0.0,0.0,0.0,0.0,0.0,0.0,0.0,1.0,0.0,0.0,1.0,0.0,3.0,0.5185185185185185,6
3,3,2,2,1,3,3,0,0.15,0,1,2,1,3,0,5,36,1,0,10,9,7,1.0,0.0,0.0,0.0,0.0,0.0,0.0,0.0,1.0,0.0,0.0,1.0,0.0,0.0,0.0,0.0,0.0,0.0,0.0,0.0,1.0,0.0,1.0,0.0,2.25,0.7,4
3,4,1,3,3,3,4,0,0.24,0,1,3,23,2,0,7,29,0,1,10,10,7,0.0,0.0,1.0,0.0,0.0,0.0,0.0,0.0,1.0,0.0,0.0,1.0,1.0,0.0,0.0,0.0,0.0,0.0,0.0,0.0,0.0,0.0,1.0,0.0,3.0,0.6363636363636364,27
4,3,5,2,4,3,3,1,0.12,1,0,2,2,4,13,8,58,0,7,40,31,15,0.0,0.0,1.0,0.0,0.0,0.0,0.0,0.0,1.0,1.0,0.0,0.0,0.0,0.0,0.0,1.0,0.0,0.0,0.0,0.0,0.0,0.0,1.0,0.0,3.25,0.46875,6
4,4,1,3,3,3,3,0,0.13,0,0,0,1,4,2,2,35,1,3,7,2,2,0.0,0.0,1.0,0.0,0.0,0.0,0.0,0.0,1.0,1.0,0.0,0.0,1.0,0.0,0.0,0.0,0.0,0.0,0.0,0.0,0.0,0.0,1.0,0.0,3.25,0.6666666666666666,4
4,2,2,4,4,3,3,1,0.13,0,1,4,1,2,0,2,42,1,9,8,4,3,0.0,0.0,1.0,0.0,0.0,0.0,0.0,0.0,1.0,0.0,0.0,1.0,0.0,0.0,0.0,0.0,0.0,0.0,0.0,0.0,1.0,0.0,1.0,0.0,3.75,0.6,5
3,3,1,3,4,2,3,0,0.17,1,0,3,2,4,2,1,28,0,6,5,2,2,0.0,0.0,0.0,0.0,0.0,1.0,0.0,0.0,1.0,1.0,0.0,0.0,1.0,0.0,0.0,0.0,0.0,0.0,0.0,0.0,0.0,0.0,1.0,0.0,3.0,0.6666666666666666,5
3,3,1,2,2,3,3,0,0.13,0,1,2,13,3,0,4,36,0,4,8,5,2,0.0,0.0,0.0,0.0,1.0,0.0,0.0,0.0,1.0,0.0,0.0,1.0,0.0,0.0,0.0,0.0,0.0,0.0,1.0,0.0,0.0,0.0,0.0,1.0,2.5,0.3333333333333333,16
3,2,2,3,3,3,3,0,0.12,0,1,3,4,3,6,8,32,1,1,14,14,13,0.0,0.0,1.0,0.0,0.0,0.0,0.0,0.0,1.0,0.0,0.0,1.0,0.0,0.0,0.0,0.0,0.0,0.0,0.0,0.0,1.0,0.0,1.0,0.0,3.0,0.8666666666666667,7
1,2,2,3,4,3,3,0,0.14,0,0,6,16,4,0,0,40,0,6,10,1,0,0.0,0.0,0.0,0.0,0.0,1.0,0.0,1.0,0.0,1.0,0.0,0.0,0.0,0.0,1.0,0.0,0.0,0.0,0.0,0.0,0.0,0.0,1.0,0.0,2.75,0.0,19
3,2,2,4,2,2,4,1,0.24,0,0,4,2,3,0,0,30,1,5,12,0,0,0.0,0.0,0.0,0.0,0.0,1.0,0.0,0.0,1.0,1.0,0.0,0.0,0.0,0.0,0.0,0.0,0.0,0.0,0.0,0.0,1.0,0.0,1.0,0.0,2.75,0.0,7
2,2,1,3,4,3,3,0,0.14,0,0,3,2,3,0,0,45,1,1,1,1,0,0.0,0.0,1.0,0.0,0.0,0.0,0.0,0.0,1.0,1.0,0.0,0.0,1.0,0.0,0.0,0.0,0.0,0.0,0.0,0.0,0.0,0.0,1.0,0.0,3.0,0.0,5
2,3,2,2,4,2,3,0,0.13,0,1,3,29,3,7,8,42,0,1,10,9,8,0.0,0.0,1.0,0.0,0.0,0.0,0.0,0.0,1.0,0.0,0.0,1.0,0.0,0.0,0.0,0.0,0.0,0.0,0.0,0.0,1.0,0.0,1.0,0.0,2.5,0.8,32
1,2,2,1,3,2,3,0,0.15,0,1,3,12,3,1,2,38,0,2,13,4,3,0.0,0.0,1.0,0.0,0.0,0.0,0.0,1.0,0.0,0.0,1.0,0.0,0.0,0.0,0.0,0.0,1.0,0.0,0.0,0.0,0.0,0.0,1.0,0.0,1.75,0.6,15
3,2,1,4,3,3,3,0,0.16,0,0,3,16,4,1,3,34,1,1,6,5,2,0.0,0.0,1.0,0.0,0.0,0.0,0.0,1.0,0.0,1.0,0.0,0.0,1.0,0.0,0.0,0.0,0.0,0.0,0.0,0.0,0.0,0.0,1.0,0.0,3.25,0.3333333333333333,19
3,3,3,4,1,4,3,0,0.18,1,2,3,11,3,7,7,49,1,1,9,9,8,0.0,0.0,0.0,1.0,0.0,0.0,0.0,0.0,1.0,0.0,0.0,1.0,0.0,1.0,0.0,0.0,0.0,0.0,0.0,0.0,0.0,1.0,0.0,0.0,3.0,0.8,14
3,3,2,4,3,2,3,0,0.16,1,0,3,2,1,7,3,55,0,4,12,9,7,0.0,0.0,0.0,0.0,0.0,1.0,0.0,0.0,1.0,1.0,0.0,0.0,0.0,1.0,0.0,0.0,0.0,0.0,0.0,0.0,0.0,1.0,0.0,0.0,3.0,0.7,5
2,3,4,1,3,3,4,0,0.24,0,1,3,14,2,1,0,43,0,6,22,4,1,0.0,0.0,1.0,0.0,0.0,0.0,0.0,0.0,1.0,0.0,0.0,1.0,0.0,0.0,0.0,1.0,0.0,0.0,0.0,0.0,0.0,0.0,1.0,0.0,2.25,0.2,18
3,2,3,4,2,3,3,1,0.16,0,1,3,5,1,0,8,27,0,1,9,9,8,0.0,1.0,0.0,0.0,0.0,0.0,0.0,0.0,1.0,0.0,1.0,0.0,0.0,0.0,0.0,1.0,0.0,0.0,0.0,0.0,0.0,0.0,1.0,0.0,3.0,0.8,9
3,3,3,3,2,4,4,0,0.21,0,0,3,7,3,1,6,35,0,3,17,8,5,1.0,0.0,0.0,0.0,0.0,0.0,0.0,0.0,1.0,1.0,0.0,0.0,0.0,0.0,0.0,0.0,0.0,0.0,0.0,0.0,1.0,0.0,1.0,0.0,3.0,0.5555555555555556,11
2,3,2,2,1,3,4,1,0.2,0,0,2,2,4,7,5,28,1,1,8,8,7,0.0,0.0,0.0,1.0,0.0,0.0,0.0,0.0,1.0,0.0,0.0,1.0,0.0,1.0,0.0,0.0,0.0,0.0,0.0,0.0,0.0,1.0,0.0,0.0,2.0,0.7777777777777778,7
3,3,1,4,3,1,3,0,0.19,0,1,1,3,2,0,2,34,0,0,4,3,2,0.0,0.0,0.0,0.0,1.0,0.0,0.0,0.0,1.0,0.0,0.0,1.0,0.0,0.0,0.0,0.0,0.0,0.0,1.0,0.0,0.0,0.0,0.0,1.0,2.75,0.5,6
3,2,1,3,1,3,3,1,0.14,1,1,2,5,2,1,7,26,1,1,8,8,7,0.0,0.0,0.0,0.0,0.0,1.0,0.0,1.0,0.0,0.0,0.0,1.0,1.0,0.0,0.0,0.0,0.0,0.0,0.0,0.0,0.0,0.0,1.0,0.0,2.5,0.7777777777777778,9
4,3,1,4,3,2,3,0,0.11,0,3,6,3,3,0,0,27,0,1,0,0,0,0.0,0.0,0.0,0.0,0.0,1.0,1.0,0.0,0.0,0.0,0.0,1.0,1.0,0.0,0.0,0.0,0.0,0.0,0.0,0.0,0.0,0.0,1.0,0.0,3.25,0.0,6
1,3,4,3,3,2,3,0,0.14,0,1,2,26,4,4,17,51,1,2,29,20,6,0.0,0.0,0.0,1.0,0.0,0.0,0.0,0.0,1.0,0.0,0.0,1.0,0.0,0.0,0.0,0.0,0.0,0.0,0.0,1.0,0.0,1.0,0.0,0.0,2.25,0.2857142857142857,29
4,3,2,2,4,2,3,0,0.12,0,0,2,4,3,2,3,44,0,9,10,5,2,0.0,0.0,0.0,0.0,0.0,1.0,0.0,0.0,1.0,1.0,0.0,0.0,0.0,0.0,0.0,0.0,1.0,0.0,0.0,0.0,0.0,0.0,1.0,0.0,3.0,0.3333333333333333,7
1,4,1,1,3,2,3,0,0.13,0,0,3,2,1,0,1,25,0,7,6,4,3,0.0,0.0,0.0,0.0,0.0,1.0,0.0,0.0,1.0,1.0,0.0,0.0,1.0,0.0,0.0,0.0,0.0,0.0,0.0,0.0,0.0,0.0,1.0,0.0,1.75,0.6,5
1,4,2,1,1,3,4,0,0.22,0,1,5,1,3,0,8,33,0,1,9,9,8,0.0,0.0,0.0,0.0,0.0,1.0,0.0,0.0,1.0,0.0,1.0,0.0,0.0,1.0,0.0,0.0,0.0,0.0,0.0,0.0,0.0,1.0,0.0,0.0,1.5,0.8,5
3,2,1,1,4,2,3,0,0.11,0,0,3,27,1,1,1,35,1,1,6,6,5,0.0,0.0,0.0,0.0,0.0,1.0,0.0,0.0,1.0,1.0,0.0,0.0,1.0,0.0,0.0,0.0,0.0,0.0,0.0,0.0,0.0,0.0,1.0,0.0,2.5,0.7142857142857143,30
2,3,2,4,4,2,3,1,0.14,0,1,1,1,2,4,11,36,0,1,18,18,14,0.0,0.0,1.0,0.0,0.0,0.0,0.0,0.0,1.0,0.0,0.0,1.0,0.0,1.0,0.0,0.0,0.0,0.0,0.0,0.0,0.0,1.0,0.0,0.0,3.0,0.7368421052631579,5
2,3,2,4,3,2,3,0,0.11,0,1,3,13,4,0,3,32,0,2,8,5,2,0.0,0.0,1.0,0.0,0.0,0.0,0.0,0.0,1.0,0.0,1.0,0.0,0.0,1.0,0.0,0.0,0.0,0.0,0.0,0.0,0.0,1.0,0.0,0.0,2.75,0.3333333333333333,16
2,2,1,4,2,2,3,0,0.12,0,1,3,5,4,0,3,30,0,9,10,5,4,0.0,0.0,1.0,0.0,0.0,0.0,0.0,1.0,0.0,0.0,1.0,0.0,1.0,0.0,0.0,0.0,0.0,0.0,0.0,0.0,0.0,0.0,1.0,0.0,2.5,0.6666666666666666,8
1,2,3,4,4,3,3,1,0.18,0,1,3,7,2,0,4,53,1,7,35,5,2,0.0,0.0,0.0,1.0,0.0,0.0,0.0,0.0,1.0,0.0,0.0,1.0,0.0,1.0,0.0,0.0,0.0,0.0,0.0,0.0,0.0,1.0,0.0,0.0,3.0,0.3333333333333333,11
4,3,3,1,3,3,3,1,0.12,0,1,2,9,3,0,2,45,0,4,18,5,4,0.0,0.0,0.0,1.0,0.0,0.0,0.0,0.0,1.0,0.0,1.0,0.0,0.0,1.0,0.0,0.0,0.0,0.0,0.0,0.0,0.0,1.0,0.0,0.0,2.75,0.6666666666666666,13
3,4,2,3,3,2,3,0,0.12,0,1,3,8,2,1,3,32,1,5,9,5,3,0.0,0.0,0.0,0.0,0.0,1.0,0.0,0.0,1.0,0.0,0.0,1.0,1.0,0.0,0.0,0.0,0.0,0.0,0.0,0.0,0.0,0.0,1.0,0.0,2.75,0.5,11
3,2,4,4,3,3,4,0,0.22,0,0,3,25,4,0,0,52,1,3,31,9,8,0.0,0.0,0.0,0.0,0.0,1.0,0.0,1.0,0.0,0.0,0.0,1.0,0.0,0.0,0.0,0.0,0.0,0.0,0.0,0.0,1.0,0.0,1.0,0.0,3.25,0.8,29
4,2,2,3,4,3,3,0,0.19,0,2,2,16,4,0,0,37,0,4,9,1,0,0.0,0.0,0.0,1.0,0.0,0.0,0.0,0.0,1.0,0.0,1.0,0.0,0.0,1.0,0.0,0.0,0.0,0.0,0.0,0.0,0.0,1.0,0.0,0.0,3.5,0.0,19
2,2,1,4,4,3,3,0,0.13,0,1,6,8,2,0,4,28,0,1,6,5,1,0.0,0.0,0.0,0.0,0.0,1.0,0.0,0.0,1.0,0.0,1.0,0.0,0.0,0.0,0.0,0.0,0.0,0.0,1.0,0.0,0.0,0.0,0.0,1.0,3.25,0.16666666666666666,11
4,2,2,4,1,1,4,0,0.22,0,2,2,1,2,2,2,22,0,6,4,2,2,0.0,0.0,1.0,0.0,0.0,0.0,0.0,0.0,1.0,0.0,0.0,1.0,0.0,0.0,0.0,0.0,0.0,0.0,0.0,0.0,1.0,0.0,1.0,0.0,2.5,0.6666666666666666,5
1,4,1,4,3,2,4,1,0.24,0,1,2,8,4,0,2,44,0,2,10,3,2,0.0,0.0,1.0,0.0,0.0,0.0,0.0,0.0,1.0,0.0,0.0,1.0,0.0,0.0,1.0,0.0,0.0,0.0,0.0,0.0,0.0,0.0,1.0,0.0,2.5,0.5,13
2,3,1,4,4,3,3,1,0.14,0,0,2,2,1,2,2,42,0,5,8,2,1,0.0,0.0,0.0,0.0,0.0,1.0,0.0,1.0,0.0,1.0,0.0,0.0,1.0,0.0,0.0,0.0,0.0,0.0,0.0,0.0,0.0,0.0,1.0,0.0,3.25,0.3333333333333333,6
1,2,1,1,3,3,4,0,0.21,0,0,3,8,3,0,3,36,0,0,6,5,4,0.0,0.0,1.0,0.0,0.0,0.0,0.0,0.0,1.0,0.0,0.0,1.0,0.0,0.0,0.0,0.0,0.0,0.0,1.0,0.0,0.0,0.0,0.0,1.0,2.0,0.6666666666666666,12
3,3,2,1,4,3,3,1,0.18,0,0,3,3,1,0,3,25,0,1,5,5,3,1.0,0.0,0.0,0.0,0.0,0.0,0.0,0.0,1.0,0.0,0.0,1.0,0.0,1.0,0.0,0.0,0.0,0.0,0.0,0.0,0.0,1.0,0.0,0.0,2.75,0.5,7
4,2,3,3,2,3,4,1,0.2,0,1,2,9,3,5,15,35,1,1,17,17,14,0.0,0.0,1.0,0.0,0.0,0.0,0.0,0.0,1.0,0.0,0.0,1.0,0.0,0.0,0.0,0.0,0.0,0.0,0.0,0.0,1.0,0.0,1.0,0.0,3.0,0.7777777777777778,14
4,3,1,2,1,2,3,1,0.19,1,1,3,25,4,7,8,35,1,1,10,10,2,0.0,0.0,1.0,0.0,0.0,0.0,0.0,1.0,0.0,0.0,1.0,0.0,1.0,0.0,0.0,0.0,0.0,0.0,0.0,0.0,0.0,0.0,1.0,0.0,2.25,0.18181818181818182,29
4,3,1,4,2,3,3,0,0.12,0,1,2,1,3,0,2,32,0,0,4,3,0,0.0,0.0,1.0,0.0,0.0,0.0,1.0,0.0,0.0,0.0,1.0,0.0,0.0,0.0,1.0,0.0,0.0,0.0,0.0,0.0,0.0,0.0,1.0,0.0,3.25,0.0,4
3,2,2,1,1,4,3,0,0.12,0,0,1,4,1,0,3,25,0,1,5,5,2,0.0,0.0,0.0,1.0,0.0,0.0,0.0,0.0,1.0,0.0,0.0,1.0,0.0,1.0,0.0,0.0,0.0,0.0,0.0,0.0,0.0,1.0,0.0,0.0,2.25,0.3333333333333333,7
3,3,1,1,2,3,3,0,0.16,0,1,2,1,3,0,2,49,1,2,7,4,2,0.0,1.0,0.0,0.0,0.0,0.0,0.0,0.0,1.0,0.0,0.0,1.0,1.0,0.0,0.0,0.0,0.0,0.0,0.0,0.0,0.0,0.0,1.0,0.0,2.25,0.4,4
1,2,1,4,4,2,3,0,0.17,0,0,2,4,1,3,4,24,0,0,6,5,2,0.0,0.0,1.0,0.0,0.0,0.0,1.0,0.0,0.0,0.0,0.0,1.0,0.0,0.0,1.0,0.0,0.0,0.0,0.0,0.0,0.0,0.0,1.0,0.0,2.75,0.3333333333333333,7
2,3,2,2,4,3,3,0,0.14,0,1,3,5,2,5,3,32,0,1,10,10,8,0.0,0.0,1.0,0.0,0.0,0.0,0.0,1.0,0.0,0.0,0.0,1.0,0.0,1.0,0.0,0.0,0.0,0.0,0.0,0.0,0.0,1.0,0.0,0.0,2.75,0.7272727272727273,8
2,2,1,2,4,3,3,0,0.19,0,1,3,9,3,1,2,38,0,0,3,2,2,0.0,0.0,0.0,1.0,0.0,0.0,0.0,0.0,1.0,0.0,0.0,1.0,0.0,0.0,0.0,0.0,0.0,1.0,0.0,0.0,0.0,1.0,0.0,0.0,2.75,0.6666666666666666,12
3,4,2,4,2,2,3,1,0.13,0,1,1,3,3,1,3,42,1,2,17,5,3,0.0,0.0,1.0,0.0,0.0,0.0,0.0,0.0,1.0,0.0,0.0,1.0,0.0,0.0,1.0,0.0,0.0,0.0,0.0,0.0,0.0,0.0,1.0,0.0,2.75,0.5,7
4,3,1,4,2,3,3,1,0.19,0,1,2,11,4,0,2,31,0,3,8,6,4,0.0,0.0,1.0,0.0,0.0,0.0,0.0,0.0,1.0,0.0,0.0,1.0,1.0,0.0,0.0,0.0,0.0,0.0,0.0,0.0,0.0,0.0,1.0,0.0,3.25,0.5714285714285714,15
2,2,1,3,3,3,3,1,0.19,1,3,3,1,3,0,2,29,1,6,5,3,2,0.0,0.0,0.0,0.0,0.0,1.0,0.0,0.0,1.0,0.0,1.0,0.0,0.0,0.0,0.0,0.0,0.0,1.0,0.0,0.0,0.0,1.0,0.0,0.0,2.75,0.5,5
1,3,4,4,3,3,3,0,0.14,0,1,3,8,3,2,2,53,0,5,28,2,0,0.0,0.0,0.0,1.0,0.0,0.0,0.0,0.0,1.0,0.0,0.0,1.0,0.0,1.0,0.0,0.0,0.0,0.0,0.0,0.0,0.0,1.0,0.0,0.0,2.75,0.0,11
4,2,3,2,1,3,3,0,0.16,0,0,2,25,3,4,8,35,0,3,16,13,10,0.0,1.0,0.0,0.0,0.0,0.0,0.0,0.0,1.0,0.0,0.0,1.0,0.0,0.0,0.0,0.0,0.0,0.0,0.0,0.0,1.0,0.0,1.0,0.0,2.5,0.7142857142857143,28
3,3,1,4,2,3,3,0,0.15,0,1,3,21,2,0,0,37,1,5,10,5,4,0.0,0.0,0.0,0.0,0.0,1.0,0.0,1.0,0.0,0.0,0.0,1.0,0.0,0.0,0.0,0.0,0.0,1.0,0.0,0.0,0.0,1.0,0.0,0.0,3.0,0.6666666666666666,24
4,3,4,4,3,3,3,0,0.18,0,0,0,23,4,3,8,53,1,6,33,12,9,0.0,0.0,1.0,0.0,0.0,0.0,0.0,0.0,1.0,1.0,0.0,0.0,0.0,0.0,0.0,1.0,0.0,0.0,0.0,0.0,0.0,0.0,1.0,0.0,3.5,0.6923076923076923,26
4,3,2,4,2,2,3,0,0.13,0,1,2,1,3,2,2,43,1,4,12,5,2,0.0,0.0,1.0,0.0,0.0,0.0,0.0,1.0,0.0,0.0,0.0,1.0,0.0,0.0,0.0,0.0,1.0,0.0,0.0,0.0,0.0,0.0,1.0,0.0,3.0,0.3333333333333333,4
3,3,2,4,1,3,4,1,0.22,0,1,2,2,2,7,7,47,1,0,8,7,6,0.0,0.0,0.0,1.0,0.0,0.0,0.0,0.0,1.0,0.0,0.0,1.0,0.0,1.0,0.0,0.0,0.0,0.0,0.0,0.0,0.0,1.0,0.0,0.0,2.75,0.75,7
1,3,3,2,4,3,3,1,0.13,0,0,2,19,2,0,9,37,0,1,10,10,0,0.0,0.0,0.0,0.0,0.0,1.0,1.0,0.0,0.0,1.0,0.0,0.0,0.0,1.0,0.0,0.0,0.0,0.0,0.0,0.0,0.0,1.0,0.0,0.0,2.5,0.0,23
1,3,4,1,4,3,3,0,0.11,0,1,3,2,4,14,7,50,0,1,31,31,6,0.0,0.0,1.0,0.0,0.0,0.0,1.0,0.0,0.0,0.0,1.0,0.0,0.0,0.0,0.0,0.0,0.0,0.0,0.0,1.0,0.0,0.0,1.0,0.0,2.25,0.1875,5
4,2,2,4,3,3,3,0,0.11,0,2,2,2,3,0,4,39,1,8,13,5,4,0.0,0.0,1.0,0.0,0.0,0.0,0.0,0.0,1.0,0.0,0.0,1.0,0.0,0.0,0.0,0.0,0.0,0.0,1.0,0.0,0.0,0.0,0.0,1.0,3.5,0.6666666666666666,5
4,3,1,2,3,4,3,1,0.11,0,1,4,3,2,0,3,33,0,3,7,4,3,0.0,0.0,0.0,0.0,1.0,0.0,0.0,0.0,1.0,0.0,1.0,0.0,0.0,0.0,0.0,0.0,0.0,0.0,1.0,0.0,0.0,0.0,0.0,1.0,3.25,0.6,7
1,3,1,4,3,1,4,1,0.24,1,0,2,25,4,0,1,32,0,1,1,1,0,0.0,0.0,1.0,0.0,0.0,0.0,0.0,0.0,1.0,1.0,0.0,0.0,0.0,0.0,1.0,0.0,0.0,0.0,0.0,0.0,0.0,0.0,1.0,0.0,2.25,0.0,30
1,2,1,4,3,3,3,0,0.14,0,3,5,7,1,0,3,29,1,6,8,4,3,0.0,0.0,0.0,0.0,0.0,1.0,0.0,0.0,1.0,0.0,1.0,0.0,0.0,0.0,1.0,0.0,0.0,0.0,0.0,0.0,0.0,0.0,1.0,0.0,2.75,0.6,10
2,3,1,1,4,3,3,1,0.13,0,0,0,9,2,7,1,44,0,1,8,8,7,0.0,0.0,1.0,0.0,0.0,0.0,0.0,0.0,1.0,0.0,0.0,1.0,1.0,0.0,0.0,0.0,0.0,0.0,0.0,0.0,0.0,0.0,1.0,0.0,2.5,0.7777777777777778,13
1,3,2,4,2,3,3,0,0.14,0,0,3,5,4,0,2,28,0,1,4,4,2,0.0,0.0,0.0,0.0,0.0,1.0,0.0,0.0,1.0,1.0,0.0,0.0,0.0,1.0,0.0,0.0,0.0,0.0,0.0,0.0,0.0,1.0,0.0,0.0,2.5,0.4,8
4,2,1,4,4,2,3,1,0.14,1,1,3,2,1,0,0,58,0,9,3,1,0,0.0,0.0,1.0,0.0,0.0,0.0,0.0,1.0,0.0,0.0,1.0,0.0,0.0,0.0,1.0,0.0,0.0,0.0,0.0,0.0,0.0,0.0,1.0,0.0,3.5,0.0,6
1,3,2,2,3,4,4,0,0.21,0,1,2,8,3,0,0,43,1,4,4,1,0,0.0,0.0,1.0,0.0,0.0,0.0,0.0,0.0,1.0,0.0,1.0,0.0,0.0,0.0,0.0,0.0,0.0,0.0,0.0,0.0,1.0,0.0,1.0,0.0,2.5,0.0,12
3,2,1,3,4,2,3,0,0.13,1,0,3,2,3,0,2,20,1,1,2,2,2,0.0,0.0,0.0,0.0,0.0,1.0,0.0,0.0,1.0,1.0,0.0,0.0,0.0,0.0,0.0,0.0,0.0,1.0,0.0,0.0,0.0,1.0,0.0,0.0,3.0,0.6666666666666666,5
4,3,1,4,1,2,3,0,0.19,1,0,3,18,1,0,0,21,1,1,1,1,0,1.0,0.0,0.0,0.0,0.0,0.0,0.0,0.0,1.0,1.0,0.0,0.0,1.0,0.0,0.0,0.0,0.0,0.0,0.0,0.0,0.0,0.0,1.0,0.0,2.75,0.0,21
3,3,2,4,1,2,3,1,0.17,0,1,2,14,1,4,11,36,0,0,17,16,8,0.0,0.0,1.0,0.0,0.0,0.0,0.0,0.0,1.0,0.0,0.0,1.0,0.0,0.0,0.0,0.0,1.0,0.0,0.0,0.0,0.0,0.0,1.0,0.0,2.5,0.47058823529411764,18
4,2,1,4,1,2,3,1,0.18,0,0,3,2,4,1,2,47,1,1,3,3,2,0.0,0.0,1.0,0.0,0.0,0.0,0.0,0.0,1.0,1.0,0.0,0.0,0.0,0.0,0.0,0.0,0.0,1.0,0.0,0.0,0.0,1.0,0.0,0.0,2.75,0.5,6
2,3,2,3,1,4,3,1,0.19,1,1,3,3,1,0,2,22,1,0,4,3,2,0.0,0.0,1.0,0.0,0.0,0.0,0.0,0.0,1.0,0.0,0.0,1.0,0.0,0.0,0.0,0.0,0.0,0.0,0.0,0.0,1.0,0.0,1.0,0.0,2.5,0.5,7
2,1,1,4,3,2,3,1,0.13,1,1,1,2,4,1,0,41,1,4,10,7,7,0.0,0.0,1.0,0.0,0.0,0.0,0.0,0.0,1.0,0.0,1.0,0.0,0.0,0.0,1.0,0.0,0.0,0.0,0.0,0.0,0.0,0.0,1.0,0.0,2.75,0.875,6
3,3,1,3,2,3,3,0,0.18,0,1,2,9,3,2,2,28,1,5,6,2,2,0.0,0.0,0.0,0.0,0.0,1.0,0.0,0.0,1.0,0.0,1.0,0.0,1.0,0.0,0.0,0.0,0.0,0.0,0.0,0.0,0.0,0.0,1.0,0.0,2.75,0.6666666666666666,12
4,3,1,1,4,1,4,1,0.21,1,0,2,6,3,2,2,39,0,7,8,2,2,0.0,0.0,0.0,0.0,0.0,1.0,0.0,0.0,1.0,0.0,0.0,1.0,0.0,0.0,1.0,0.0,0.0,0.0,0.0,0.0,0.0,0.0,1.0,0.0,2.5,0.6666666666666666,11
2,3,1,3,3,3,3,0,0.19,0,0,2,4,3,0,0,27,1,1,1,1,1,0.0,0.0,1.0,0.0,0.0,0.0,0.0,0.0,1.0,1.0,0.0,0.0,1.0,0.0,0.0,0.0,0.0,0.0,0.0,0.0,0.0,0.0,1.0,0.0,2.75,0.5,7
2,3,1,2,2,3,3,0,0.14,0,2,3,10,3,1,0,34,0,1,1,1,0,0.0,0.0,1.0,0.0,0.0,0.0,0.0,0.0,1.0,0.0,1.0,0.0,0.0,0.0,1.0,0.0,0.0,0.0,0.0,0.0,0.0,0.0,1.0,0.0,2.25,0.0,13
3,2,2,3,1,3,3,0,0.17,0,0,6,14,2,0,3,42,1,7,10,5,4,0.0,0.0,0.0,0.0,0.0,1.0,0.0,0.0,1.0,1.0,0.0,0.0,0.0,1.0,0.0,0.0,0.0,0.0,0.0,0.0,0.0,1.0,0.0,0.0,2.5,0.6666666666666666,17
3,2,1,1,2,3,3,1,0.11,0,0,1,1,4,0,2,33,0,3,6,3,2,1.0,0.0,0.0,0.0,0.0,0.0,0.0,0.0,1.0,1.0,0.0,0.0,1.0,0.0,0.0,0.0,0.0,0.0,0.0,0.0,0.0,0.0,1.0,0.0,2.25,0.5,5
3,2,3,2,4,3,3,1,0.13,0,1,3,5,3,0,4,58,1,2,24,6,0,0.0,1.0,0.0,0.0,0.0,0.0,0.0,0.0,1.0,0.0,1.0,0.0,0.0,0.0,0.0,0.0,1.0,0.0,0.0,0.0,0.0,0.0,1.0,0.0,3.0,0.0,9
2,2,1,3,2,4,3,0,0.15,0,0,2,7,4,5,2,31,0,3,13,7,7,0.0,0.0,1.0,0.0,0.0,0.0,0.0,0.0,1.0,0.0,0.0,1.0,0.0,0.0,0.0,0.0,0.0,1.0,0.0,0.0,0.0,1.0,0.0,0.0,2.75,0.875,10
4,3,2,4,4,1,4,1,0.25,0,1,2,21,1,0,7,35,1,1,10,10,6,0.0,0.0,1.0,0.0,0.0,0.0,0.0,0.0,1.0,0.0,0.0,1.0,0.0,0.0,0.0,0.0,1.0,0.0,0.0,0.0,0.0,0.0,1.0,0.0,3.25,0.5454545454545454,26
1,3,3,2,3,2,3,0,0.11,0,1,3,8,2,1,7,49,1,4,29,26,9,1.0,0.0,0.0,0.0,0.0,0.0,0.0,0.0,1.0,0.0,0.0,1.0,0.0,0.0,1.0,0.0,0.0,0.0,0.0,0.0,0.0,0.0,1.0,0.0,2.0,0.3333333333333333,11
4,3,1,3,1,2,3,0,0.17,0,2,2,20,4,0,0,48,0,4,13,0,0,0.0,0.0,0.0,0.0,0.0,1.0,0.0,0.0,1.0,0.0,0.0,1.0,1.0,0.0,0.0,0.0,0.0,0.0,0.0,0.0,0.0,0.0,1.0,0.0,2.5,0.0,23
4,3,2,3,4,2,3,0,0.13,0,1,2,20,2,0,0,31,1,1,9,9,8,0.0,0.0,0.0,1.0,0.0,0.0,1.0,0.0,0.0,0.0,0.0,1.0,0.0,1.0,0.0,0.0,0.0,0.0,0.0,0.0,0.0,1.0,0.0,0.0,3.25,0.8,23
2,3,1,4,3,3,3,0,0.18,0,0,6,7,4,0,1,36,0,2,8,6,2,1.0,0.0,0.0,0.0,0.0,0.0,0.0,0.0,1.0,1.0,0.0,0.0,1.0,0.0,0.0,0.0,0.0,0.0,0.0,0.0,0.0,0.0,1.0,0.0,3.0,0.2857142857142857,10
4,3,3,1,2,3,3,0,0.13,0,1,3,1,3,5,11,38,1,1,15,15,12,0.0,1.0,0.0,0.0,0.0,0.0,0.0,0.0,1.0,0.0,0.0,1.0,0.0,0.0,0.0,1.0,0.0,0.0,0.0,0.0,0.0,0.0,1.0,0.0,2.5,0.75,4
3,2,1,2,3,3,4,0,0.2,0,0,3,1,3,0,2,32,1,6,5,3,0,0.0,0.0,1.0,0.0,0.0,0.0,1.0,0.0,0.0,0.0,0.0,1.0,0.0,0.0,1.0,0.0,0.0,0.0,0.0,0.0,0.0,0.0,1.0,0.0,2.75,0.0,5
3,2,1,2,3,3,3,1,0.18,1,3,2,19,2,0,0,25,0,1,1,1,0,0.0,0.0,0.0,1.0,0.0,0.0,0.0,0.0,1.0,0.0,0.0,1.0,0.0,0.0,0.0,0.0,0.0,1.0,0.0,0.0,0.0,1.0,0.0,0.0,2.75,0.0,23
1,2,3,2,2,2,3,0,0.12,0,1,2,10,4,0,0,40,0,2,11,1,0,0.0,0.0,0.0,1.0,0.0,0.0,0.0,0.0,1.0,0.0,1.0,0.0,0.0,1.0,0.0,0.0,0.0,0.0,0.0,0.0,0.0,1.0,0.0,0.0,1.75,0.0,13
3,2,2,1,2,3,3,0,0.12,0,0,2,1,3,0,7,26,0,1,7,7,7,0.0,0.0,0.0,0.0,0.0,1.0,0.0,1.0,0.0,1.0,0.0,0.0,0.0,1.0,0.0,0.0,0.0,0.0,0.0,0.0,0.0,1.0,0.0,0.0,2.25,0.875,4
4,3,1,1,3,3,3,1,0.13,0,0,3,6,3,2,17,41,0,2,20,18,13,0.0,0.0,0.0,0.0,0.0,1.0,0.0,0.0,1.0,1.0,0.0,0.0,0.0,0.0,1.0,0.0,0.0,0.0,0.0,0.0,0.0,0.0,1.0,0.0,2.75,0.6842105263157895,10
3,3,1,3,3,3,4,0,0.21,0,0,6,2,4,3,9,36,0,4,16,11,8,0.0,0.0,0.0,0.0,0.0,1.0,0.0,0.0,1.0,1.0,0.0,0.0,0.0,0.0,1.0,0.0,0.0,0.0,0.0,0.0,0.0,0.0,1.0,0.0,3.0,0.6666666666666666,6
4,2,1,2,2,4,3,1,0.13,1,0,3,21,3,0,0,19,0,1,1,1,0,1.0,0.0,0.0,0.0,0.0,0.0,0.0,0.0,1.0,1.0,0.0,0.0,0.0,0.0,0.0,0.0,0.0,1.0,0.0,0.0,0.0,1.0,0.0,0.0,3.0,0.0,25
1,3,1,1,2,3,3,0,0.19,1,0,2,4,3,0,0,20,0,1,1,1,0,0.0,1.0,0.0,0.0,0.0,0.0,0.0,0.0,1.0,1.0,0.0,0.0,0.0,0.0,1.0,0.0,0.0,0.0,0.0,0.0,0.0,0.0,1.0,0.0,1.75,0.0,7
4,3,2,4,3,1,3,1,0.11,0,2,2,12,3,8,5,31,1,0,10,9,7,0.0,0.0,0.0,0.0,0.0,1.0,0.0,0.0,1.0,0.0,0.0,1.0,0.0,0.0,0.0,0.0,1.0,0.0,0.0,0.0,0.0,0.0,1.0,0.0,3.0,0.7,16
4,3,1,2,4,3,3,1,0.14,0,1,2,9,4,0,0,40,0,8,3,1,1,0.0,0.0,0.0,0.0,0.0,1.0,0.0,1.0,0.0,0.0,1.0,0.0,1.0,0.0,0.0,0.0,0.0,0.0,0.0,0.0,0.0,0.0,1.0,0.0,3.25,0.5,13
3,3,2,1,3,4,3,0,0.12,0,1,2,3,4,6,3,32,1,1,8,8,7,0.0,0.0,0.0,0.0,0.0,1.0,0.0,0.0,1.0,0.0,0.0,1.0,0.0,0.0,0.0,0.0,0.0,0.0,0.0,0.0,1.0,0.0,1.0,0.0,2.75,0.7777777777777778,6
3,2,3,4,1,3,3,1,0.11,1,1,6,3,1,3,7,36,0,1,16,16,7,0.0,0.0,1.0,0.0,0.0,0.0,0.0,0.0,1.0,0.0,0.0,1.0,0.0,1.0,0.0,0.0,0.0,0.0,0.0,0.0,0.0,1.0,0.0,0.0,2.75,0.4117647058823529,7
2,2,2,4,1,3,3,0,0.14,0,0,3,1,3,1,4,33,1,0,6,5,0,0.0,0.0,1.0,0.0,0.0,0.0,0.0,0.0,1.0,1.0,0.0,0.0,0.0,0.0,0.0,0.0,1.0,0.0,0.0,0.0,0.0,0.0,1.0,0.0,2.5,0.0,4
1,2,3,3,3,1,3,0,0.11,1,0,2,1,4,11,7,37,0,5,17,14,1,0.0,0.0,1.0,0.0,0.0,0.0,0.0,0.0,1.0,0.0,0.0,1.0,0.0,1.0,0.0,0.0,0.0,0.0,0.0,0.0,0.0,1.0,0.0,0.0,2.0,0.06666666666666667,4
3,3,2,2,2,2,3,0,0.12,0,0,5,4,2,0,8,45,0,1,9,9,7,0.0,0.0,1.0,0.0,0.0,0.0,1.0,0.0,0.0,0.0,0.0,1.0,0.0,0.0,1.0,0.0,0.0,0.0,0.0,0.0,0.0,0.0,1.0,0.0,2.25,0.7,7
3,3,1,4,2,3,3,0,0.15,0,1,5,20,3,0,2,29,1,1,3,3,1,0.0,1.0,0.0,0.0,0.0,0.0,0.0,1.0,0.0,0.0,0.0,1.0,0.0,0.0,0.0,0.0,0.0,1.0,0.0,0.0,0.0,1.0,0.0,0.0,3.0,0.25,23
3,3,2,3,2,3,3,0,0.16,0,0,3,18,3,1,0,35,1,1,5,5,2,0.0,0.0,0.0,0.0,0.0,1.0,0.0,0.0,1.0,0.0,0.0,1.0,0.0,1.0,0.0,0.0,0.0,0.0,0.0,0.0,0.0,1.0,0.0,0.0,2.75,0.3333333333333333,21
4,3,4,4,2,2,3,0,0.15,0,1,2,1,2,7,8,52,0,2,26,9,8,0.0,0.0,1.0,0.0,0.0,0.0,0.0,0.0,1.0,0.0,0.0,1.0,0.0,0.0,0.0,0.0,0.0,0.0,0.0,1.0,0.0,0.0,1.0,0.0,3.0,0.8,4
4,3,1,3,1,3,4,0,0.24,1,0,4,2,3,0,0,58,0,4,7,1,0,0.0,1.0,0.0,0.0,0.0,0.0,0.0,0.0,1.0,1.0,0.0,0.0,1.0,0.0,0.0,0.0,0.0,0.0,0.0,0.0,0.0,0.0,1.0,0.0,2.75,0.0,6
3,3,4,3,3,4,3,0,0.13,0,1,3,2,2,15,2,53,0,6,22,17,13,0.0,0.0,0.0,0.0,0.0,1.0,0.0,0.0,1.0,0.0,1.0,0.0,0.0,0.0,0.0,0.0,0.0,0.0,0.0,1.0,0.0,1.0,0.0,0.0,3.25,0.7222222222222222,5
3,3,3,3,1,4,3,0,0.11,0,1,2,8,2,7,7,30,0,5,10,8,4,1.0,0.0,0.0,0.0,0.0,0.0,0.0,0.0,1.0,0.0,1.0,0.0,0.0,1.0,0.0,0.0,0.0,0.0,0.0,0.0,0.0,1.0,0.0,0.0,2.75,0.4444444444444444,11
3,3,2,4,2,3,3,1,0.13,0,0,1,10,3,1,3,38,1,1,6,5,3,0.0,1.0,0.0,0.0,0.0,0.0,1.0,0.0,0.0,1.0,0.0,0.0,0.0,1.0,0.0,0.0,0.0,0.0,0.0,0.0,0.0,1.0,0.0,0.0,3.0,0.5,14
4,3,3,4,2,3,3,0,0.13,0,1,2,3,4,0,8,35,0,6,12,10,9,0.0,0.0,1.0,0.0,0.0,0.0,0.0,0.0,1.0,0.0,1.0,0.0,0.0,1.0,0.0,0.0,0.0,0.0,0.0,0.0,0.0,1.0,0.0,0.0,3.25,0.8181818181818182,6
1,4,3,3,4,3,3,0,0.18,0,0,3,2,5,0,7,39,0,0,9,8,7,0.0,0.0,1.0,0.0,0.0,0.0,0.0,0.0,1.0,1.0,0.0,0.0,0.0,1.0,0.0,0.0,0.0,0.0,0.0,0.0,0.0,1.0,0.0,0.0,2.75,0.7777777777777778,5
2,4,4,2,4,2,3,1,0.16,1,0,2,24,3,0,0,40,1,4,22,1,0,0.0,0.0,1.0,0.0,0.0,0.0,1.0,0.0,0.0,1.0,0.0,0.0,0.0,1.0,0.0,0.0,0.0,0.0,0.0,0.0,0.0,1.0,0.0,0.0,2.5,0.0,28
3,4,2,3,3,4,3,1,0.19,0,0,3,16,4,2,7,47,0,1,20,19,10,0.0,0.0,0.0,0.0,0.0,1.0,0.0,1.0,0.0,0.0,1.0,0.0,0.0,0.0,0.0,0.0,0.0,0.0,0.0,0.0,1.0,0.0,1.0,0.0,3.25,0.5,20
1,3,2,4,4,3,3,0,0.13,0,2,3,8,4,0,7,36,0,4,12,7,7,0.0,1.0,0.0,0.0,0.0,0.0,1.0,0.0,0.0,0.0,1.0,0.0,0.0,1.0,0.0,0.0,0.0,0.0,0.0,0.0,0.0,1.0,0.0,0.0,3.0,0.875,11
3,2,1,1,1,3,4,1,0.22,1,0,0,9,2,1,2,31,0,0,4,3,2,0.0,0.0,0.0,0.0,0.0,1.0,1.0,0.0,0.0,1.0,0.0,0.0,1.0,0.0,0.0,0.0,0.0,0.0,0.0,0.0,0.0,0.0,1.0,0.0,2.0,0.5,14
4,3,4,3,4,3,3,0,0.11,0,0,2,17,3,6,0,33,0,1,10,10,8,0.0,0.0,1.0,0.0,0.0,0.0,1.0,0.0,0.0,1.0,0.0,0.0,0.0,0.0,0.0,0.0,0.0,0.0,0.0,1.0,0.0,1.0,0.0,0.0,3.5,0.7272727272727273,20
4,2,1,1,3,3,4,1,0.2,1,0,5,10,3,0,0,29,1,6,3,0,0,0.0,0.0,1.0,0.0,0.0,0.0,0.0,0.0,1.0,1.0,0.0,0.0,1.0,0.0,0.0,0.0,0.0,0.0,0.0,0.0,0.0,0.0,1.0,0.0,2.75,0.0,15
2,3,1,4,1,3,3,0,0.18,0,0,4,13,1,0,2,33,1,3,5,3,2,0.0,0.0,1.0,0.0,0.0,0.0,0.0,0.0,1.0,1.0,0.0,0.0,1.0,0.0,0.0,0.0,0.0,0.0,0.0,0.0,0.0,0.0,1.0,0.0,2.5,0.5,16
4,3,1,4,4,3,3,0,0.14,0,2,2,1,4,0,2,45,1,3,8,5,3,0.0,0.0,0.0,0.0,0.0,1.0,0.0,0.0,1.0,0.0,1.0,0.0,0.0,0.0,1.0,0.0,0.0,0.0,0.0,0.0,0.0,0.0,1.0,0.0,3.75,0.5,4
4,3,4,4,3,2,4,0,0.22,0,1,1,1,2,1,3,50,0,9,32,5,4,0.0,0.0,0.0,0.0,0.0,1.0,0.0,0.0,1.0,0.0,1.0,0.0,0.0,0.0,0.0,1.0,0.0,0.0,0.0,0.0,0.0,0.0,1.0,0.0,3.25,0.6666666666666666,5
3,4,2,2,1,3,3,1,0.13,0,1,2,1,4,1,2,33,1,1,6,6,5,1.0,0.0,0.0,0.0,0.0,0.0,0.0,1.0,0.0,0.0,0.0,1.0,0.0,0.0,0.0,0.0,1.0,0.0,0.0,0.0,0.0,0.0,1.0,0.0,2.25,0.7142857142857143,5
1,3,5,3,2,4,3,0,0.17,0,1,2,9,3,0,11,41,0,2,21,18,16,0.0,0.0,0.0,0.0,0.0,1.0,0.0,1.0,0.0,0.0,1.0,0.0,0.0,0.0,0.0,1.0,0.0,0.0,0.0,0.0,0.0,0.0,1.0,0.0,2.5,0.8421052631578947,12
3,3,1,2,2,3,3,0,0.14,0,1,2,16,4,2,2,27,1,9,4,2,2,0.0,1.0,0.0,0.0,0.0,0.0,0.0,0.0,1.0,0.0,0.0,1.0,0.0,0.0,1.0,0.0,0.0,0.0,0.0,0.0,0.0,0.0,1.0,0.0,2.5,0.6666666666666666,19
4,3,2,1,3,3,3,1,0.15,0,1,2,23,2,0,8,45,0,1,9,9,8,0.0,0.0,1.0,0.0,0.0,0.0,1.0,0.0,0.0,0.0,0.0,1.0,0.0,0.0,1.0,0.0,0.0,0.0,0.0,0.0,0.0,0.0,1.0,0.0,2.75,0.8,27
4,3,2,4,3,3,3,1,0.17,0,0,0,4,2,0,7,47,1,1,9,9,0,0.0,0.0,1.0,0.0,0.0,0.0,0.0,0.0,1.0,1.0,0.0,0.0,0.0,1.0,0.0,0.0,0.0,0.0,0.0,0.0,0.0,1.0,0.0,0.0,3.5,0.0,8
1,3,1,3,2,3,3,1,0.11,1,0,2,22,3,0,1,30,1,4,7,5,2,0.0,0.0,1.0,0.0,0.0,0.0,0.0,0.0,1.0,0.0,0.0,1.0,1.0,0.0,0.0,0.0,0.0,0.0,0.0,0.0,0.0,0.0,1.0,0.0,2.25,0.3333333333333333,26
4,3,4,3,4,3,3,1,0.18,0,1,2,24,3,1,5,50,0,3,22,12,11,0.0,0.0,1.0,0.0,0.0,0.0,0.0,0.0,1.0,0.0,0.0,1.0,0.0,0.0,0.0,0.0,0.0,0.0,0.0,0.0,1.0,0.0,1.0,0.0,3.5,0.8461538461538461,28
3,3,1,3,2,2,3,0,0.17,0,1,0,10,1,0,2,38,0,0,3,2,1,0.0,0.0,0.0,0.0,0.0,1.0,0.0,1.0,0.0,0.0,0.0,1.0,1.0,0.0,0.0,0.0,0.0,0.0,0.0,0.0,0.0,0.0,1.0,0.0,2.5,0.3333333333333333,13
4,3,3,3,2,3,3,0,0.13,0,1,3,7,2,0,7,46,0,6,13,8,7,0.0,0.0,0.0,0.0,0.0,1.0,0.0,0.0,1.0,0.0,1.0,0.0,0.0,0.0,0.0,0.0,0.0,0.0,0.0,0.0,1.0,0.0,1.0,0.0,3.0,0.7777777777777778,10
4,2,2,3,2,3,3,0,0.15,0,2,6,17,1,3,2,24,1,1,5,4,2,0.0,0.0,0.0,0.0,0.0,1.0,0.0,0.0,1.0,0.0,1.0,0.0,0.0,0.0,0.0,0.0,0.0,0.0,0.0,0.0,1.0,0.0,1.0,0.0,3.0,0.4,20
3,2,1,2,4,1,4,1,0.24,1,1,2,14,4,0,2,35,0,1,5,4,2,1.0,0.0,0.0,0.0,0.0,0.0,0.0,0.0,1.0,0.0,1.0,0.0,0.0,0.0,1.0,0.0,0.0,0.0,0.0,0.0,0.0,0.0,1.0,0.0,2.5,0.4,19
3,3,2,1,3,3,3,0,0.12,0,1,1,1,1,0,3,31,1,1,4,4,3,0.0,0.0,1.0,0.0,0.0,0.0,0.0,1.0,0.0,0.0,0.0,1.0,0.0,0.0,0.0,0.0,0.0,0.0,0.0,0.0,1.0,0.0,1.0,0.0,2.5,0.6,4
2,3,1,4,4,3,3,0,0.15,0,0,2,5,2,0,0,18,0,1,0,0,0,0.0,0.0,1.0,0.0,0.0,0.0,1.0,0.0,0.0,1.0,0.0,0.0,1.0,0.0,0.0,0.0,0.0,0.0,0.0,0.0,0.0,0.0,1.0,0.0,3.25,0.0,8
3,3,3,3,3,3,3,0,0.11,0,1,2,17,3,0,8,54,1,8,22,10,7,0.0,1.0,0.0,0.0,0.0,0.0,0.0,0.0,1.0,0.0,0.0,1.0,0.0,0.0,0.0,0.0,0.0,0.0,0.0,0.0,1.0,0.0,1.0,0.0,3.0,0.6363636363636364,20
3,3,3,3,3,2,3,1,0.11,0,1,3,25,4,10,1,35,1,1,16,16,10,0.0,0.0,0.0,0.0,0.0,1.0,0.0,0.0,1.0,0.0,1.0,0.0,0.0,0.0,0.0,0.0,1.0,0.0,0.0,0.0,0.0,0.0,1.0,0.0,2.75,0.5882352941176471,29
2,4,3,1,3,2,3,1,0.12,0,3,4,8,2,1,7,30,1,0,9,8,7,0.0,0.0,1.0,0.0,0.0,0.0,0.0,0.0,1.0,0.0,0.0,1.0,0.0,0.0,0.0,1.0,0.0,0.0,0.0,0.0,0.0,0.0,1.0,0.0,2.0,0.7777777777777778,12
4,2,1,1,1,3,3,1,0.15,1,0,2,11,3,0,0,20,1,1,1,1,0,0.0,0.0,0.0,0.0,0.0,1.0,0.0,0.0,1.0,1.0,0.0,0.0,1.0,0.0,0.0,0.0,0.0,0.0,0.0,0.0,0.0,0.0,1.0,0.0,2.25,0.0,15
2,3,1,2,1,3,3,0,0.17,1,0,3,5,3,1,2,30,1,0,4,3,2,0.0,0.0,0.0,0.0,0.0,1.0,0.0,1.0,0.0,1.0,0.0,0.0,0.0,0.0,1.0,0.0,0.0,0.0,0.0,0.0,0.0,0.0,1.0,0.0,2.0,0.5,8
4,4,2,4,2,3,3,0,0.12,0,0,2,2,2,1,3,26,0,1,8,8,7,0.0,0.0,0.0,0.0,0.0,1.0,0.0,0.0,1.0,0.0,0.0,1.0,0.0,0.0,0.0,0.0,0.0,0.0,0.0,0.0,1.0,0.0,1.0,0.0,3.25,0.7777777777777778,5
2,1,1,1,1,2,3,0,0.15,0,1,3,8,1,1,1,22,0,1,4,4,3,0.0,0.0,1.0,0.0,0.0,0.0,0.0,0.0,1.0,0.0,0.0,1.0,0.0,0.0,1.0,0.0,0.0,0.0,0.0,0.0,0.0,0.0,1.0,0.0,1.5,0.6,11
1,2,2,3,4,3,3,0,0.13,0,0,0,6,3,2,2,48,0,2,19,2,2,0.0,0.0,1.0,0.0,0.0,0.0,0.0,0.0,1.0,1.0,0.0,0.0,0.0,0.0,0.0,0.0,1.0,0.0,0.0,0.0,0.0,0.0,1.0,0.0,2.75,0.6666666666666666,9
3,2,3,3,2,3,3,0,0.14,0,0,3,4,4,4,8,48,0,7,27,15,11,0.0,0.0,1.0,0.0,0.0,0.0,0.0,0.0,1.0,1.0,0.0,0.0,0.0,0.0,0.0,0.0,1.0,0.0,0.0,0.0,0.0,0.0,1.0,0.0,2.75,0.6875,7
4,3,2,3,2,3,3,0,0.14,0,0,6,7,2,2,1,41,1,6,8,2,2,0.0,0.0,0.0,0.0,0.0,1.0,0.0,0.0,1.0,1.0,0.0,0.0,0.0,0.0,0.0,0.0,0.0,0.0,0.0,0.0,1.0,0.0,1.0,0.0,3.0,0.6666666666666666,10
4,2,4,4,3,3,3,0,0.16,0,1,3,1,1,11,8,39,1,1,21,21,6,0.0,0.0,1.0,0.0,0.0,0.0,0.0,0.0,1.0,0.0,0.0,1.0,0.0,0.0,0.0,0.0,0.0,0.0,0.0,0.0,1.0,0.0,1.0,0.0,3.5,0.2727272727272727,4
1,3,2,4,2,3,3,0,0.18,0,1,2,2,4,2,2,27,1,0,4,3,2,0.0,0.0,1.0,0.0,0.0,0.0,0.0,0.0,1.0,0.0,0.0,1.0,0.0,0.0,0.0,0.0,0.0,0.0,0.0,0.0,1.0,0.0,1.0,0.0,2.5,0.5,5
2,3,1,4,1,2,4,0,0.2,0,1,4,10,3,1,2,35,0,1,3,3,2,1.0,0.0,0.0,0.0,0.0,0.0,0.0,0.0,1.0,0.0,1.0,0.0,0.0,0.0,1.0,0.0,0.0,0.0,0.0,0.0,0.0,0.0,1.0,0.0,2.25,0.5,14
4,3,5,3,2,4,3,0,0.13,0,0,3,5,2,0,0,42,0,6,21,1,0,0.0,0.0,0.0,1.0,0.0,0.0,0.0,0.0,1.0,0.0,0.0,1.0,0.0,0.0,0.0,0.0,0.0,0.0,0.0,1.0,0.0,1.0,0.0,0.0,3.25,0.0,8
1,3,1,4,2,3,3,0,0.18,0,0,5,9,3,0,0,50,0,4,8,1,0,0.0,0.0,1.0,0.0,0.0,0.0,0.0,0.0,1.0,0.0,0.0,1.0,0.0,0.0,1.0,0.0,0.0,0.0,0.0,0.0,0.0,0.0,1.0,0.0,2.5,0.0,12
3,2,4,4,1,3,3,1,0.13,0,0,4,2,3,4,3,59,1,3,30,5,3,0.0,0.0,1.0,0.0,0.0,0.0,0.0,0.0,1.0,1.0,0.0,0.0,0.0,0.0,0.0,0.0,0.0,0.0,0.0,0.0,1.0,0.0,1.0,0.0,2.75,0.5,6
1,1,2,2,1,1,3,0,0.15,1,0,2,11,2,0,0,37,1,5,15,1,0,0.0,0.0,0.0,0.0,0.0,1.0,0.0,0.0,1.0,0.0,0.0,1.0,0.0,0.0,0.0,0.0,1.0,0.0,0.0,0.0,0.0,0.0,1.0,0.0,1.25,0.0,14
3,3,2,2,4,3,3,1,0.14,0,2,3,18,4,6,7,55,0,3,17,8,7,0.0,0.0,0.0,0.0,0.0,1.0,0.0,1.0,0.0,0.0,0.0,1.0,0.0,0.0,0.0,0.0,1.0,0.0,0.0,0.0,0.0,0.0,1.0,0.0,3.0,0.7777777777777778,22
2,1,5,3,2,3,4,0,0.22,0,2,3,7,1,5,10,41,1,1,21,21,16,0.0,0.0,1.0,0.0,0.0,0.0,1.0,0.0,0.0,0.0,1.0,0.0,0.0,0.0,0.0,1.0,0.0,0.0,0.0,0.0,0.0,0.0,1.0,0.0,2.5,0.7272727272727273,11
2,3,2,4,3,3,3,1,0.12,0,0,1,3,4,0,0,38,0,8,19,1,0,0.0,0.0,1.0,0.0,0.0,0.0,0.0,0.0,1.0,1.0,0.0,0.0,0.0,1.0,0.0,0.0,0.0,0.0,0.0,0.0,0.0,1.0,0.0,0.0,3.0,0.0,7
2,1,2,1,4,3,3,0,0.18,1,0,6,29,2,2,2,26,0,8,7,2,2,0.0,0.0,0.0,0.0,0.0,1.0,1.0,0.0,0.0,1.0,0.0,0.0,0.0,1.0,0.0,0.0,0.0,0.0,0.0,0.0,0.0,1.0,0.0,0.0,2.5,0.6666666666666666,32
1,1,5,4,4,3,3,0,0.15,1,1,3,2,1,6,9,52,1,1,33,32,14,0.0,0.0,0.0,1.0,0.0,0.0,0.0,0.0,1.0,0.0,0.0,1.0,0.0,0.0,0.0,0.0,0.0,0.0,0.0,1.0,0.0,1.0,0.0,0.0,3.0,0.42424242424242425,5
4,4,4,4,3,3,3,1,0.18,0,1,2,28,3,11,11,44,1,3,23,12,11,0.0,0.0,0.0,0.0,0.0,1.0,0.0,0.0,1.0,0.0,0.0,1.0,0.0,1.0,0.0,0.0,0.0,0.0,0.0,0.0,0.0,1.0,0.0,0.0,3.5,0.8461538461538461,32
4,3,2,3,1,3,3,0,0.12,0,1,3,1,3,0,13,50,1,0,19,18,7,0.0,0.0,1.0,0.0,0.0,0.0,1.0,0.0,0.0,0.0,0.0,1.0,0.0,1.0,0.0,0.0,0.0,0.0,0.0,0.0,0.0,1.0,0.0,0.0,2.75,0.3684210526315789,4
3,4,1,1,3,3,3,0,0.16,1,0,1,16,4,15,14,36,1,1,18,17,13,0.0,0.0,1.0,0.0,0.0,0.0,0.0,0.0,1.0,1.0,0.0,0.0,0.0,0.0,1.0,0.0,0.0,0.0,0.0,0.0,0.0,0.0,1.0,0.0,2.5,0.7222222222222222,19
4,3,3,1,3,3,3,1,0.13,0,0,2,22,3,2,8,39,1,1,21,21,6,0.0,0.0,0.0,0.0,0.0,1.0,0.0,1.0,0.0,1.0,0.0,0.0,0.0,0.0,0.0,0.0,0.0,0.0,0.0,0.0,1.0,0.0,1.0,0.0,2.75,0.2727272727272727,26
2,2,1,4,4,2,3,0,0.19,0,0,2,8,1,2,2,33,1,0,3,2,2,0.0,0.0,1.0,0.0,0.0,0.0,1.0,0.0,0.0,1.0,0.0,0.0,0.0,0.0,0.0,0.0,0.0,1.0,0.0,0.0,0.0,1.0,0.0,0.0,3.0,0.6666666666666666,11
4,3,4,4,2,4,3,0,0.13,0,1,4,11,2,1,1,45,1,3,26,9,3,0.0,0.0,1.0,0.0,0.0,0.0,0.0,0.0,1.0,0.0,0.0,1.0,0.0,0.0,0.0,0.0,0.0,0.0,0.0,1.0,0.0,1.0,0.0,0.0,3.5,0.3,14
4,3,1,3,2,3,3,0,0.12,0,0,2,29,4,7,7,32,1,9,10,8,7,0.0,0.0,0.0,0.0,0.0,1.0,1.0,0.0,0.0,1.0,0.0,0.0,0.0,0.0,1.0,0.0,0.0,0.0,0.0,0.0,0.0,0.0,1.0,0.0,3.0,0.7777777777777778,32
2,4,2,4,4,2,3,0,0.11,0,1,2,1,4,0,9,34,0,0,16,15,1,0.0,0.0,0.0,1.0,0.0,0.0,0.0,0.0,1.0,0.0,1.0,0.0,0.0,1.0,0.0,0.0,0.0,0.0,0.0,0.0,0.0,1.0,0.0,0.0,3.0,0.0625,4
2,3,3,4,3,1,3,1,0.14,0,1,1,1,2,0,4,59,0,3,14,6,4,0.0,1.0,0.0,0.0,0.0,0.0,0.0,0.0,1.0,0.0,0.0,1.0,0.0,0.0,0.0,0.0,0.0,0.0,0.0,1.0,0.0,1.0,0.0,0.0,2.5,0.5714285714285714,5
2,3,1,2,1,3,3,0,0.16,0,0,3,24,4,0,4,45,0,1,6,6,3,0.0,0.0,0.0,0.0,0.0,1.0,0.0,0.0,1.0,1.0,0.0,0.0,0.0,0.0,0.0,0.0,0.0,0.0,1.0,0.0,0.0,0.0,0.0,1.0,2.0,0.42857142857142855,27
3,2,3,2,1,3,3,0,0.12,0,1,2,2,3,6,12,53,1,2,30,15,7,0.0,0.0,0.0,1.0,0.0,0.0,0.0,1.0,0.0,0.0,0.0,1.0,0.0,1.0,0.0,0.0,0.0,0.0,0.0,0.0,0.0,1.0,0.0,0.0,2.25,0.4375,5
1,3,2,3,2,2,3,0,0.14,1,1,3,15,3,0,0,36,0,7,9,1,0,1.0,0.0,0.0,0.0,0.0,0.0,0.0,0.0,1.0,0.0,1.0,0.0,0.0,0.0,1.0,0.0,0.0,0.0,0.0,0.0,0.0,0.0,1.0,0.0,2.0,0.0,18
1,3,1,1,2,3,3,1,0.14,1,1,2,2,3,1,2,26,0,6,6,3,2,0.0,0.0,1.0,0.0,0.0,0.0,0.0,1.0,0.0,0.0,0.0,1.0,1.0,0.0,0.0,0.0,0.0,0.0,0.0,0.0,0.0,0.0,1.0,0.0,1.75,0.5,6
3,3,1,3,4,3,3,1,0.19,0,1,2,10,4,0,0,34,1,1,1,1,1,0.0,0.0,1.0,0.0,0.0,0.0,0.0,0.0,1.0,0.0,0.0,1.0,0.0,0.0,0.0,0.0,0.0,1.0,0.0,0.0,0.0,1.0,0.0,0.0,3.25,0.5,14
4,3,1,2,2,3,4,0,0.22,0,0,5,10,1,0,0,28,0,1,1,1,0,0.0,0.0,0.0,0.0,0.0,1.0,0.0,0.0,1.0,0.0,0.0,1.0,0.0,0.0,0.0,0.0,0.0,1.0,0.0,0.0,0.0,1.0,0.0,0.0,2.75,0.0,14
3,3,1,3,1,3,3,0,0.16,0,1,2,3,4,2,2,38,0,3,8,2,2,1.0,0.0,0.0,0.0,0.0,0.0,0.0,1.0,0.0,0.0,0.0,1.0,1.0,0.0,0.0,0.0,0.0,0.0,0.0,0.0,0.0,0.0,1.0,0.0,2.5,0.6666666666666666,6
2,3,5,3,4,2,3,1,0.11,0,1,2,2,4,7,7,50,0,2,29,8,1,0.0,0.0,0.0,0.0,0.0,1.0,0.0,0.0,1.0,0.0,0.0,1.0,0.0,0.0,0.0,1.0,0.0,0.0,0.0,0.0,0.0,0.0,1.0,0.0,2.75,0.1111111111111111,6
4,3,2,2,1,2,3,0,0.15,0,0,3,3,3,0,1,37,1,3,8,4,3,1.0,0.0,0.0,0.0,0.0,0.0,0.0,0.0,1.0,1.0,0.0,0.0,0.0,0.0,0.0,0.0,1.0,0.0,0.0,0.0,0.0,0.0,1.0,0.0,2.25,0.6,6
3,3,2,1,2,2,3,0,0.14,0,1,3,26,3,7,5,40,0,1,8,7,7,0.0,0.0,0.0,1.0,0.0,0.0,0.0,0.0,1.0,0.0,0.0,1.0,0.0,1.0,0.0,0.0,0.0,0.0,0.0,0.0,0.0,1.0,0.0,0.0,2.0,0.875,29
1,2,1,3,3,3,3,0,0.13,0,2,5,1,1,1,3,26,1,1,5,5,3,0.0,0.0,0.0,0.0,0.0,1.0,0.0,1.0,0.0,0.0,1.0,0.0,1.0,0.0,0.0,0.0,0.0,0.0,0.0,0.0,0.0,0.0,1.0,0.0,2.5,0.5,4
4,3,5,4,4,3,3,0,0.17,0,2,0,1,4,2,2,46,0,9,23,2,2,0.0,0.0,0.0,0.0,0.0,1.0,0.0,0.0,1.0,0.0,1.0,0.0,0.0,0.0,0.0,1.0,0.0,0.0,0.0,0.0,0.0,0.0,1.0,0.0,3.75,0.6666666666666666,4
3,2,3,3,2,3,3,0,0.11,0,1,4,2,4,7,0,54,1,6,13,9,4,0.0,0.0,1.0,0.0,0.0,0.0,0.0,0.0,1.0,0.0,0.0,1.0,0.0,1.0,0.0,0.0,0.0,0.0,0.0,0.0,0.0,1.0,0.0,0.0,2.75,0.4,5
1,3,1,3,2,3,3,0,0.19,0,1,4,9,3,0,3,56,1,2,18,5,4,0.0,0.0,0.0,0.0,0.0,1.0,0.0,1.0,0.0,0.0,0.0,1.0,1.0,0.0,0.0,0.0,0.0,0.0,0.0,0.0,0.0,0.0,1.0,0.0,2.25,0.6666666666666666,12
4,2,3,4,2,2,3,0,0.11,0,0,2,12,5,7,8,36,1,0,15,14,8,0.0,0.0,0.0,0.0,0.0,1.0,0.0,0.0,1.0,1.0,0.0,0.0,0.0,0.0,0.0,0.0,0.0,0.0,0.0,0.0,1.0,0.0,1.0,0.0,3.0,0.5333333333333333,15
3,2,4,1,2,4,3,0,0.15,0,0,3,2,1,6,2,55,0,7,31,9,7,0.0,0.0,0.0,0.0,0.0,1.0,1.0,0.0,0.0,1.0,0.0,0.0,0.0,0.0,0.0,0.0,0.0,0.0,0.0,1.0,0.0,0.0,1.0,0.0,2.5,0.7,5
3,2,3,4,3,3,3,0,0.13,0,1,5,25,3,0,0,43,0,5,18,1,0,0.0,0.0,0.0,0.0,0.0,1.0,0.0,0.0,1.0,0.0,1.0,0.0,0.0,1.0,0.0,0.0,0.0,0.0,0.0,0.0,0.0,1.0,0.0,0.0,3.25,0.0,28
4,3,1,4,2,3,3,1,0.14,1,0,3,9,3,0,2,20,1,1,2,2,2,0.0,0.0,0.0,1.0,0.0,0.0,0.0,1.0,0.0,1.0,0.0,0.0,0.0,0.0,0.0,0.0,0.0,1.0,0.0,0.0,0.0,1.0,0.0,0.0,3.25,0.6666666666666666,13
3,2,1,1,1,2,3,0,0.13,1,0,6,10,3,1,0,21,1,1,1,1,0,0.0,0.0,1.0,0.0,0.0,0.0,0.0,0.0,1.0,1.0,0.0,0.0,0.0,0.0,1.0,0.0,0.0,0.0,0.0,0.0,0.0,0.0,1.0,0.0,1.75,0.0,13
4,2,2,1,1,3,4,1,0.23,0,3,2,8,4,1,7,46,1,8,19,16,13,0.0,0.0,1.0,0.0,0.0,0.0,0.0,0.0,1.0,0.0,1.0,0.0,1.0,0.0,0.0,0.0,0.0,0.0,0.0,0.0,0.0,0.0,1.0,0.0,2.25,0.7647058823529411,13
1,3,1,3,3,4,3,1,0.12,1,3,2,4,4,2,7,51,0,9,18,10,0,0.0,0.0,1.0,0.0,0.0,0.0,0.0,0.0,1.0,0.0,0.0,1.0,1.0,0.0,0.0,0.0,0.0,0.0,0.0,0.0,0.0,0.0,1.0,0.0,2.75,0.0,8
2,2,3,1,1,2,3,0,0.12,1,0,2,24,2,1,9,28,0,1,10,10,7,0.0,1.0,0.0,0.0,0.0,0.0,1.0,0.0,0.0,1.0,0.0,0.0,0.0,0.0,0.0,0.0,1.0,0.0,0.0,0.0,0.0,0.0,1.0,0.0,1.5,0.6363636363636364,27
1,2,1,1,1,3,3,0,0.16,0,2,2,1,2,1,3,26,0,1,6,5,3,0.0,0.0,0.0,0.0,0.0,1.0,0.0,0.0,1.0,0.0,0.0,1.0,0.0,0.0,1.0,0.0,0.0,0.0,0.0,0.0,0.0,0.0,1.0,0.0,1.5,0.5,4
3,3,2,1,3,2,3,0,0.15,0,1,1,20,3,0,2,30,0,0,7,6,2,1.0,0.0,0.0,0.0,0.0,0.0,0.0,0.0,1.0,0.0,0.0,1.0,0.0,0.0,0.0,0.0,0.0,0.0,0.0,0.0,1.0,0.0,1.0,0.0,2.25,0.2857142857142857,23
2,4,1,3,3,3,3,0,0.13,0,0,3,7,2,0,8,41,1,1,10,10,6,0.0,1.0,0.0,0.0,0.0,0.0,0.0,0.0,1.0,0.0,0.0,1.0,1.0,0.0,0.0,0.0,0.0,0.0,0.0,0.0,0.0,0.0,1.0,0.0,2.75,0.5454545454545454,10
3,2,3,3,1,2,3,0,0.18,0,1,4,17,1,1,9,38,1,0,20,19,9,0.0,0.0,1.0,0.0,0.0,0.0,0.0,0.0,1.0,0.0,0.0,1.0,0.0,0.0,0.0,0.0,1.0,0.0,0.0,0.0,0.0,0.0,1.0,0.0,2.25,0.45,20
1,3,3,4,4,3,4,0,0.2,0,1,6,20,4,11,1,40,0,4,14,11,10,0.0,1.0,0.0,0.0,0.0,0.0,0.0,0.0,1.0,0.0,0.0,1.0,0.0,0.0,0.0,0.0,1.0,0.0,0.0,0.0,0.0,0.0,1.0,0.0,3.0,0.8333333333333334,24
1,1,1,3,4,3,3,0,0.19,0,3,4,8,5,1,2,27,0,1,3,3,2,0.0,0.0,1.0,0.0,0.0,0.0,1.0,0.0,0.0,0.0,0.0,1.0,0.0,0.0,1.0,0.0,0.0,0.0,0.0,0.0,0.0,0.0,1.0,0.0,2.75,0.5,11
4,3,3,2,2,3,3,0,0.18,0,1,4,2,1,1,2,55,0,3,23,3,2,0.0,0.0,1.0,0.0,0.0,0.0,0.0,1.0,0.0,0.0,0.0,1.0,0.0,0.0,0.0,0.0,0.0,0.0,0.0,0.0,1.0,0.0,1.0,0.0,2.75,0.5,5
3,3,2,3,4,4,3,0,0.13,0,0,4,10,3,1,7,28,1,3,10,8,7,1.0,0.0,0.0,0.0,0.0,0.0,0.0,0.0,1.0,1.0,0.0,0.0,1.0,0.0,0.0,0.0,0.0,0.0,0.0,0.0,0.0,0.0,1.0,0.0,3.5,0.7777777777777778,13
2,2,3,1,4,3,3,0,0.14,1,1,1,1,2,3,6,44,0,9,24,20,6,0.0,0.0,0.0,0.0,0.0,1.0,0.0,0.0,1.0,0.0,0.0,1.0,0.0,0.0,0.0,0.0,0.0,0.0,1.0,0.0,0.0,0.0,0.0,1.0,2.5,0.2857142857142857,4
4,2,3,4,3,3,3,0,0.15,0,1,2,5,3,1,2,33,0,4,9,3,2,0.0,0.0,1.0,0.0,0.0,0.0,0.0,0.0,1.0,0.0,1.0,0.0,0.0,0.0,0.0,0.0,1.0,0.0,0.0,0.0,0.0,0.0,1.0,0.0,3.5,0.5,8
4,3,3,1,1,3,4,1,0.22,1,0,2,4,3,4,7,35,0,0,9,8,7,0.0,1.0,0.0,0.0,0.0,0.0,0.0,0.0,1.0,1.0,0.0,0.0,0.0,1.0,0.0,0.0,0.0,0.0,0.0,0.0,0.0,1.0,0.0,0.0,2.25,0.7777777777777778,9
1,2,2,3,2,3,4,0,0.22,1,0,4,29,4,3,8,33,1,1,14,13,7,0.0,0.0,0.0,0.0,0.0,1.0,0.0,1.0,0.0,1.0,0.0,0.0,1.0,0.0,0.0,0.0,0.0,0.0,0.0,0.0,0.0,0.0,1.0,0.0,2.25,0.5,33
1,3,1,3,4,2,3,0,0.16,0,1,5,15,2,2,2,28,0,1,4,4,2,0.0,0.0,1.0,0.0,0.0,0.0,0.0,0.0,1.0,0.0,1.0,0.0,0.0,0.0,1.0,0.0,0.0,0.0,0.0,0.0,0.0,0.0,1.0,0.0,2.5,0.4,18
1,3,2,4,3,2,3,0,0.17,0,0,1,3,1,0,4,34,0,0,7,6,2,0.0,0.0,1.0,0.0,0.0,0.0,0.0,1.0,0.0,1.0,0.0,0.0,0.0,0.0,0.0,0.0,1.0,0.0,0.0,0.0,0.0,0.0,1.0,0.0,2.5,0.2857142857142857,6
4,2,2,4,3,3,3,1,0.14,0,3,5,10,4,0,0,37,1,2,8,1,0,0.0,0.0,1.0,0.0,0.0,0.0,0.0,0.0,1.0,0.0,1.0,0.0,0.0,1.0,0.0,0.0,0.0,0.0,0.0,0.0,0.0,1.0,0.0,0.0,3.5,0.0,14
4,3,1,4,2,4,3,1,0.15,1,1,3,4,1,5,6,25,0,1,7,7,7,0.0,1.0,0.0,0.0,0.0,0.0,0.0,0.0,1.0,0.0,0.0,1.0,0.0,0.0,1.0,0.0,0.0,0.0,0.0,0.0,0.0,0.0,1.0,0.0,3.5,0.875,8
1,3,1,3,3,2,4,0,0.2,1,1,0,21,3,0,0,26,0,1,1,1,1,0.0,0.0,0.0,0.0,0.0,1.0,0.0,0.0,1.0,0.0,1.0,0.0,0.0,0.0,1.0,0.0,0.0,0.0,0.0,0.0,0.0,0.0,1.0,0.0,2.25,0.5,25
1,2,1,2,2,3,4,1,0.2,1,0,0,25,3,2,2,33,0,4,5,2,2,0.0,0.0,0.0,0.0,0.0,1.0,0.0,0.0,1.0,1.0,0.0,0.0,1.0,0.0,0.0,0.0,0.0,0.0,0.0,0.0,0.0,0.0,1.0,0.0,2.0,0.6666666666666666,30
4,3,4,1,4,3,3,0,0.17,0,1,3,2,2,13,7,42,0,0,23,22,6,0.0,0.0,0.0,0.0,0.0,1.0,0.0,0.0,1.0,0.0,0.0,1.0,0.0,0.0,0.0,0.0,0.0,0.0,0.0,1.0,0.0,0.0,1.0,0.0,3.0,0.2608695652173913,5
1,2,1,2,1,3,3,0,0.15,1,2,2,1,3,0,0,28,0,1,1,1,0,0.0,0.0,0.0,0.0,0.0,1.0,0.0,1.0,0.0,0.0,1.0,0.0,0.0,0.0,1.0,0.0,0.0,0.0,0.0,0.0,0.0,0.0,1.0,0.0,1.75,0.0,4
4,3,2,3,4,3,3,1,0.14,1,0,4,1,4,0,0,50,0,3,5,0,0,1.0,0.0,0.0,0.0,0.0,0.0,0.0,1.0,0.0,1.0,0.0,0.0,0.0,1.0,0.0,0.0,0.0,0.0,0.0,0.0,0.0,1.0,0.0,0.0,3.5,0.0,5
4,3,2,2,3,3,3,0,0.17,0,1,3,7,3,0,2,33,1,0,4,3,2,0.0,0.0,1.0,0.0,0.0,0.0,0.0,1.0,0.0,0.0,0.0,1.0,0.0,1.0,0.0,0.0,0.0,0.0,0.0,0.0,0.0,1.0,0.0,0.0,3.0,0.5,10
3,2,1,4,4,3,3,0,0.17,0,3,2,3,4,0,0,34,0,3,6,0,0,0.0,0.0,1.0,0.0,0.0,0.0,1.0,0.0,0.0,0.0,0.0,1.0,1.0,0.0,0.0,0.0,0.0,0.0,0.0,0.0,0.0,0.0,1.0,0.0,3.5,0.0,6
1,4,4,4,3,2,4,0,0.22,0,0,3,1,4,2,1,48,0,2,27,5,4,0.0,0.0,0.0,0.0,0.0,1.0,1.0,0.0,0.0,1.0,0.0,0.0,0.0,0.0,0.0,0.0,0.0,0.0,0.0,1.0,0.0,0.0,1.0,0.0,2.5,0.6666666666666666,5
2,2,2,3,4,3,3,0,0.13,0,1,2,9,4,4,12,45,1,1,15,15,10,0.0,0.0,1.0,0.0,0.0,0.0,1.0,0.0,0.0,0.0,0.0,1.0,0.0,1.0,0.0,0.0,0.0,0.0,0.0,0.0,0.0,1.0,0.0,0.0,3.0,0.625,12
2,3,3,2,4,3,3,0,0.19,0,0,4,7,4,4,0,52,0,7,18,8,6,0.0,0.0,1.0,0.0,0.0,0.0,0.0,0.0,1.0,1.0,0.0,0.0,0.0,0.0,0.0,0.0,1.0,0.0,0.0,0.0,0.0,0.0,1.0,0.0,2.75,0.6666666666666666,10
3,2,3,3,2,3,3,1,0.14,0,2,2,10,4,2,7,38,0,0,9,8,7,0.0,0.0,0.0,1.0,0.0,0.0,0.0,0.0,1.0,0.0,1.0,0.0,0.0,1.0,0.0,0.0,0.0,0.0,0.0,0.0,0.0,1.0,0.0,0.0,2.75,0.7777777777777778,14
3,3,1,4,1,3,4,0,0.22,0,1,1,28,4,1,7,29,1,4,11,7,5,0.0,0.0,1.0,0.0,0.0,0.0,0.0,0.0,1.0,0.0,1.0,0.0,1.0,0.0,0.0,0.0,0.0,0.0,0.0,0.0,0.0,0.0,1.0,0.0,2.75,0.625,32
4,3,3,2,2,2,3,0,0.17,0,3,3,3,3,1,7,28,1,0,10,9,7,0.0,0.0,0.0,0.0,0.0,1.0,0.0,0.0,1.0,0.0,1.0,0.0,0.0,0.0,0.0,0.0,0.0,0.0,0.0,0.0,1.0,0.0,1.0,0.0,2.5,0.7,6
1,3,4,3,4,3,3,0,0.12,0,1,3,3,1,4,9,46,0,3,23,12,9,0.0,0.0,0.0,1.0,0.0,0.0,0.0,0.0,1.0,0.0,0.0,1.0,0.0,0.0,0.0,0.0,0.0,0.0,0.0,1.0,0.0,1.0,0.0,0.0,2.75,0.6923076923076923,6
4,3,3,2,3,3,3,0,0.16,0,0,2,2,2,0,0,38,0,7,10,1,0,0.0,0.0,0.0,1.0,0.0,0.0,0.0,0.0,1.0,1.0,0.0,0.0,0.0,1.0,0.0,0.0,0.0,0.0,0.0,0.0,0.0,1.0,0.0,0.0,3.0,0.0,5
3,3,3,1,3,3,3,0,0.11,0,1,1,27,3,0,1,43,1,8,18,8,7,0.0,0.0,1.0,0.0,0.0,0.0,0.0,1.0,0.0,0.0,0.0,1.0,0.0,0.0,0.0,0.0,0.0,0.0,0.0,0.0,1.0,0.0,1.0,0.0,2.5,0.7777777777777778,30
1,3,4,4,4,3,3,0,0.11,1,3,4,2,3,11,5,39,0,7,21,18,7,0.0,0.0,1.0,0.0,0.0,0.0,0.0,1.0,0.0,0.0,1.0,0.0,0.0,0.0,0.0,0.0,1.0,0.0,0.0,0.0,0.0,0.0,1.0,0.0,3.0,0.3684210526315789,5
3,2,5,3,1,4,3,0,0.14,0,0,2,14,3,4,9,40,0,1,21,20,7,0.0,0.0,0.0,0.0,0.0,1.0,0.0,0.0,1.0,1.0,0.0,0.0,0.0,0.0,0.0,1.0,0.0,0.0,0.0,0.0,0.0,0.0,1.0,0.0,2.75,0.3333333333333333,17
4,2,1,2,3,4,3,1,0.11,0,0,6,1,1,2,2,21,1,1,2,2,2,0.0,1.0,0.0,0.0,0.0,0.0,0.0,0.0,1.0,1.0,0.0,0.0,1.0,0.0,0.0,0.0,0.0,0.0,0.0,0.0,0.0,0.0,1.0,0.0,3.25,0.6666666666666666,5
3,3,2,2,3,2,3,0,0.15,0,0,2,9,3,0,3,39,0,9,9,5,4,0.0,0.0,1.0,0.0,0.0,0.0,1.0,0.0,0.0,1.0,0.0,0.0,0.0,0.0,1.0,0.0,0.0,0.0,0.0,0.0,0.0,0.0,1.0,0.0,2.5,0.6666666666666666,12
1,3,2,4,1,3,4,0,0.2,0,0,0,18,4,0,9,36,0,2,18,11,9,0.0,0.0,1.0,0.0,0.0,0.0,1.0,0.0,0.0,1.0,0.0,0.0,0.0,0.0,0.0,0.0,0.0,0.0,0.0,0.0,1.0,0.0,1.0,0.0,2.25,0.75,22
3,4,1,4,1,3,3,0,0.12,0,1,4,20,3,2,2,31,0,0,3,2,2,0.0,0.0,1.0,0.0,0.0,0.0,0.0,1.0,0.0,0.0,0.0,1.0,0.0,0.0,0.0,0.0,0.0,1.0,0.0,0.0,0.0,1.0,0.0,0.0,2.75,0.6666666666666666,23
1,2,1,2,1,1,3,0,0.17,0,0,2,2,1,0,4,28,0,0,6,5,3,0.0,0.0,1.0,0.0,0.0,0.0,0.0,0.0,1.0,0.0,0.0,1.0,1.0,0.0,0.0,0.0,0.0,0.0,0.0,0.0,0.0,0.0,1.0,0.0,1.25,0.5,5
4,3,2,4,4,3,3,0,0.11,0,1,3,11,2,0,2,35,0,1,5,5,2,0.0,0.0,0.0,1.0,0.0,0.0,0.0,1.0,0.0,0.0,1.0,0.0,0.0,1.0,0.0,0.0,0.0,0.0,0.0,0.0,0.0,1.0,0.0,0.0,3.75,0.3333333333333333,14
4,2,4,2,2,3,3,0,0.17,0,1,3,8,4,2,3,49,0,6,22,9,8,0.0,1.0,0.0,0.0,0.0,0.0,0.0,0.0,1.0,0.0,0.0,1.0,0.0,1.0,0.0,0.0,0.0,0.0,0.0,0.0,0.0,1.0,0.0,0.0,2.75,0.8,11
4,3,2,3,4,2,3,0,0.11,0,0,3,2,2,0,2,34,0,2,5,3,2,0.0,0.0,1.0,0.0,0.0,0.0,0.0,1.0,0.0,1.0,0.0,0.0,0.0,0.0,0.0,0.0,0.0,0.0,0.0,0.0,1.0,0.0,1.0,0.0,3.25,0.5,5
4,3,1,2,4,2,3,0,0.14,0,2,2,10,3,1,1,29,1,0,8,7,5,0.0,0.0,1.0,0.0,0.0,0.0,0.0,1.0,0.0,0.0,1.0,0.0,1.0,0.0,0.0,0.0,0.0,0.0,0.0,0.0,0.0,0.0,1.0,0.0,3.0,0.625,13
2,1,2,4,1,3,3,0,0.19,0,0,3,29,3,0,0,42,0,4,16,1,0,0.0,0.0,0.0,0.0,0.0,1.0,0.0,0.0,1.0,1.0,0.0,0.0,0.0,0.0,1.0,0.0,0.0,0.0,0.0,0.0,0.0,0.0,1.0,0.0,2.5,0.0,32
2,2,2,4,3,2,3,1,0.15,0,1,2,8,1,1,2,29,0,1,10,10,7,0.0,0.0,0.0,0.0,0.0,1.0,0.0,0.0,1.0,0.0,0.0,1.0,0.0,0.0,0.0,0.0,0.0,0.0,0.0,0.0,1.0,0.0,1.0,0.0,2.75,0.6363636363636364,12
3,4,1,3,4,4,3,0,0.13,0,1,2,1,3,5,0,38,0,1,7,7,6,0.0,0.0,0.0,0.0,1.0,0.0,0.0,0.0,1.0,0.0,0.0,1.0,0.0,0.0,0.0,0.0,0.0,0.0,1.0,0.0,0.0,0.0,0.0,1.0,3.5,0.75,4
3,2,1,3,4,3,3,1,0.14,0,1,2,6,3,0,2,28,0,1,3,3,1,0.0,0.0,1.0,0.0,0.0,0.0,0.0,1.0,0.0,0.0,1.0,0.0,1.0,0.0,0.0,0.0,0.0,0.0,0.0,0.0,0.0,0.0,1.0,0.0,3.25,0.25,10
3,3,1,3,4,3,3,0,0.12,1,0,0,8,1,0,0,18,0,1,0,0,0,0.0,0.0,0.0,0.0,0.0,1.0,1.0,0.0,0.0,1.0,0.0,0.0,0.0,0.0,1.0,0.0,0.0,0.0,0.0,0.0,0.0,0.0,1.0,0.0,3.25,0.0,11
1,3,2,1,1,3,3,1,0.17,1,0,3,9,4,0,3,33,1,0,6,5,2,0.0,0.0,0.0,1.0,0.0,0.0,0.0,0.0,1.0,1.0,0.0,0.0,0.0,1.0,0.0,0.0,0.0,0.0,0.0,0.0,0.0,1.0,0.0,0.0,1.5,0.3333333333333333,13
2,3,1,4,1,3,3,1,0.11,0,1,4,12,4,0,0,41,0,3,6,1,0,0.0,0.0,1.0,0.0,0.0,0.0,0.0,0.0,1.0,0.0,0.0,1.0,0.0,0.0,1.0,0.0,0.0,0.0,0.0,0.0,0.0,0.0,1.0,0.0,2.5,0.0,16
3,3,1,3,3,2,3,0,0.12,1,1,5,15,3,2,2,31,0,1,2,2,2,0.0,0.0,0.0,0.0,0.0,1.0,0.0,1.0,0.0,0.0,0.0,1.0,0.0,0.0,1.0,0.0,0.0,0.0,0.0,0.0,0.0,0.0,1.0,0.0,2.75,0.6666666666666666,18
3,2,2,4,3,3,3,0,0.13,0,2,2,25,2,1,3,37,1,7,9,6,2,0.0,0.0,0.0,0.0,0.0,1.0,0.0,0.0,1.0,0.0,1.0,0.0,0.0,0.0,0.0,0.0,1.0,0.0,0.0,0.0,0.0,0.0,1.0,0.0,3.25,0.2857142857142857,28
4,2,1,3,3,3,3,0,0.13,0,1,0,6,3,2,2,27,0,1,4,4,2,0.0,0.0,1.0,0.0,0.0,0.0,0.0,0.0,1.0,0.0,0.0,1.0,1.0,0.0,0.0,0.0,0.0,0.0,0.0,0.0,0.0,0.0,1.0,0.0,3.25,0.4,9
2,3,2,3,1,2,4,0,0.2,0,0,3,9,1,1,3,34,1,1,6,6,5,0.0,0.0,1.0,0.0,0.0,0.0,0.0,0.0,1.0,0.0,0.0,1.0,0.0,1.0,0.0,0.0,0.0,0.0,0.0,0.0,0.0,1.0,0.0,0.0,2.0,0.7142857142857143,13
3,3,1,3,2,1,3,0,0.17,0,0,2,8,4,1,4,35,0,1,6,5,4,0.0,1.0,0.0,0.0,0.0,0.0,0.0,0.0,1.0,1.0,0.0,0.0,0.0,0.0,0.0,0.0,0.0,0.0,1.0,0.0,0.0,0.0,0.0,1.0,2.25,0.6666666666666666,11
4,2,3,1,1,1,3,0,0.13,1,1,3,23,1,3,10,29,1,1,11,11,8,0.0,0.0,1.0,0.0,0.0,0.0,0.0,0.0,1.0,0.0,0.0,1.0,0.0,1.0,0.0,0.0,0.0,0.0,0.0,0.0,0.0,1.0,0.0,0.0,1.75,0.6666666666666666,26
2,3,3,3,3,2,3,0,0.17,0,0,3,9,4,2,13,40,1,9,20,18,7,0.0,0.0,0.0,0.0,0.0,1.0,0.0,1.0,0.0,1.0,0.0,0.0,0.0,0.0,0.0,1.0,0.0,0.0,0.0,0.0,0.0,0.0,1.0,0.0,2.5,0.3684210526315789,12
3,3,4,1,2,2,3,1,0.12,1,0,2,12,3,13,14,42,0,0,22,21,9,0.0,0.0,1.0,0.0,0.0,0.0,0.0,1.0,0.0,1.0,0.0,0.0,0.0,1.0,0.0,0.0,0.0,0.0,0.0,0.0,0.0,1.0,0.0,0.0,2.0,0.4090909090909091,16
2,3,2,1,4,4,3,0,0.13,0,0,3,4,4,1,5,42,0,7,9,6,4,0.0,0.0,0.0,1.0,0.0,0.0,0.0,0.0,1.0,1.0,0.0,0.0,0.0,1.0,0.0,0.0,0.0,0.0,0.0,0.0,0.0,1.0,0.0,0.0,2.75,0.5714285714285714,7
4,2,1,3,2,3,3,0,0.12,0,1,2,1,4,1,7,35,0,6,10,8,0,0.0,0.0,0.0,0.0,0.0,1.0,0.0,0.0,1.0,0.0,0.0,1.0,0.0,0.0,1.0,0.0,0.0,0.0,0.0,0.0,0.0,0.0,1.0,0.0,3.0,0.0,4
4,3,1,2,4,3,4,0,0.22,0,0,2,24,3,1,2,24,0,8,6,4,3,0.0,0.0,0.0,0.0,0.0,1.0,0.0,0.0,1.0,1.0,0.0,0.0,0.0,0.0,1.0,0.0,0.0,0.0,0.0,0.0,0.0,0.0,1.0,0.0,3.25,0.6,28
3,3,1,4,4,2,3,1,0.11,1,0,4,12,1,0,0,28,1,1,1,1,1,0.0,0.0,1.0,0.0,0.0,0.0,0.0,0.0,1.0,0.0,0.0,1.0,0.0,0.0,1.0,0.0,0.0,0.0,0.0,0.0,0.0,0.0,1.0,0.0,3.25,0.5,16
1,4,1,4,2,3,4,0,0.22,0,1,2,3,4,0,7,26,0,1,8,8,7,0.0,0.0,0.0,0.0,0.0,1.0,0.0,0.0,1.0,0.0,0.0,1.0,0.0,0.0,1.0,0.0,0.0,0.0,0.0,0.0,0.0,0.0,1.0,0.0,2.5,0.7777777777777778,7
3,2,2,3,1,3,3,0,0.18,0,1,3,10,3,1,4,30,0,1,10,10,3,0.0,0.0,0.0,1.0,0.0,0.0,0.0,0.0,1.0,0.0,0.0,1.0,0.0,1.0,0.0,0.0,0.0,0.0,0.0,0.0,0.0,1.0,0.0,0.0,2.5,0.2727272727272727,13
3,2,2,4,4,1,3,1,0.13,0,1,3,26,2,0,0,40,1,3,16,1,1,0.0,0.0,0.0,0.0,0.0,1.0,0.0,1.0,0.0,0.0,0.0,1.0,1.0,0.0,0.0,0.0,0.0,0.0,0.0,0.0,0.0,0.0,1.0,0.0,3.0,0.5,30
3,2,3,2,2,4,3,0,0.18,0,1,2,2,3,6,4,35,0,2,15,7,7,0.0,0.0,1.0,0.0,0.0,0.0,0.0,0.0,1.0,0.0,1.0,0.0,0.0,0.0,0.0,0.0,0.0,0.0,0.0,0.0,1.0,0.0,1.0,0.0,2.75,0.875,5
4,2,2,1,3,3,4,0,0.2,0,0,3,1,3,4,9,34,0,0,14,13,9,0.0,0.0,0.0,0.0,0.0,1.0,0.0,1.0,0.0,1.0,0.0,0.0,0.0,0.0,0.0,0.0,1.0,0.0,0.0,0.0,0.0,0.0,1.0,0.0,2.75,0.6428571428571429,5
4,2,1,4,2,4,3,0,0.13,0,1,2,4,4,2,2,35,0,1,2,2,2,1.0,0.0,0.0,0.0,0.0,0.0,0.0,1.0,0.0,0.0,0.0,1.0,0.0,0.0,1.0,0.0,0.0,0.0,0.0,0.0,0.0,0.0,1.0,0.0,3.5,0.6666666666666666,7
1,1,2,3,2,2,3,0,0.13,1,0,2,9,3,1,3,43,1,8,7,4,3,0.0,0.0,0.0,1.0,0.0,0.0,0.0,0.0,1.0,1.0,0.0,0.0,0.0,1.0,0.0,0.0,0.0,0.0,0.0,0.0,0.0,1.0,0.0,0.0,2.0,0.6,12
3,3,1,1,3,3,3,0,0.12,0,3,3,2,1,0,0,32,1,1,1,1,0,0.0,0.0,1.0,0.0,0.0,0.0,1.0,0.0,0.0,0.0,1.0,0.0,0.0,0.0,0.0,0.0,0.0,1.0,0.0,0.0,0.0,1.0,0.0,0.0,2.5,0.0,5
4,3,5,1,4,3,3,0,0.13,0,1,2,4,4,4,2,56,1,4,28,5,2,0.0,1.0,0.0,0.0,0.0,0.0,0.0,0.0,1.0,0.0,1.0,0.0,0.0,0.0,0.0,0.0,0.0,0.0,0.0,1.0,0.0,0.0,1.0,0.0,3.0,0.3333333333333333,7
2,3,1,4,1,3,3,0,0.13,0,1,5,6,1,0,8,29,1,1,10,10,8,0.0,0.0,0.0,0.0,0.0,1.0,0.0,0.0,1.0,0.0,0.0,1.0,0.0,0.0,1.0,0.0,0.0,0.0,0.0,0.0,0.0,0.0,1.0,0.0,2.5,0.7272727272727273,9
3,3,1,1,3,3,4,0,0.25,0,0,4,9,2,0,0,19,0,1,1,1,1,0.0,0.0,1.0,0.0,0.0,0.0,0.0,0.0,1.0,1.0,0.0,0.0,1.0,0.0,0.0,0.0,0.0,0.0,0.0,0.0,0.0,0.0,1.0,0.0,2.5,0.5,13
1,3,1,3,3,2,3,1,0.19,0,1,2,7,3,0,2,45,1,4,7,3,2,0.0,0.0,0.0,0.0,0.0,1.0,0.0,0.0,1.0,0.0,0.0,1.0,1.0,0.0,0.0,0.0,0.0,0.0,0.0,0.0,0.0,0.0,1.0,0.0,2.25,0.5,11
4,2,2,4,2,2,3,0,0.13,0,1,2,1,3,3,11,37,1,1,14,14,8,0.0,0.0,1.0,0.0,0.0,0.0,0.0,0.0,1.0,0.0,0.0,1.0,0.0,0.0,0.0,0.0,0.0,0.0,0.0,0.0,1.0,0.0,1.0,0.0,3.0,0.5333333333333333,4
1,2,1,3,1,2,3,0,0.12,0,0,2,3,3,1,2,20,0,1,2,2,2,0.0,0.0,1.0,0.0,0.0,0.0,0.0,0.0,1.0,1.0,0.0,0.0,0.0,0.0,1.0,0.0,0.0,0.0,0.0,0.0,0.0,0.0,1.0,0.0,1.75,0.6666666666666666,6
3,3,1,3,3,3,3,1,0.11,1,0,4,10,4,0,2,44,0,1,6,6,4,0.0,0.0,1.0,0.0,0.0,0.0,0.0,0.0,1.0,1.0,0.0,0.0,1.0,0.0,0.0,0.0,0.0,0.0,0.0,0.0,0.0,0.0,1.0,0.0,3.0,0.5714285714285714,14
4,3,5,3,2,3,3,0,0.18,0,1,6,7,2,4,7,53,1,3,26,7,7,0.0,0.0,0.0,0.0,0.0,1.0,0.0,0.0,1.0,0.0,1.0,0.0,0.0,0.0,0.0,0.0,0.0,0.0,0.0,1.0,0.0,0.0,1.0,0.0,3.0,0.875,10
2,1,1,4,1,2,3,1,0.18,0,1,2,15,1,1,3,29,1,0,6,5,4,0.0,0.0,1.0,0.0,0.0,0.0,0.0,0.0,1.0,0.0,0.0,1.0,1.0,0.0,0.0,0.0,0.0,0.0,0.0,0.0,0.0,0.0,1.0,0.0,2.25,0.6666666666666666,19
3,2,1,4,2,3,3,1,0.11,1,1,5,3,4,0,0,22,0,0,1,0,0,0.0,0.0,1.0,0.0,0.0,0.0,0.0,1.0,0.0,0.0,0.0,1.0,1.0,0.0,0.0,0.0,0.0,0.0,0.0,0.0,0.0,0.0,1.0,0.0,3.0,0.0,7
3,3,4,1,1,3,4,0,0.23,0,0,2,2,3,15,9,46,1,8,28,26,15,0.0,0.0,0.0,1.0,0.0,0.0,0.0,0.0,1.0,0.0,0.0,1.0,0.0,0.0,0.0,0.0,0.0,0.0,0.0,1.0,0.0,1.0,0.0,0.0,2.0,0.5555555555555556,6
4,1,1,3,4,3,3,0,0.13,0,0,3,17,3,0,0,44,0,2,6,0,0,0.0,0.0,1.0,0.0,0.0,0.0,1.0,0.0,0.0,1.0,0.0,0.0,1.0,0.0,0.0,0.0,0.0,0.0,0.0,0.0,0.0,0.0,1.0,0.0,3.5,0.0,20
2,3,1,3,4,3,3,0,0.13,0,1,2,2,3,1,4,33,0,1,5,5,4,0.0,0.0,0.0,0.0,1.0,0.0,0.0,0.0,1.0,0.0,0.0,1.0,0.0,0.0,0.0,0.0,0.0,0.0,1.0,0.0,0.0,0.0,0.0,1.0,3.0,0.6666666666666666,5
1,2,1,1,1,1,3,0,0.17,1,1,2,5,2,0,0,41,0,6,5,1,0,0.0,0.0,1.0,0.0,0.0,0.0,1.0,0.0,0.0,0.0,1.0,0.0,1.0,0.0,0.0,0.0,0.0,0.0,0.0,0.0,0.0,0.0,1.0,0.0,1.0,0.0,8
3,3,2,1,3,3,3,0,0.19,0,3,3,29,4,0,3,30,0,8,8,4,3,0.0,0.0,1.0,0.0,0.0,0.0,0.0,0.0,1.0,0.0,1.0,0.0,0.0,1.0,0.0,0.0,0.0,0.0,0.0,0.0,0.0,1.0,0.0,0.0,2.5,0.6,32
2,3,2,2,4,3,3,0,0.12,0,3,2,2,4,0,0,40,0,5,5,0,0,0.0,0.0,0.0,0.0,0.0,1.0,0.0,1.0,0.0,0.0,0.0,1.0,0.0,1.0,0.0,0.0,0.0,0.0,0.0,0.0,0.0,1.0,0.0,0.0,2.75,0.0,5
4,3,4,1,3,3,4,0,0.22,0,1,3,2,3,2,2,50,1,2,32,2,2,0.0,0.0,0.0,0.0,0.0,1.0,0.0,1.0,0.0,0.0,0.0,1.0,0.0,0.0,0.0,0.0,0.0,0.0,0.0,1.0,0.0,0.0,1.0,0.0,2.75,0.6666666666666666,6
4,2,1,1,3,3,3,0,0.12,0,3,2,19,4,3,3,28,0,1,6,6,5,0.0,0.0,0.0,0.0,0.0,1.0,0.0,0.0,1.0,0.0,0.0,1.0,0.0,0.0,1.0,0.0,0.0,0.0,0.0,0.0,0.0,0.0,1.0,0.0,2.75,0.7142857142857143,22
4,3,5,2,1,3,3,0,0.11,0,1,2,15,2,0,3,46,0,5,25,4,2,0.0,0.0,1.0,0.0,0.0,0.0,0.0,0.0,1.0,0.0,0.0,1.0,0.0,0.0,0.0,1.0,0.0,0.0,0.0,0.0,0.0,0.0,1.0,0.0,2.5,0.4,18
3,3,2,1,4,3,3,1,0.15,0,3,2,17,4,1,7,35,0,3,15,7,7,0.0,0.0,1.0,0.0,0.0,0.0,0.0,0.0,1.0,0.0,0.0,1.0,0.0,1.0,0.0,0.0,0.0,0.0,0.0,0.0,0.0,1.0,0.0,0.0,2.75,0.875,21
4,3,1,2,1,1,3,0,0.13,1,1,3,17,2,0,0,24,1,1,1,1,0,0.0,0.0,1.0,0.0,0.0,0.0,0.0,0.0,1.0,0.0,0.0,1.0,0.0,0.0,1.0,0.0,0.0,0.0,0.0,0.0,0.0,0.0,1.0,0.0,2.0,0.0,20
2,3,2,3,1,2,3,0,0.12,0,1,3,25,3,0,1,33,1,1,10,10,7,0.0,0.0,0.0,0.0,0.0,1.0,0.0,1.0,0.0,0.0,0.0,1.0,0.0,1.0,0.0,0.0,0.0,0.0,0.0,0.0,0.0,1.0,0.0,0.0,2.0,0.6363636363636364,28
3,1,1,3,3,3,3,0,0.14,0,1,4,6,4,1,7,36,0,1,7,7,7,0.0,0.0,1.0,0.0,0.0,0.0,0.0,0.0,1.0,0.0,1.0,0.0,0.0,0.0,1.0,0.0,0.0,0.0,0.0,0.0,0.0,0.0,1.0,0.0,3.0,0.875,9
3,3,2,3,1,2,3,0,0.13,0,3,4,7,4,8,9,30,0,1,10,10,7,0.0,0.0,1.0,0.0,0.0,0.0,0.0,0.0,1.0,0.0,1.0,0.0,0.0,0.0,1.0,0.0,0.0,0.0,0.0,0.0,0.0,0.0,1.0,0.0,2.25,0.6363636363636364,10
4,3,2,4,2,3,4,0,0.25,0,0,3,29,4,13,17,44,0,1,20,20,11,1.0,0.0,0.0,0.0,0.0,0.0,0.0,0.0,1.0,1.0,0.0,0.0,1.0,0.0,0.0,0.0,0.0,0.0,0.0,0.0,0.0,0.0,1.0,0.0,3.25,0.5238095238095238,33
3,4,1,4,4,3,3,0,0.17,0,0,2,21,3,2,2,20,0,1,2,2,1,0.0,0.0,0.0,1.0,0.0,0.0,0.0,0.0,1.0,1.0,0.0,0.0,0.0,0.0,0.0,0.0,0.0,1.0,0.0,0.0,0.0,1.0,0.0,0.0,3.5,0.3333333333333333,24
4,3,2,4,3,2,3,0,0.11,0,1,3,2,4,1,4,46,0,2,12,6,3,0.0,1.0,0.0,0.0,0.0,0.0,0.0,0.0,1.0,0.0,1.0,0.0,0.0,0.0,0.0,0.0,0.0,0.0,0.0,0.0,1.0,0.0,1.0,0.0,3.25,0.42857142857142855,5
4,4,2,1,1,4,3,0,0.16,0,1,3,2,5,0,3,42,0,7,10,4,3,0.0,0.0,0.0,0.0,0.0,1.0,1.0,0.0,0.0,0.0,0.0,1.0,0.0,0.0,0.0,0.0,0.0,0.0,1.0,0.0,0.0,0.0,0.0,1.0,2.5,0.6,5
2,4,2,4,2,3,3,1,0.18,0,1,3,7,4,1,9,60,0,0,12,11,7,0.0,0.0,0.0,1.0,0.0,0.0,0.0,0.0,1.0,0.0,1.0,0.0,0.0,1.0,0.0,0.0,0.0,0.0,0.0,0.0,0.0,1.0,0.0,0.0,2.75,0.5833333333333334,11
3,2,1,2,3,3,4,0,0.2,0,1,2,13,3,2,2,32,1,1,2,2,2,1.0,0.0,0.0,0.0,0.0,0.0,0.0,1.0,0.0,0.0,0.0,1.0,0.0,0.0,1.0,0.0,0.0,0.0,0.0,0.0,0.0,0.0,1.0,0.0,2.75,0.6666666666666666,17
4,3,2,3,4,3,3,1,0.14,0,0,2,2,2,0,7,32,1,4,10,8,7,0.0,0.0,1.0,0.0,0.0,0.0,0.0,1.0,0.0,1.0,0.0,0.0,1.0,0.0,0.0,0.0,0.0,0.0,0.0,0.0,0.0,0.0,1.0,0.0,3.5,0.7777777777777778,6
3,1,3,1,3,3,4,1,0.21,0,1,2,1,3,7,7,36,1,2,17,7,7,0.0,1.0,0.0,0.0,0.0,0.0,0.0,0.0,1.0,0.0,1.0,0.0,0.0,0.0,0.0,0.0,0.0,0.0,0.0,0.0,1.0,0.0,1.0,0.0,2.5,0.875,6
1,3,1,4,2,3,3,0,0.13,0,1,5,9,3,4,10,33,0,0,15,14,10,0.0,0.0,0.0,0.0,0.0,1.0,0.0,0.0,1.0,0.0,0.0,1.0,1.0,0.0,0.0,0.0,0.0,0.0,0.0,0.0,0.0,0.0,1.0,0.0,2.5,0.6666666666666666,12
2,2,2,2,2,4,3,0,0.12,0,1,2,10,3,1,3,40,1,7,7,5,1,0.0,1.0,0.0,0.0,0.0,0.0,0.0,0.0,1.0,0.0,1.0,0.0,0.0,1.0,0.0,0.0,0.0,0.0,0.0,0.0,0.0,1.0,0.0,0.0,2.5,0.16666666666666666,13
3,3,2,4,2,3,3,0,0.14,0,0,4,10,4,1,1,25,0,0,5,4,3,0.0,0.0,1.0,0.0,0.0,0.0,0.0,0.0,1.0,1.0,0.0,0.0,0.0,1.0,0.0,0.0,0.0,0.0,0.0,0.0,0.0,1.0,0.0,0.0,3.0,0.6,13
4,3,1,2,1,3,4,1,0.21,0,1,2,1,3,5,7,30,0,0,12,11,9,0.0,0.0,0.0,0.0,0.0,1.0,0.0,0.0,1.0,0.0,0.0,1.0,1.0,0.0,0.0,0.0,0.0,0.0,0.0,0.0,0.0,0.0,1.0,0.0,2.5,0.75,6
1,3,3,1,3,3,3,1,0.17,0,0,6,26,5,0,0,42,1,3,20,1,0,0.0,0.0,0.0,0.0,0.0,1.0,0.0,1.0,0.0,0.0,0.0,1.0,0.0,0.0,0.0,1.0,0.0,0.0,0.0,0.0,0.0,0.0,1.0,0.0,2.0,0.0,30
3,2,3,4,2,2,3,1,0.11,0,1,6,8,2,4,12,35,1,4,16,13,2,0.0,0.0,0.0,1.0,0.0,0.0,1.0,0.0,0.0,0.0,0.0,1.0,0.0,1.0,0.0,0.0,0.0,0.0,0.0,0.0,0.0,1.0,0.0,0.0,2.75,0.14285714285714285,12
1,3,1,1,4,2,3,1,0.14,0,2,3,14,3,6,8,27,0,1,9,9,7,0.0,0.0,1.0,0.0,0.0,0.0,0.0,0.0,1.0,0.0,0.0,1.0,1.0,0.0,0.0,0.0,0.0,0.0,0.0,0.0,0.0,0.0,1.0,0.0,2.0,0.7,18
4,3,3,3,1,1,3,0,0.17,0,1,2,1,4,1,4,54,1,7,33,5,4,0.0,0.0,1.0,0.0,0.0,0.0,0.0,1.0,0.0,0.0,1.0,0.0,0.0,0.0,0.0,0.0,0.0,0.0,0.0,0.0,1.0,0.0,1.0,0.0,2.25,0.6666666666666666,4
1,4,1,4,4,3,3,0,0.13,0,1,5,2,1,7,7,44,1,1,10,10,5,0.0,0.0,1.0,0.0,0.0,0.0,0.0,0.0,1.0,0.0,0.0,1.0,1.0,0.0,0.0,0.0,0.0,0.0,0.0,0.0,0.0,0.0,1.0,0.0,3.0,0.45454545454545453,5
1,2,1,2,2,4,4,1,0.25,1,0,2,10,3,0,0,19,1,1,1,1,1,0.0,0.0,0.0,0.0,0.0,1.0,1.0,0.0,0.0,1.0,0.0,0.0,1.0,0.0,0.0,0.0,0.0,0.0,0.0,0.0,0.0,0.0,1.0,0.0,2.25,0.5,15
1,3,1,4,1,3,3,0,0.15,0,3,5,1,3,1,2,29,1,1,3,3,2,0.0,0.0,1.0,0.0,0.0,0.0,0.0,0.0,1.0,0.0,1.0,0.0,1.0,0.0,0.0,0.0,0.0,0.0,0.0,0.0,0.0,0.0,1.0,0.0,2.25,0.5,4
4,3,4,4,1,3,3,0,0.14,0,0,2,3,3,0,9,54,0,3,36,10,9,0.0,0.0,1.0,0.0,0.0,0.0,0.0,0.0,1.0,0.0,0.0,1.0,0.0,0.0,0.0,1.0,0.0,0.0,0.0,0.0,0.0,0.0,1.0,0.0,3.0,0.8181818181818182,6
3,3,2,1,4,2,3,1,0.12,0,0,2,11,2,0,1,31,0,1,6,6,5,0.0,0.0,0.0,0.0,0.0,1.0,0.0,0.0,1.0,0.0,0.0,1.0,0.0,0.0,0.0,0.0,1.0,0.0,0.0,0.0,0.0,0.0,1.0,0.0,2.5,0.7142857142857143,15
3,2,2,1,2,3,3,0,0.19,0,0,2,24,3,1,8,31,1,1,10,10,9,0.0,0.0,0.0,0.0,0.0,1.0,0.0,0.0,1.0,1.0,0.0,0.0,0.0,0.0,0.0,0.0,1.0,0.0,0.0,0.0,0.0,0.0,1.0,0.0,2.25,0.8181818181818182,27
3,2,2,4,4,3,3,0,0.17,0,0,2,3,3,0,5,59,1,5,13,6,1,0.0,0.0,1.0,0.0,0.0,0.0,0.0,0.0,1.0,1.0,0.0,0.0,0.0,1.0,0.0,0.0,0.0,0.0,0.0,0.0,0.0,1.0,0.0,0.0,3.5,0.14285714285714285,6
3,1,5,4,2,3,3,0,0.14,0,1,2,3,3,0,7,43,0,3,25,8,7,0.0,0.0,1.0,0.0,0.0,0.0,0.0,0.0,1.0,0.0,0.0,1.0,0.0,0.0,0.0,1.0,0.0,0.0,0.0,0.0,0.0,0.0,1.0,0.0,3.0,0.7777777777777778,6
1,2,5,3,3,4,3,0,0.13,0,1,2,4,2,0,0,49,0,2,23,1,0,0.0,0.0,0.0,0.0,0.0,1.0,0.0,0.0,1.0,0.0,0.0,1.0,0.0,0.0,0.0,0.0,0.0,0.0,0.0,1.0,0.0,0.0,1.0,0.0,2.75,0.0,7
3,3,1,2,3,2,3,0,0.12,0,0,2,3,3,0,7,36,0,1,12,11,10,0.0,1.0,0.0,0.0,0.0,0.0,0.0,1.0,0.0,0.0,0.0,1.0,1.0,0.0,0.0,0.0,0.0,0.0,0.0,0.0,0.0,0.0,1.0,0.0,2.5,0.8333333333333334,6
4,4,1,2,3,2,3,0,0.11,0,0,4,2,2,0,0,48,0,5,7,1,0,0.0,1.0,0.0,0.0,0.0,0.0,0.0,0.0,1.0,1.0,0.0,0.0,0.0,0.0,1.0,0.0,0.0,0.0,0.0,0.0,0.0,0.0,1.0,0.0,2.75,0.0,5
1,3,1,3,2,3,3,0,0.11,0,3,2,4,2,0,3,27,0,1,5,5,3,0.0,0.0,1.0,0.0,0.0,0.0,0.0,0.0,1.0,0.0,1.0,0.0,1.0,0.0,0.0,0.0,0.0,0.0,0.0,0.0,0.0,0.0,1.0,0.0,2.25,0.5,7
3,3,2,4,2,3,3,1,0.11,0,2,2,7,3,1,0,29,0,1,6,6,0,0.0,0.0,1.0,0.0,0.0,0.0,0.0,0.0,1.0,0.0,1.0,0.0,0.0,0.0,0.0,0.0,1.0,0.0,0.0,0.0,0.0,0.0,1.0,0.0,3.0,0.0,11
4,2,5,4,3,4,3,0,0.12,0,0,3,1,3,0,0,48,0,6,25,1,0,0.0,0.0,1.0,0.0,0.0,0.0,0.0,0.0,1.0,1.0,0.0,0.0,0.0,0.0,0.0,1.0,0.0,0.0,0.0,0.0,0.0,0.0,1.0,0.0,3.75,0.0,4
4,2,4,4,2,2,3,0,0.14,0,2,2,1,3,1,7,29,1,3,9,7,7,0.0,0.0,1.0,0.0,0.0,0.0,0.0,0.0,1.0,0.0,1.0,0.0,0.0,0.0,0.0,1.0,0.0,0.0,0.0,0.0,0.0,0.0,1.0,0.0,3.0,0.875,4
3,4,1,3,4,2,3,0,0.17,0,0,5,20,3,0,0,34,1,0,2,1,0,0.0,1.0,0.0,0.0,0.0,0.0,0.0,0.0,1.0,0.0,0.0,1.0,1.0,0.0,0.0,0.0,0.0,0.0,0.0,0.0,0.0,0.0,1.0,0.0,3.0,0.0,23
2,3,5,2,3,3,3,0,0.11,0,1,5,5,3,3,10,44,0,7,26,22,9,0.0,0.0,0.0,1.0,0.0,0.0,0.0,0.0,1.0,0.0,0.0,1.0,0.0,0.0,0.0,0.0,0.0,0.0,0.0,1.0,0.0,1.0,0.0,0.0,2.5,0.391304347826087,8
4,4,3,3,4,3,3,1,0.14,0,2,3,10,5,0,8,33,0,0,10,9,8,0.0,0.0,0.0,1.0,0.0,0.0,0.0,0.0,1.0,0.0,1.0,0.0,0.0,1.0,0.0,0.0,0.0,0.0,0.0,0.0,0.0,1.0,0.0,0.0,3.5,0.8,14
2,4,1,4,4,3,3,1,0.12,0,0,2,25,3,0,1,19,1,1,1,1,0,0.0,0.0,1.0,0.0,0.0,0.0,0.0,0.0,1.0,1.0,0.0,0.0,1.0,0.0,0.0,0.0,0.0,0.0,0.0,0.0,0.0,0.0,1.0,0.0,3.25,0.0,29
4,3,1,3,4,3,4,0,0.22,0,1,2,1,2,0,1,23,0,1,1,1,0,0.0,0.0,1.0,0.0,0.0,0.0,0.0,0.0,1.0,0.0,0.0,1.0,1.0,0.0,0.0,0.0,0.0,0.0,0.0,0.0,0.0,0.0,1.0,0.0,3.5,0.0,5
3,1,1,4,4,3,3,1,0.14,1,0,4,24,1,1,0,25,0,1,1,1,0,0.0,0.0,1.0,0.0,0.0,0.0,0.0,1.0,0.0,1.0,0.0,0.0,0.0,0.0,0.0,0.0,0.0,1.0,0.0,0.0,0.0,1.0,0.0,0.0,3.5,0.0,28
3,3,1,4,2,2,4,1,0.2,0,0,2,4,2,2,2,26,0,1,8,8,5,0.0,0.0,1.0,0.0,0.0,0.0,0.0,0.0,1.0,1.0,0.0,0.0,1.0,0.0,0.0,0.0,0.0,0.0,0.0,0.0,0.0,0.0,1.0,0.0,2.75,0.5555555555555556,9
1,1,5,2,1,3,3,1,0.16,1,0,2,2,3,1,11,45,1,2,26,24,10,0.0,0.0,0.0,1.0,0.0,0.0,0.0,0.0,1.0,1.0,0.0,0.0,0.0,0.0,0.0,0.0,0.0,0.0,0.0,1.0,0.0,1.0,0.0,0.0,1.75,0.4,6
4,2,4,2,4,3,3,1,0.15,0,1,3,8,1,15,0,55,0,1,34,33,9,0.0,0.0,0.0,0.0,0.0,1.0,1.0,0.0,0.0,0.0,1.0,0.0,0.0,0.0,0.0,0.0,1.0,0.0,0.0,0.0,0.0,0.0,1.0,0.0,3.25,0.2647058823529412,12
1,2,1,3,3,1,4,0,0.2,1,0,2,10,2,2,2,21,1,1,2,2,2,0.0,0.0,1.0,0.0,0.0,0.0,0.0,1.0,0.0,1.0,0.0,0.0,0.0,0.0,1.0,0.0,0.0,0.0,0.0,0.0,0.0,0.0,1.0,0.0,2.0,0.6666666666666666,14
4,2,5,2,3,3,3,0,0.14,0,1,2,4,2,0,8,46,1,2,26,11,4,0.0,0.0,0.0,1.0,0.0,0.0,0.0,0.0,1.0,0.0,0.0,1.0,0.0,0.0,0.0,0.0,0.0,0.0,0.0,1.0,0.0,1.0,0.0,0.0,3.0,0.3333333333333333,7
3,3,2,1,4,3,3,1,0.12,0,0,3,2,3,0,2,34,1,0,4,3,2,0.0,0.0,0.0,1.0,0.0,0.0,0.0,0.0,1.0,1.0,0.0,0.0,0.0,1.0,0.0,0.0,0.0,0.0,0.0,0.0,0.0,1.0,0.0,0.0,2.75,0.5,6
4,3,5,2,1,2,4,1,0.24,0,1,5,9,3,11,10,51,0,4,31,29,10,0.0,0.0,1.0,0.0,0.0,0.0,0.0,1.0,0.0,0.0,1.0,0.0,0.0,0.0,0.0,0.0,0.0,0.0,0.0,1.0,0.0,1.0,0.0,0.0,2.25,0.3333333333333333,14
4,3,3,4,4,2,3,0,0.12,0,0,6,18,4,5,4,59,0,6,25,9,7,0.0,0.0,0.0,0.0,0.0,1.0,0.0,0.0,1.0,1.0,0.0,0.0,0.0,0.0,0.0,0.0,0.0,0.0,0.0,0.0,1.0,0.0,1.0,0.0,3.5,0.7,21
3,3,2,2,3,4,3,0,0.13,0,2,2,19,3,5,10,34,1,4,15,11,8,0.0,0.0,0.0,0.0,0.0,1.0,0.0,1.0,0.0,0.0,1.0,0.0,0.0,0.0,1.0,0.0,0.0,0.0,0.0,0.0,0.0,0.0,1.0,0.0,3.0,0.6666666666666666,22
4,3,1,3,3,2,3,1,0.11,0,0,2,1,4,0,2,28,0,0,5,4,2,0.0,0.0,0.0,0.0,0.0,1.0,0.0,1.0,0.0,1.0,0.0,0.0,0.0,0.0,1.0,0.0,0.0,0.0,0.0,0.0,0.0,0.0,1.0,0.0,3.0,0.4,5
3,4,5,1,4,2,3,0,0.14,0,2,4,4,2,14,13,44,0,1,26,25,9,0.0,0.0,1.0,0.0,0.0,0.0,0.0,0.0,1.0,0.0,1.0,0.0,0.0,0.0,0.0,0.0,0.0,0.0,0.0,1.0,0.0,0.0,1.0,0.0,2.5,0.34615384615384615,7
3,2,2,2,4,4,3,0,0.11,0,2,5,11,3,1,8,34,0,4,14,10,9,0.0,0.0,1.0,0.0,0.0,0.0,0.0,1.0,0.0,0.0,0.0,1.0,0.0,0.0,0.0,0.0,0.0,0.0,1.0,0.0,0.0,0.0,0.0,1.0,3.25,0.8181818181818182,14
3,3,1,3,4,3,3,1,0.14,0,0,3,6,1,2,2,35,0,0,4,3,2,0.0,0.0,1.0,0.0,0.0,0.0,0.0,0.0,1.0,0.0,0.0,1.0,1.0,0.0,0.0,0.0,0.0,0.0,0.0,0.0,0.0,0.0,1.0,0.0,3.25,0.5,10
2,4,2,2,4,3,3,1,0.16,0,0,2,7,4,0,0,42,1,6,18,1,0,0.0,0.0,0.0,0.0,0.0,1.0,0.0,0.0,1.0,0.0,0.0,1.0,1.0,0.0,0.0,0.0,0.0,0.0,0.0,0.0,0.0,0.0,1.0,0.0,2.75,0.0,11
4,2,3,4,4,4,3,0,0.14,0,0,3,4,4,15,17,43,1,3,23,21,7,0.0,0.0,0.0,1.0,0.0,0.0,0.0,0.0,1.0,1.0,0.0,0.0,0.0,1.0,0.0,0.0,0.0,0.0,0.0,0.0,0.0,1.0,0.0,0.0,4.0,0.3181818181818182,7
3,3,2,2,4,3,3,1,0.11,0,0,2,2,4,5,12,36,1,9,18,16,14,0.0,0.0,1.0,0.0,0.0,0.0,0.0,0.0,1.0,1.0,0.0,0.0,0.0,0.0,0.0,0.0,0.0,0.0,0.0,0.0,1.0,0.0,1.0,0.0,3.0,0.8235294117647058,6
1,3,3,4,4,3,3,0,0.11,1,1,2,15,3,0,5,44,1,1,10,10,7,0.0,0.0,0.0,0.0,0.0,1.0,0.0,0.0,1.0,0.0,0.0,1.0,0.0,0.0,0.0,0.0,1.0,0.0,0.0,0.0,0.0,0.0,1.0,0.0,3.0,0.6363636363636364,18
4,2,1,4,2,3,3,1,0.12,0,1,2,2,3,2,2,28,0,1,2,2,2,0.0,0.0,1.0,0.0,0.0,0.0,0.0,1.0,0.0,0.0,0.0,1.0,0.0,0.0,1.0,0.0,0.0,0.0,0.0,0.0,0.0,0.0,1.0,0.0,3.25,0.6666666666666666,6
2,2,1,3,2,2,3,0,0.14,0,0,6,6,2,7,7,51,1,0,8,7,0,0.0,0.0,0.0,0.0,0.0,1.0,0.0,1.0,0.0,1.0,0.0,0.0,0.0,0.0,1.0,0.0,0.0,0.0,0.0,0.0,0.0,0.0,1.0,0.0,2.25,0.0,9
3,3,2,3,3,3,3,1,0.18,0,0,3,9,2,1,7,30,1,7,10,8,4,0.0,0.0,0.0,0.0,0.0,1.0,1.0,0.0,0.0,1.0,0.0,0.0,0.0,0.0,0.0,0.0,0.0,0.0,0.0,0.0,1.0,0.0,1.0,0.0,3.0,0.4444444444444444,13
2,3,1,3,1,3,3,1,0.13,1,2,2,7,3,7,7,29,1,3,10,7,7,0.0,1.0,0.0,0.0,0.0,0.0,0.0,0.0,1.0,0.0,1.0,0.0,0.0,0.0,1.0,0.0,0.0,0.0,0.0,0.0,0.0,0.0,1.0,0.0,2.25,0.875,11
4,3,1,1,2,2,3,0,0.11,0,0,2,1,3,1,2,28,0,2,5,3,2,0.0,1.0,0.0,0.0,0.0,0.0,0.0,0.0,1.0,1.0,0.0,0.0,1.0,0.0,0.0,0.0,0.0,0.0,0.0,0.0,0.0,0.0,1.0,0.0,2.25,0.5,4
4,3,1,2,4,2,3,0,0.18,0,0,3,1,3,2,1,25,1,1,2,2,2,0.0,0.0,0.0,0.0,0.0,1.0,0.0,0.0,1.0,1.0,0.0,0.0,1.0,0.0,0.0,0.0,0.0,0.0,0.0,0.0,0.0,0.0,1.0,0.0,3.0,0.6666666666666666,4
3,4,2,4,3,4,3,0,0.15,0,2,4,8,3,0,8,32,0,1,10,10,7,0.0,0.0,0.0,0.0,0.0,1.0,0.0,0.0,1.0,0.0,0.0,1.0,0.0,1.0,0.0,0.0,0.0,0.0,0.0,0.0,0.0,1.0,0.0,0.0,3.5,0.6363636363636364,11
2,3,5,2,3,3,4,0,0.22,0,0,4,25,3,0,0,45,1,3,22,0,0,0.0,0.0,0.0,0.0,0.0,1.0,0.0,1.0,0.0,1.0,0.0,0.0,0.0,0.0,0.0,0.0,0.0,0.0,0.0,1.0,0.0,0.0,1.0,0.0,2.5,0.0,29
3,2,4,2,4,3,3,1,0.13,0,2,4,13,4,15,2,39,1,6,21,19,9,0.0,0.0,0.0,0.0,0.0,1.0,0.0,0.0,1.0,0.0,1.0,0.0,0.0,0.0,0.0,0.0,0.0,0.0,0.0,1.0,0.0,0.0,1.0,0.0,3.0,0.45,17
1,3,1,3,4,3,3,0,0.12,0,2,3,23,4,2,2,58,0,1,2,2,2,0.0,0.0,1.0,0.0,0.0,0.0,0.0,0.0,1.0,0.0,1.0,0.0,1.0,0.0,0.0,0.0,0.0,0.0,0.0,0.0,0.0,0.0,1.0,0.0,2.75,0.6666666666666666,26
4,3,2,3,1,3,3,0,0.18,1,1,3,7,2,1,1,32,0,1,10,10,4,0.0,0.0,1.0,0.0,0.0,0.0,0.0,0.0,1.0,0.0,0.0,1.0,0.0,0.0,1.0,0.0,0.0,0.0,0.0,0.0,0.0,0.0,1.0,0.0,2.75,0.36363636363636365,10
3,3,1,1,1,3,3,0,0.13,1,0,2,23,3,0,3,39,0,0,6,5,2,0.0,0.0,0.0,0.0,0.0,1.0,0.0,0.0,1.0,1.0,0.0,0.0,1.0,0.0,0.0,0.0,0.0,0.0,0.0,0.0,0.0,0.0,1.0,0.0,2.0,0.3333333333333333,26
1,2,2,4,1,3,3,0,0.12,0,1,6,6,3,6,7,30,1,0,10,9,2,0.0,1.0,0.0,0.0,0.0,0.0,0.0,0.0,1.0,0.0,0.0,1.0,0.0,0.0,1.0,0.0,0.0,0.0,0.0,0.0,0.0,0.0,1.0,0.0,2.25,0.2,9
4,3,3,3,1,3,3,0,0.12,0,0,0,10,4,1,7,36,1,3,10,7,7,0.0,1.0,0.0,0.0,0.0,0.0,0.0,0.0,1.0,0.0,0.0,1.0,0.0,0.0,0.0,0.0,1.0,0.0,0.0,0.0,0.0,0.0,1.0,0.0,2.75,0.875,13
4,3,1,1,3,4,3,0,0.12,0,0,3,1,2,5,7,46,1,6,10,7,6,0.0,0.0,1.0,0.0,0.0,0.0,0.0,0.0,1.0,1.0,0.0,0.0,0.0,0.0,0.0,0.0,0.0,0.0,1.0,0.0,0.0,0.0,0.0,1.0,3.0,0.75,4
3,1,2,4,1,3,3,0,0.11,0,3,6,1,3,7,5,28,1,0,10,9,8,0.0,0.0,1.0,0.0,0.0,0.0,1.0,0.0,0.0,0.0,0.0,1.0,0.0,0.0,1.0,0.0,0.0,0.0,0.0,0.0,0.0,0.0,1.0,0.0,2.75,0.8,4
4,3,4,1,2,3,3,1,0.11,0,0,2,28,3,1,2,50,1,4,25,3,2,0.0,0.0,1.0,0.0,0.0,0.0,0.0,0.0,1.0,0.0,0.0,1.0,0.0,0.0,0.0,1.0,0.0,0.0,0.0,0.0,0.0,0.0,1.0,0.0,2.5,0.5,32
4,2,3,2,3,3,3,1,0.12,1,0,2,25,4,1,0,40,0,2,9,5,4,0.0,0.0,0.0,1.0,0.0,0.0,0.0,0.0,1.0,1.0,0.0,0.0,0.0,1.0,0.0,0.0,0.0,0.0,0.0,0.0,0.0,1.0,0.0,0.0,3.0,0.6666666666666666,29
2,3,3,2,3,2,3,1,0.19,1,0,2,5,3,7,7,52,0,9,10,8,7,0.0,0.0,1.0,0.0,0.0,0.0,0.0,0.0,1.0,1.0,0.0,0.0,0.0,1.0,0.0,0.0,0.0,0.0,0.0,0.0,0.0,1.0,0.0,0.0,2.25,0.7777777777777778,9
2,3,3,1,4,3,4,1,0.23,0,2,2,17,4,0,8,30,1,1,9,9,1,0.0,0.0,0.0,0.0,0.0,1.0,0.0,0.0,1.0,0.0,0.0,1.0,0.0,0.0,0.0,0.0,0.0,0.0,0.0,1.0,0.0,0.0,1.0,0.0,2.5,0.1,22
1,3,2,3,1,3,3,0,0.11,0,0,6,18,2,1,7,39,0,0,9,8,7,0.0,0.0,1.0,0.0,0.0,0.0,0.0,0.0,1.0,1.0,0.0,0.0,0.0,0.0,0.0,0.0,0.0,0.0,0.0,0.0,1.0,0.0,1.0,0.0,2.0,0.7777777777777778,21
4,3,3,3,1,2,3,1,0.19,0,1,5,2,4,9,6,31,1,1,10,10,8,0.0,0.0,1.0,0.0,0.0,0.0,1.0,0.0,0.0,0.0,1.0,0.0,0.0,1.0,0.0,0.0,0.0,0.0,0.0,0.0,0.0,1.0,0.0,0.0,2.5,0.7272727272727273,6
3,1,2,2,1,3,3,0,0.13,0,0,4,10,2,11,9,41,0,1,19,19,2,0.0,0.0,0.0,0.0,0.0,1.0,1.0,0.0,0.0,1.0,0.0,0.0,0.0,1.0,0.0,0.0,0.0,0.0,0.0,0.0,0.0,1.0,0.0,0.0,2.25,0.1,13
4,3,1,2,1,4,3,1,0.11,1,0,2,1,3,2,2,31,1,1,3,3,2,0.0,0.0,1.0,0.0,0.0,0.0,0.0,1.0,0.0,1.0,0.0,0.0,0.0,0.0,0.0,0.0,0.0,1.0,0.0,0.0,0.0,1.0,0.0,0.0,2.75,0.5,5
1,3,1,1,3,4,3,0,0.12,1,0,4,3,3,1,2,44,0,4,10,3,2,0.0,0.0,1.0,0.0,0.0,0.0,0.0,0.0,1.0,0.0,0.0,1.0,0.0,0.0,1.0,0.0,0.0,0.0,0.0,0.0,0.0,0.0,1.0,0.0,2.25,0.5,6
3,3,4,3,4,2,3,1,0.13,0,0,3,2,1,2,10,42,0,0,21,20,8,0.0,0.0,1.0,0.0,0.0,0.0,1.0,0.0,0.0,0.0,0.0,1.0,0.0,0.0,0.0,0.0,0.0,0.0,0.0,1.0,0.0,0.0,1.0,0.0,3.0,0.38095238095238093,6
4,1,5,3,4,3,3,0,0.14,0,1,5,2,2,9,11,55,1,4,23,19,9,0.0,0.0,0.0,0.0,0.0,1.0,0.0,0.0,1.0,0.0,0.0,1.0,0.0,0.0,0.0,0.0,0.0,0.0,0.0,1.0,0.0,0.0,1.0,0.0,3.5,0.45,5
4,3,5,2,1,3,3,0,0.14,0,0,4,8,4,7,7,56,0,6,36,7,3,0.0,0.0,1.0,0.0,0.0,0.0,0.0,0.0,1.0,1.0,0.0,0.0,0.0,0.0,0.0,0.0,0.0,0.0,0.0,1.0,0.0,0.0,0.0,1.0,2.5,0.375,11
3,3,1,3,2,3,3,0,0.16,0,1,0,16,2,0,0,40,0,9,6,4,2,0.0,0.0,1.0,0.0,0.0,0.0,1.0,0.0,0.0,0.0,1.0,0.0,1.0,0.0,0.0,0.0,0.0,0.0,0.0,0.0,0.0,0.0,1.0,0.0,2.75,0.4,19
4,3,3,4,4,2,3,0,0.11,0,1,0,9,3,1,6,34,0,0,10,9,7,0.0,0.0,1.0,0.0,0.0,0.0,0.0,0.0,1.0,0.0,1.0,0.0,0.0,0.0,0.0,0.0,1.0,0.0,0.0,0.0,0.0,0.0,1.0,0.0,3.5,0.7,12
3,3,2,4,3,3,3,0,0.13,0,0,4,2,3,8,8,40,0,1,9,9,8,0.0,0.0,1.0,0.0,0.0,0.0,0.0,0.0,1.0,1.0,0.0,0.0,1.0,0.0,0.0,0.0,0.0,0.0,0.0,0.0,0.0,0.0,1.0,0.0,3.25,0.8,5
3,3,2,1,4,3,3,0,0.17,0,1,2,1,3,1,7,41,1,0,10,9,3,0.0,0.0,0.0,1.0,0.0,0.0,0.0,1.0,0.0,0.0,1.0,0.0,0.0,1.0,0.0,0.0,0.0,0.0,0.0,0.0,0.0,1.0,0.0,0.0,2.75,0.3,4
3,3,2,3,2,3,3,1,0.11,0,0,3,4,4,1,1,35,0,1,9,9,6,0.0,0.0,1.0,0.0,0.0,0.0,0.0,1.0,0.0,1.0,0.0,0.0,1.0,0.0,0.0,0.0,0.0,0.0,0.0,0.0,0.0,0.0,1.0,0.0,2.75,0.6,8
3,3,4,2,2,3,3,1,0.11,0,1,2,5,3,0,10,51,0,1,33,33,9,0.0,0.0,1.0,0.0,0.0,0.0,0.0,0.0,1.0,0.0,1.0,0.0,0.0,0.0,0.0,0.0,0.0,0.0,0.0,1.0,0.0,0.0,0.0,1.0,2.5,0.2647058823529412,9
2,3,2,1,4,3,3,0,0.15,0,1,3,2,2,1,7,38,1,3,11,7,7,0.0,0.0,1.0,0.0,0.0,0.0,0.0,0.0,1.0,0.0,1.0,0.0,0.0,1.0,0.0,0.0,0.0,0.0,0.0,0.0,0.0,1.0,0.0,0.0,2.5,0.875,5
3,3,2,1,4,4,3,0,0.12,0,0,6,15,2,9,6,34,1,1,10,10,8,0.0,0.0,0.0,0.0,0.0,1.0,0.0,0.0,1.0,1.0,0.0,0.0,0.0,1.0,0.0,0.0,0.0,0.0,0.0,0.0,0.0,1.0,0.0,0.0,3.0,0.7272727272727273,18
4,3,1,4,3,2,3,0,0.11,0,3,6,19,1,1,2,25,0,3,7,3,2,0.0,0.0,0.0,0.0,0.0,1.0,0.0,0.0,1.0,0.0,0.0,1.0,0.0,0.0,1.0,0.0,0.0,0.0,0.0,0.0,0.0,0.0,1.0,0.0,3.25,0.5,22
3,2,3,1,4,2,3,1,0.14,1,0,0,7,4,5,9,58,1,7,31,10,9,0.0,0.0,0.0,0.0,0.0,1.0,0.0,0.0,1.0,0.0,0.0,1.0,0.0,0.0,0.0,0.0,0.0,0.0,0.0,0.0,1.0,0.0,1.0,0.0,2.5,0.8181818181818182,11
2,3,1,2,3,3,4,0,0.22,0,1,3,1,4,0,3,40,0,3,7,4,2,0.0,0.0,1.0,0.0,0.0,0.0,0.0,0.0,1.0,0.0,0.0,1.0,0.0,0.0,1.0,0.0,0.0,0.0,0.0,0.0,0.0,0.0,1.0,0.0,2.5,0.4,5
1,4,2,1,4,2,3,0,0.16,0,1,2,7,3,6,13,36,1,2,17,15,7,0.0,0.0,0.0,1.0,0.0,0.0,0.0,1.0,0.0,0.0,0.0,1.0,0.0,1.0,0.0,0.0,0.0,0.0,0.0,0.0,0.0,1.0,0.0,0.0,2.0,0.4375,10
4,3,3,4,3,3,3,0,0.11,0,0,2,4,3,0,8,48,0,1,11,10,9,0.0,0.0,1.0,0.0,0.0,0.0,0.0,0.0,1.0,1.0,0.0,0.0,0.0,0.0,0.0,0.0,0.0,0.0,0.0,0.0,1.0,0.0,1.0,0.0,3.5,0.8181818181818182,7
3,4,1,4,2,3,3,0,0.14,0,1,4,11,3,0,0,27,1,8,5,1,0,0.0,0.0,0.0,0.0,0.0,1.0,0.0,0.0,1.0,0.0,0.0,1.0,0.0,0.0,0.0,0.0,0.0,1.0,0.0,0.0,0.0,1.0,0.0,0.0,3.0,0.0,14
4,2,4,2,2,2,3,0,0.16,0,0,1,11,2,0,3,51,1,3,29,5,2,0.0,1.0,0.0,0.0,0.0,0.0,0.0,0.0,1.0,1.0,0.0,0.0,0.0,0.0,0.0,0.0,0.0,0.0,0.0,0.0,1.0,0.0,1.0,0.0,2.5,0.3333333333333333,14
4,3,1,4,3,4,3,0,0.15,0,0,5,1,3,0,0,18,1,1,0,0,0,0.0,0.0,1.0,0.0,0.0,0.0,1.0,0.0,0.0,1.0,0.0,0.0,0.0,0.0,1.0,0.0,0.0,0.0,0.0,0.0,0.0,0.0,1.0,0.0,3.75,0.0,4
4,2,2,4,2,3,3,0,0.12,0,1,0,1,3,0,0,35,1,0,10,9,7,0.0,0.0,0.0,0.0,0.0,1.0,0.0,0.0,1.0,0.0,0.0,1.0,0.0,0.0,1.0,0.0,0.0,0.0,0.0,0.0,0.0,0.0,1.0,0.0,3.25,0.7,4
4,1,2,4,2,3,4,0,0.2,0,0,3,2,1,0,0,27,0,3,8,6,2,0.0,0.0,1.0,0.0,0.0,0.0,0.0,1.0,0.0,1.0,0.0,0.0,0.0,1.0,0.0,0.0,0.0,0.0,0.0,0.0,0.0,1.0,0.0,0.0,3.25,0.2857142857142857,6
1,4,4,3,3,2,3,1,0.17,1,0,2,13,4,3,8,55,0,6,24,19,7,0.0,0.0,0.0,1.0,0.0,0.0,0.0,0.0,1.0,1.0,0.0,0.0,0.0,1.0,0.0,0.0,0.0,0.0,0.0,0.0,0.0,1.0,0.0,0.0,2.25,0.35,17
4,3,4,2,1,3,3,1,0.12,0,1,0,23,3,15,9,56,0,4,33,19,16,0.0,0.0,1.0,0.0,0.0,0.0,0.0,0.0,1.0,0.0,0.0,1.0,0.0,0.0,0.0,0.0,0.0,0.0,0.0,0.0,1.0,0.0,1.0,0.0,2.5,0.8,27
1,2,1,3,3,3,4,0,0.2,0,3,2,26,1,0,0,34,1,1,5,5,4,0.0,1.0,0.0,0.0,0.0,0.0,1.0,0.0,0.0,0.0,1.0,0.0,1.0,0.0,0.0,0.0,0.0,0.0,0.0,0.0,0.0,0.0,1.0,0.0,2.5,0.6666666666666666,30
2,4,2,3,2,3,4,0,0.2,0,3,0,2,1,11,8,40,1,5,15,12,11,0.0,0.0,0.0,0.0,0.0,1.0,0.0,0.0,1.0,0.0,1.0,0.0,0.0,0.0,0.0,0.0,1.0,0.0,0.0,0.0,0.0,0.0,1.0,0.0,2.5,0.8461538461538461,6
2,3,2,3,1,3,3,0,0.13,0,2,1,29,3,7,7,34,0,4,10,8,7,0.0,0.0,0.0,0.0,0.0,1.0,0.0,0.0,1.0,0.0,0.0,1.0,0.0,0.0,1.0,0.0,0.0,0.0,0.0,0.0,0.0,0.0,1.0,0.0,2.25,0.7777777777777778,32
3,2,1,4,3,4,3,0,0.14,1,0,3,2,3,0,0,31,1,7,3,1,0,0.0,0.0,1.0,0.0,0.0,0.0,0.0,1.0,0.0,1.0,0.0,0.0,0.0,0.0,0.0,0.0,0.0,1.0,0.0,0.0,0.0,1.0,0.0,0.0,3.5,0.0,5
4,3,2,3,3,2,3,1,0.18,1,1,0,18,4,3,2,35,1,0,5,4,2,0.0,0.0,0.0,1.0,0.0,0.0,0.0,1.0,0.0,0.0,0.0,1.0,0.0,1.0,0.0,0.0,0.0,0.0,0.0,0.0,0.0,1.0,0.0,0.0,3.0,0.4,22
4,4,1,3,4,3,3,0,0.11,0,3,2,7,3,0,3,38,0,1,4,4,2,0.0,0.0,1.0,0.0,0.0,0.0,0.0,1.0,0.0,0.0,1.0,0.0,1.0,0.0,0.0,0.0,0.0,0.0,0.0,0.0,0.0,0.0,1.0,0.0,3.5,0.4,10
3,3,2,4,4,4,3,0,0.11,0,0,2,2,4,4,11,34,1,1,14,14,11,0.0,1.0,0.0,0.0,0.0,0.0,0.0,0.0,1.0,1.0,0.0,0.0,0.0,0.0,0.0,0.0,1.0,0.0,0.0,0.0,0.0,0.0,1.0,0.0,3.75,0.7333333333333333,5
3,2,2,1,3,3,3,0,0.11,0,1,0,26,3,0,4,28,0,1,5,5,3,0.0,0.0,1.0,0.0,0.0,0.0,0.0,0.0,1.0,0.0,0.0,1.0,0.0,1.0,0.0,0.0,0.0,0.0,0.0,0.0,0.0,1.0,0.0,0.0,2.5,0.5,29
4,3,2,3,4,2,3,1,0.15,1,2,3,22,4,6,7,31,0,1,10,10,2,0.0,0.0,0.0,0.0,0.0,1.0,0.0,0.0,1.0,0.0,0.0,1.0,0.0,0.0,0.0,0.0,0.0,0.0,0.0,0.0,1.0,0.0,1.0,0.0,3.25,0.18181818181818182,26
1,2,2,4,4,4,3,1,0.12,0,2,2,21,4,1,4,39,0,3,8,5,4,0.0,0.0,1.0,0.0,0.0,0.0,0.0,0.0,1.0,0.0,0.0,1.0,0.0,1.0,0.0,0.0,0.0,0.0,0.0,0.0,0.0,1.0,0.0,0.0,3.25,0.6666666666666666,25
2,3,3,2,2,3,3,0,0.11,0,0,5,2,3,3,2,51,0,2,14,4,2,0.0,0.0,0.0,1.0,0.0,0.0,0.0,1.0,0.0,0.0,0.0,1.0,0.0,1.0,0.0,0.0,0.0,0.0,0.0,0.0,0.0,1.0,0.0,0.0,2.25,0.4,5
4,3,2,4,1,2,3,1,0.14,0,2,4,22,3,3,3,41,1,3,12,6,2,0.0,0.0,1.0,0.0,0.0,0.0,0.0,1.0,0.0,0.0,1.0,0.0,1.0,0.0,0.0,0.0,0.0,0.0,0.0,0.0,0.0,0.0,1.0,0.0,2.75,0.2857142857142857,26
3,3,1,3,4,3,3,1,0.15,0,0,2,4,1,1,3,37,0,7,8,6,4,0.0,0.0,1.0,0.0,0.0,0.0,0.0,0.0,1.0,0.0,0.0,1.0,1.0,0.0,0.0,0.0,0.0,0.0,0.0,0.0,0.0,0.0,1.0,0.0,3.25,0.5714285714285714,8
2,3,2,4,1,4,3,0,0.13,0,0,2,5,1,1,2,33,0,6,8,5,4,0.0,0.0,1.0,0.0,0.0,0.0,0.0,1.0,0.0,0.0,0.0,1.0,0.0,1.0,0.0,0.0,0.0,0.0,0.0,0.0,0.0,1.0,0.0,0.0,2.75,0.6666666666666666,8
3,3,2,2,1,2,3,1,0.13,0,3,3,2,1,1,2,32,0,0,4,3,2,0.0,0.0,0.0,1.0,0.0,0.0,0.0,0.0,1.0,0.0,0.0,1.0,0.0,1.0,0.0,0.0,0.0,0.0,0.0,0.0,0.0,1.0,0.0,0.0,2.0,0.5,6
3,3,3,3,2,3,4,0,0.21,0,1,2,25,2,0,5,39,0,3,13,6,4,0.0,0.0,1.0,0.0,0.0,0.0,1.0,0.0,0.0,0.0,0.0,1.0,0.0,0.0,0.0,0.0,1.0,0.0,0.0,0.0,0.0,0.0,1.0,0.0,2.75,0.5714285714285714,29
1,4,2,3,2,2,3,0,0.11,0,0,3,18,1,1,2,25,0,2,6,3,2,0.0,0.0,1.0,0.0,0.0,0.0,0.0,0.0,1.0,0.0,0.0,1.0,0.0,1.0,0.0,0.0,0.0,0.0,0.0,0.0,0.0,1.0,0.0,0.0,2.0,0.5,21
4,4,4,3,2,2,3,1,0.11,0,1,3,28,2,0,2,52,1,2,24,5,3,0.0,0.0,0.0,0.0,0.0,1.0,0.0,1.0,0.0,0.0,0.0,1.0,0.0,0.0,0.0,0.0,0.0,0.0,0.0,0.0,1.0,0.0,1.0,0.0,2.75,0.5,32
1,2,2,3,1,1,3,1,0.14,0,0,3,6,3,1,8,43,1,1,20,20,7,0.0,0.0,0.0,0.0,0.0,1.0,0.0,0.0,1.0,1.0,0.0,0.0,1.0,0.0,0.0,0.0,0.0,0.0,0.0,0.0,0.0,0.0,1.0,0.0,1.5,0.3333333333333333,10
4,2,2,4,4,3,3,1,0.11,0,0,3,10,3,4,4,27,1,1,6,6,2,0.0,0.0,0.0,1.0,0.0,0.0,0.0,0.0,1.0,0.0,0.0,1.0,0.0,1.0,0.0,0.0,0.0,0.0,0.0,0.0,0.0,1.0,0.0,0.0,3.75,0.2857142857142857,14
4,3,1,3,4,3,3,1,0.13,1,0,2,17,4,7,7,27,1,1,8,8,2,0.0,0.0,1.0,0.0,0.0,0.0,0.0,0.0,1.0,1.0,0.0,0.0,1.0,0.0,0.0,0.0,0.0,0.0,0.0,0.0,0.0,0.0,1.0,0.0,3.5,0.2222222222222222,21
1,2,1,4,4,3,3,0,0.12,0,0,2,2,1,1,1,26,0,0,5,4,3,0.0,0.0,0.0,0.0,0.0,1.0,0.0,0.0,1.0,1.0,0.0,0.0,1.0,0.0,0.0,0.0,0.0,0.0,0.0,0.0,0.0,0.0,1.0,0.0,3.0,0.6,5
3,3,4,1,3,3,3,0,0.14,0,1,5,10,3,0,9,42,1,0,21,20,7,0.0,0.0,0.0,0.0,1.0,0.0,0.0,0.0,1.0,0.0,0.0,1.0,0.0,0.0,0.0,0.0,0.0,0.0,0.0,1.0,0.0,0.0,0.0,1.0,2.5,0.3333333333333333,13
3,3,1,1,3,1,3,0,0.13,0,0,2,8,4,0,4,52,1,9,12,5,4,1.0,0.0,0.0,0.0,0.0,0.0,0.0,0.0,1.0,0.0,0.0,1.0,0.0,0.0,1.0,0.0,0.0,0.0,0.0,0.0,0.0,0.0,1.0,0.0,2.0,0.6666666666666666,11
1,3,1,3,1,3,3,0,0.18,0,0,6,11,3,0,2,37,1,4,8,3,2,0.0,0.0,0.0,0.0,0.0,1.0,0.0,0.0,1.0,1.0,0.0,0.0,0.0,0.0,1.0,0.0,0.0,0.0,0.0,0.0,0.0,0.0,1.0,0.0,2.0,0.5,14
3,3,3,4,3,3,3,0,0.11,0,0,2,18,2,2,2,35,0,2,10,2,2,0.0,0.0,1.0,0.0,0.0,0.0,0.0,1.0,0.0,1.0,0.0,0.0,0.0,0.0,0.0,0.0,0.0,0.0,0.0,0.0,1.0,0.0,1.0,0.0,3.25,0.6666666666666666,21
1,3,1,4,2,2,3,0,0.11,0,1,2,1,3,0,2,25,0,4,7,3,2,0.0,1.0,0.0,0.0,0.0,0.0,0.0,0.0,1.0,0.0,0.0,1.0,0.0,0.0,1.0,0.0,0.0,0.0,0.0,0.0,0.0,0.0,1.0,0.0,2.25,0.5,4
3,4,1,1,4,3,3,0,0.12,0,0,2,7,3,0,7,26,0,0,8,7,7,1.0,0.0,0.0,0.0,0.0,0.0,0.0,0.0,1.0,1.0,0.0,0.0,0.0,0.0,1.0,0.0,0.0,0.0,0.0,0.0,0.0,0.0,1.0,0.0,2.75,0.875,10
2,2,3,1,1,2,3,0,0.13,0,0,3,17,3,0,9,29,0,1,10,10,9,1.0,0.0,0.0,0.0,0.0,0.0,0.0,0.0,1.0,1.0,0.0,0.0,0.0,0.0,0.0,0.0,0.0,0.0,1.0,0.0,0.0,0.0,0.0,1.0,1.5,0.8181818181818182,20
1,2,2,1,1,3,4,0,0.2,1,0,2,28,2,1,3,49,0,3,20,4,3,0.0,0.0,1.0,0.0,0.0,0.0,0.0,1.0,0.0,1.0,0.0,0.0,0.0,0.0,1.0,0.0,0.0,0.0,0.0,0.0,0.0,0.0,1.0,0.0,1.5,0.6,32
3,3,3,4,1,3,3,1,0.12,1,0,1,14,1,7,7,29,1,0,9,8,7,1.0,0.0,0.0,0.0,0.0,0.0,0.0,1.0,0.0,1.0,0.0,0.0,0.0,0.0,0.0,0.0,1.0,0.0,0.0,0.0,0.0,0.0,1.0,0.0,2.75,0.7777777777777778,18
4,3,4,4,4,2,3,0,0.19,0,0,3,1,3,12,7,54,1,6,29,20,7,0.0,0.0,0.0,0.0,0.0,1.0,0.0,0.0,1.0,1.0,0.0,0.0,0.0,0.0,0.0,1.0,0.0,0.0,0.0,0.0,0.0,0.0,1.0,0.0,3.5,0.3333333333333333,4
4,3,5,1,3,3,4,1,0.21,0,1,3,1,3,1,5,58,1,3,32,9,8,0.0,0.0,0.0,0.0,0.0,1.0,0.0,0.0,1.0,0.0,0.0,1.0,0.0,0.0,0.0,1.0,0.0,0.0,0.0,0.0,0.0,0.0,1.0,0.0,2.75,0.8,6
2,4,4,4,4,4,3,0,0.13,0,2,4,1,4,0,0,55,0,2,31,7,7,0.0,0.0,0.0,0.0,0.0,1.0,0.0,0.0,1.0,0.0,1.0,0.0,0.0,0.0,0.0,1.0,0.0,0.0,0.0,0.0,0.0,0.0,1.0,0.0,3.5,0.875,4
1,3,2,2,4,3,3,1,0.16,0,0,3,3,4,0,1,36,1,3,15,5,4,0.0,0.0,0.0,1.0,0.0,0.0,0.0,0.0,1.0,1.0,0.0,0.0,0.0,1.0,0.0,0.0,0.0,0.0,0.0,0.0,0.0,1.0,0.0,0.0,2.5,0.6666666666666666,7
2,1,1,3,2,3,3,0,0.12,1,0,3,1,4,0,0,31,1,1,1,1,0,0.0,0.0,1.0,0.0,0.0,0.0,0.0,1.0,0.0,1.0,0.0,0.0,0.0,0.0,0.0,0.0,0.0,1.0,0.0,0.0,0.0,1.0,0.0,0.0,2.5,0.0,4
4,3,2,1,2,3,3,0,0.14,0,2,3,7,4,0,2,30,1,7,8,3,2,0.0,0.0,0.0,1.0,0.0,0.0,0.0,0.0,1.0,0.0,1.0,0.0,0.0,1.0,0.0,0.0,0.0,0.0,0.0,0.0,0.0,1.0,0.0,0.0,2.5,0.5,10
1,3,4,2,3,4,3,0,0.11,0,0,3,8,5,1,0,31,1,3,9,3,2,0.0,0.0,1.0,0.0,0.0,0.0,0.0,0.0,1.0,1.0,0.0,0.0,0.0,0.0,0.0,1.0,0.0,0.0,0.0,0.0,0.0,0.0,1.0,0.0,2.5,0.5,11
4,3,1,1,3,3,3,0,0.14,0,2,2,1,4,1,3,34,0,5,10,4,3,1.0,0.0,0.0,0.0,0.0,0.0,0.0,1.0,0.0,0.0,1.0,0.0,1.0,0.0,0.0,0.0,0.0,0.0,0.0,0.0,0.0,0.0,1.0,0.0,2.75,0.6,4
1,2,1,2,3,4,3,0,0.12,1,0,3,8,3,0,0,31,1,1,1,1,0,0.0,0.0,1.0,0.0,0.0,0.0,0.0,0.0,1.0,1.0,0.0,0.0,1.0,0.0,0.0,0.0,0.0,0.0,0.0,0.0,0.0,0.0,1.0,0.0,2.5,0.0,11
2,3,1,1,2,4,3,0,0.14,0,0,3,11,1,1,4,27,0,0,6,5,0,0.0,0.0,1.0,0.0,0.0,0.0,0.0,0.0,1.0,0.0,0.0,1.0,0.0,0.0,1.0,0.0,0.0,0.0,0.0,0.0,0.0,0.0,1.0,0.0,2.25,0.0,14
1,2,2,4,3,2,3,0,0.16,0,0,2,4,4,1,8,36,0,1,10,10,4,0.0,0.0,1.0,0.0,0.0,0.0,0.0,0.0,1.0,1.0,0.0,0.0,0.0,0.0,1.0,0.0,0.0,0.0,0.0,0.0,0.0,0.0,1.0,0.0,2.5,0.36363636363636365,7
3,2,2,1,1,2,3,0,0.13,0,2,3,16,4,0,2,36,1,4,11,3,2,0.0,0.0,0.0,1.0,0.0,0.0,0.0,0.0,1.0,0.0,0.0,1.0,0.0,1.0,0.0,0.0,0.0,0.0,0.0,0.0,0.0,1.0,0.0,0.0,1.75,0.5,19
1,3,1,4,3,2,3,0,0.12,0,1,2,1,3,1,2,47,0,7,17,6,5,0.0,1.0,0.0,0.0,0.0,0.0,0.0,0.0,1.0,0.0,0.0,1.0,1.0,0.0,0.0,0.0,0.0,0.0,0.0,0.0,0.0,0.0,1.0,0.0,2.5,0.7142857142857143,4
1,2,1,1,1,3,3,0,0.12,1,0,2,9,2,2,2,25,0,3,6,3,2,0.0,0.0,1.0,0.0,0.0,0.0,0.0,0.0,1.0,0.0,0.0,1.0,0.0,0.0,0.0,0.0,0.0,1.0,0.0,0.0,0.0,1.0,0.0,0.0,1.5,0.5,12
3,4,1,3,1,1,3,0,0.14,0,0,2,5,2,1,3,37,0,0,7,6,5,0.0,1.0,0.0,0.0,0.0,0.0,1.0,0.0,0.0,1.0,0.0,0.0,0.0,0.0,1.0,0.0,0.0,0.0,0.0,0.0,0.0,0.0,1.0,0.0,2.0,0.7142857142857143,8
1,3,1,1,4,4,4,0,0.22,0,1,3,1,2,1,0,56,1,2,5,3,2,0.0,0.0,1.0,0.0,0.0,0.0,0.0,0.0,1.0,0.0,0.0,1.0,1.0,0.0,0.0,0.0,0.0,0.0,0.0,0.0,0.0,0.0,1.0,0.0,2.5,0.5,5
1,3,4,3,2,4,3,0,0.19,0,2,2,2,4,5,6,47,1,3,26,20,17,0.0,0.0,0.0,0.0,0.0,1.0,0.0,0.0,1.0,0.0,0.0,1.0,0.0,0.0,0.0,1.0,0.0,0.0,0.0,0.0,0.0,0.0,1.0,0.0,2.5,0.8095238095238095,5
4,3,2,3,3,3,3,1,0.12,0,2,3,4,1,0,3,24,1,1,5,5,4,0.0,0.0,0.0,0.0,0.0,1.0,0.0,0.0,1.0,0.0,0.0,1.0,0.0,1.0,0.0,0.0,0.0,0.0,0.0,0.0,0.0,1.0,0.0,0.0,3.25,0.6666666666666666,8
4,3,2,4,3,2,3,0,0.12,0,1,3,7,5,0,3,32,0,4,7,4,3,0.0,0.0,0.0,1.0,0.0,0.0,0.0,0.0,1.0,0.0,0.0,1.0,0.0,1.0,0.0,0.0,0.0,0.0,0.0,0.0,0.0,1.0,0.0,0.0,3.25,0.6,10
4,2,1,2,1,2,3,0,0.17,0,1,2,1,3,0,2,34,1,5,7,5,4,0.0,0.0,1.0,0.0,0.0,0.0,0.0,0.0,1.0,0.0,0.0,1.0,0.0,0.0,1.0,0.0,0.0,0.0,0.0,0.0,0.0,0.0,1.0,0.0,2.25,0.6666666666666666,4
2,4,1,3,1,2,3,1,0.12,0,0,5,5,5,0,3,41,0,2,7,4,2,0.0,0.0,0.0,0.0,0.0,1.0,0.0,0.0,1.0,0.0,0.0,1.0,1.0,0.0,0.0,0.0,0.0,0.0,0.0,0.0,0.0,0.0,1.0,0.0,2.0,0.4,9
3,3,2,3,3,4,3,0,0.11,0,2,2,9,4,0,7,40,0,3,11,8,7,1.0,0.0,0.0,0.0,0.0,0.0,1.0,0.0,0.0,0.0,1.0,0.0,0.0,0.0,1.0,0.0,0.0,0.0,0.0,0.0,0.0,0.0,1.0,0.0,3.25,0.7777777777777778,12
1,3,3,4,1,3,3,0,0.18,0,1,5,8,2,9,9,31,0,1,13,13,7,0.0,0.0,1.0,0.0,0.0,0.0,0.0,0.0,1.0,0.0,1.0,0.0,0.0,1.0,0.0,0.0,0.0,0.0,0.0,0.0,0.0,1.0,0.0,0.0,2.25,0.5,11
1,3,3,4,1,4,3,0,0.11,1,1,1,9,3,4,3,46,0,4,28,7,7,0.0,0.0,0.0,1.0,0.0,0.0,0.0,0.0,1.0,0.0,1.0,0.0,0.0,1.0,0.0,0.0,0.0,0.0,0.0,0.0,0.0,1.0,0.0,0.0,2.5,0.875,12
1,2,1,1,2,4,4,1,0.23,1,0,2,2,3,0,0,39,1,2,11,1,0,0.0,0.0,1.0,0.0,0.0,0.0,1.0,0.0,0.0,1.0,0.0,0.0,0.0,0.0,1.0,0.0,0.0,0.0,0.0,0.0,0.0,0.0,1.0,0.0,2.0,0.0,7
3,4,3,2,1,3,3,0,0.11,1,0,2,1,5,4,7,31,1,1,10,10,8,0.0,0.0,1.0,0.0,0.0,0.0,0.0,1.0,0.0,1.0,0.0,0.0,0.0,0.0,0.0,0.0,0.0,0.0,0.0,0.0,1.0,0.0,1.0,0.0,2.25,0.7272727272727273,4
2,1,3,1,2,3,3,1,0.18,0,1,2,20,3,0,7,45,0,2,24,7,7,0.0,0.0,0.0,0.0,0.0,1.0,0.0,0.0,1.0,0.0,1.0,0.0,0.0,0.0,0.0,0.0,1.0,0.0,0.0,0.0,0.0,0.0,1.0,0.0,2.0,0.875,24
4,4,1,2,4,3,3,0,0.18,0,0,3,8,2,0,2,31,1,9,8,3,2,0.0,0.0,0.0,0.0,0.0,1.0,0.0,0.0,1.0,1.0,0.0,0.0,0.0,0.0,0.0,0.0,0.0,0.0,1.0,0.0,0.0,0.0,0.0,1.0,3.25,0.5,11
2,3,1,4,3,1,3,1,0.13,1,1,2,2,3,2,2,31,0,6,7,2,2,0.0,0.0,1.0,0.0,0.0,0.0,0.0,1.0,0.0,0.0,0.0,1.0,0.0,0.0,1.0,0.0,0.0,0.0,0.0,0.0,0.0,0.0,1.0,0.0,2.5,0.6666666666666666,6
2,3,3,4,4,4,3,1,0.18,0,2,4,29,3,1,2,45,0,4,10,3,1,0.0,1.0,0.0,0.0,0.0,0.0,0.0,0.0,1.0,0.0,0.0,1.0,0.0,0.0,0.0,0.0,0.0,0.0,0.0,0.0,1.0,0.0,1.0,0.0,3.5,0.25,33
3,3,2,1,1,3,3,0,0.11,0,3,3,7,3,2,2,48,0,4,15,2,2,0.0,0.0,0.0,1.0,0.0,0.0,0.0,0.0,1.0,0.0,1.0,0.0,0.0,1.0,0.0,0.0,0.0,0.0,0.0,0.0,0.0,1.0,0.0,0.0,2.0,0.6666666666666666,10
1,3,1,3,4,3,3,0,0.15,1,0,0,9,4,2,2,34,1,1,2,2,2,0.0,1.0,0.0,0.0,0.0,0.0,0.0,0.0,1.0,0.0,0.0,1.0,0.0,0.0,0.0,0.0,0.0,0.0,1.0,0.0,0.0,0.0,0.0,1.0,2.75,0.6666666666666666,12
4,2,3,2,3,3,3,0,0.11,0,1,5,8,1,4,8,40,0,2,16,9,8,0.0,0.0,0.0,0.0,0.0,1.0,1.0,0.0,0.0,0.0,1.0,0.0,0.0,0.0,0.0,1.0,0.0,0.0,0.0,0.0,0.0,0.0,1.0,0.0,3.0,0.8,11
4,3,2,1,4,3,3,0,0.18,0,0,4,5,3,1,3,28,0,0,6,5,4,0.0,0.0,0.0,0.0,0.0,1.0,0.0,0.0,1.0,1.0,0.0,0.0,0.0,1.0,0.0,0.0,0.0,0.0,0.0,0.0,0.0,1.0,0.0,0.0,3.0,0.6666666666666666,8
3,2,1,3,4,3,3,0,0.14,0,0,5,5,3,0,3,44,0,3,7,5,2,0.0,0.0,1.0,0.0,0.0,0.0,1.0,0.0,0.0,1.0,0.0,0.0,0.0,0.0,1.0,0.0,0.0,0.0,0.0,0.0,0.0,0.0,1.0,0.0,3.25,0.3333333333333333,8
4,4,4,2,2,2,3,0,0.12,0,0,2,2,3,8,8,53,0,4,35,9,8,0.0,0.0,0.0,0.0,0.0,1.0,0.0,0.0,1.0,1.0,0.0,0.0,0.0,0.0,0.0,1.0,0.0,0.0,0.0,0.0,0.0,0.0,1.0,0.0,2.5,0.8,5
1,3,2,3,2,2,3,0,0.14,0,1,0,5,4,1,2,49,0,2,20,3,2,0.0,1.0,0.0,0.0,0.0,0.0,0.0,0.0,1.0,0.0,0.0,1.0,0.0,0.0,0.0,0.0,1.0,0.0,0.0,0.0,0.0,0.0,1.0,0.0,2.0,0.5,8
3,3,1,3,3,4,3,0,0.14,0,1,3,2,3,1,2,40,0,2,8,3,1,0.0,0.0,0.0,0.0,0.0,1.0,0.0,0.0,1.0,0.0,1.0,0.0,1.0,0.0,0.0,0.0,0.0,0.0,0.0,0.0,0.0,0.0,1.0,0.0,3.25,0.25,5
4,3,1,2,3,2,3,0,0.13,0,0,3,20,3,1,3,44,0,1,6,5,2,0.0,0.0,1.0,0.0,0.0,0.0,0.0,0.0,1.0,1.0,0.0,0.0,1.0,0.0,0.0,0.0,0.0,0.0,0.0,0.0,0.0,0.0,1.0,0.0,2.75,0.3333333333333333,23
4,3,2,1,1,3,3,0,0.14,0,2,2,7,3,0,3,33,0,0,5,4,3,0.0,0.0,0.0,0.0,0.0,1.0,0.0,1.0,0.0,0.0,0.0,1.0,0.0,1.0,0.0,0.0,0.0,0.0,0.0,0.0,0.0,1.0,0.0,0.0,2.25,0.6,10
4,1,2,1,4,3,3,0,0.18,0,0,2,3,3,3,12,34,0,3,15,13,9,1.0,0.0,0.0,0.0,0.0,0.0,0.0,0.0,1.0,1.0,0.0,0.0,0.0,1.0,0.0,0.0,0.0,0.0,0.0,0.0,0.0,1.0,0.0,0.0,3.0,0.6428571428571429,6
4,3,2,3,3,2,3,0,0.15,0,2,2,16,1,2,2,30,0,8,4,2,1,0.0,0.0,1.0,0.0,0.0,0.0,0.0,0.0,1.0,0.0,0.0,1.0,0.0,1.0,0.0,0.0,0.0,0.0,0.0,0.0,0.0,1.0,0.0,0.0,3.0,0.3333333333333333,19
1,3,1,4,3,3,3,0,0.13,0,0,3,9,2,5,8,42,1,1,12,12,9,0.0,0.0,0.0,0.0,0.0,1.0,0.0,1.0,0.0,1.0,0.0,0.0,0.0,0.0,1.0,0.0,0.0,0.0,0.0,0.0,0.0,0.0,1.0,0.0,2.75,0.6923076923076923,12
1,3,2,3,3,2,3,0,0.12,0,1,4,1,5,0,0,44,1,7,11,1,0,0.0,0.0,0.0,1.0,0.0,0.0,0.0,1.0,0.0,0.0,0.0,1.0,0.0,1.0,0.0,0.0,0.0,0.0,0.0,0.0,0.0,1.0,0.0,0.0,2.25,0.0,4
3,3,1,3,2,2,3,0,0.13,0,2,2,7,3,0,0,30,0,1,1,1,0,0.0,1.0,0.0,0.0,0.0,0.0,1.0,0.0,0.0,0.0,1.0,0.0,1.0,0.0,0.0,0.0,0.0,0.0,0.0,0.0,0.0,0.0,1.0,0.0,2.5,0.0,10
2,4,2,3,1,2,4,0,0.24,0,1,2,1,2,2,8,57,0,0,13,12,9,0.0,0.0,1.0,0.0,0.0,0.0,0.0,0.0,1.0,0.0,0.0,1.0,1.0,0.0,0.0,0.0,0.0,0.0,0.0,0.0,0.0,0.0,1.0,0.0,2.0,0.6923076923076923,5
3,3,3,2,2,3,3,0,0.14,0,2,3,7,4,0,7,49,0,3,29,8,7,0.0,0.0,1.0,0.0,0.0,0.0,0.0,0.0,1.0,0.0,1.0,0.0,0.0,0.0,0.0,0.0,1.0,0.0,0.0,0.0,0.0,0.0,1.0,0.0,2.5,0.7777777777777778,10
2,3,4,1,4,2,3,0,0.14,0,2,3,15,3,6,9,34,0,7,16,14,8,0.0,0.0,0.0,0.0,0.0,1.0,0.0,1.0,0.0,0.0,1.0,0.0,0.0,0.0,0.0,1.0,0.0,0.0,0.0,0.0,0.0,0.0,1.0,0.0,2.25,0.5333333333333333,18
1,3,1,3,4,4,3,0,0.15,1,1,3,1,3,1,2,28,0,3,5,3,2,0.0,1.0,0.0,0.0,0.0,0.0,0.0,1.0,0.0,0.0,0.0,1.0,0.0,0.0,0.0,0.0,0.0,1.0,0.0,0.0,0.0,1.0,0.0,0.0,3.0,0.5,4
1,3,2,2,1,1,3,0,0.11,1,0,4,13,3,0,0,29,1,5,7,5,3,0.0,1.0,0.0,0.0,0.0,0.0,0.0,1.0,0.0,1.0,0.0,0.0,0.0,1.0,0.0,0.0,0.0,0.0,0.0,0.0,0.0,1.0,0.0,0.0,1.25,0.5,16
1,2,2,2,3,4,4,1,0.23,1,0,2,24,4,10,10,34,1,0,16,15,9,0.0,0.0,0.0,0.0,0.0,1.0,0.0,0.0,1.0,1.0,0.0,0.0,0.0,1.0,0.0,0.0,0.0,0.0,0.0,0.0,0.0,1.0,0.0,0.0,2.5,0.5625,29
4,3,1,3,1,3,3,0,0.13,0,1,3,7,1,0,0,35,0,1,1,1,0,0.0,0.0,1.0,0.0,0.0,0.0,0.0,0.0,1.0,0.0,0.0,1.0,0.0,0.0,0.0,0.0,0.0,1.0,0.0,0.0,0.0,1.0,0.0,0.0,2.75,0.0,10
2,3,1,1,3,2,3,1,0.11,1,0,2,9,3,0,0,24,0,2,4,0,0,0.0,0.0,0.0,0.0,0.0,1.0,0.0,1.0,0.0,1.0,0.0,0.0,0.0,0.0,1.0,0.0,0.0,0.0,0.0,0.0,0.0,0.0,1.0,0.0,2.0,0.0,13
4,3,1,2,3,3,3,0,0.13,0,1,2,13,2,0,0,24,1,1,1,1,0,0.0,0.0,1.0,0.0,0.0,0.0,1.0,0.0,0.0,0.0,0.0,1.0,0.0,0.0,0.0,0.0,0.0,1.0,0.0,0.0,0.0,1.0,0.0,0.0,3.0,0.0,16
2,3,3,3,2,2,3,1,0.18,0,0,2,2,1,2,2,44,0,5,16,2,2,0.0,0.0,0.0,0.0,0.0,1.0,0.0,1.0,0.0,1.0,0.0,0.0,0.0,0.0,0.0,0.0,0.0,0.0,0.0,0.0,1.0,0.0,1.0,0.0,2.25,0.6666666666666666,6
3,2,2,3,3,3,3,0,0.14,0,2,3,19,3,0,4,29,0,1,10,10,7,0.0,0.0,1.0,0.0,0.0,0.0,0.0,0.0,1.0,0.0,1.0,0.0,0.0,1.0,0.0,0.0,0.0,0.0,0.0,0.0,0.0,1.0,0.0,0.0,3.0,0.6363636363636364,22
3,3,1,3,1,4,4,0,0.21,0,1,3,1,3,1,3,30,0,0,6,5,3,0.0,0.0,1.0,0.0,0.0,0.0,0.0,0.0,1.0,0.0,1.0,0.0,0.0,0.0,0.0,0.0,0.0,0.0,1.0,0.0,0.0,0.0,0.0,1.0,2.75,0.5,5
4,3,2,3,2,3,3,1,0.16,0,0,2,4,4,1,2,55,0,0,4,3,2,0.0,0.0,1.0,0.0,0.0,0.0,0.0,0.0,1.0,0.0,0.0,1.0,0.0,0.0,0.0,0.0,1.0,0.0,0.0,0.0,0.0,0.0,1.0,0.0,3.0,0.5,8
1,2,1,2,4,3,3,0,0.11,0,0,5,4,4,0,2,33,1,8,8,5,4,0.0,0.0,0.0,0.0,0.0,1.0,0.0,0.0,1.0,0.0,0.0,1.0,0.0,0.0,1.0,0.0,0.0,0.0,0.0,0.0,0.0,0.0,1.0,0.0,2.5,0.6666666666666666,7
3,3,2,3,3,2,3,1,0.17,0,1,4,14,3,1,2,47,1,3,11,5,4,0.0,0.0,0.0,0.0,0.0,1.0,0.0,0.0,1.0,0.0,0.0,1.0,0.0,1.0,0.0,0.0,0.0,0.0,0.0,0.0,0.0,1.0,0.0,0.0,2.75,0.6666666666666666,18
3,2,1,1,3,2,3,0,0.11,1,0,2,2,2,0,0,28,0,7,8,0,0,0.0,0.0,0.0,0.0,0.0,1.0,0.0,1.0,0.0,1.0,0.0,0.0,0.0,0.0,1.0,0.0,0.0,0.0,0.0,0.0,0.0,0.0,1.0,0.0,2.25,0.0,5
1,2,1,3,4,1,3,0,0.14,0,1,2,1,3,0,0,28,0,1,1,1,0,0.0,0.0,1.0,0.0,0.0,0.0,0.0,0.0,1.0,0.0,1.0,0.0,1.0,0.0,0.0,0.0,0.0,0.0,0.0,0.0,0.0,0.0,1.0,0.0,2.25,0.0,4
3,3,2,1,4,3,3,0,0.14,0,0,5,7,3,1,3,28,0,0,5,4,2,0.0,0.0,1.0,0.0,0.0,0.0,0.0,1.0,0.0,1.0,0.0,0.0,0.0,1.0,0.0,0.0,0.0,0.0,0.0,0.0,0.0,1.0,0.0,0.0,2.75,0.4,10
3,2,2,1,1,3,4,0,0.25,0,1,3,3,2,1,2,49,1,4,10,3,2,0.0,0.0,0.0,0.0,0.0,1.0,0.0,0.0,1.0,0.0,0.0,1.0,0.0,0.0,1.0,0.0,0.0,0.0,0.0,0.0,0.0,0.0,1.0,0.0,2.0,0.5,7
4,3,1,2,3,3,3,0,0.13,0,3,3,2,1,0,2,29,1,0,4,3,2,0.0,0.0,1.0,0.0,0.0,0.0,0.0,1.0,0.0,0.0,0.0,1.0,0.0,0.0,1.0,0.0,0.0,0.0,0.0,0.0,0.0,0.0,1.0,0.0,3.0,0.5,5
3,1,2,2,2,2,3,0,0.14,0,2,2,29,1,1,7,28,0,1,8,8,6,0.0,0.0,1.0,0.0,0.0,0.0,0.0,0.0,1.0,0.0,0.0,1.0,0.0,0.0,0.0,0.0,0.0,0.0,0.0,0.0,1.0,0.0,1.0,0.0,2.25,0.6666666666666666,32
4,3,2,3,1,3,3,1,0.17,0,0,6,8,5,0,0,33,0,2,14,0,0,0.0,0.0,1.0,0.0,0.0,0.0,0.0,0.0,1.0,1.0,0.0,0.0,0.0,0.0,0.0,0.0,1.0,0.0,0.0,0.0,0.0,0.0,1.0,0.0,2.75,0.0,12
3,3,3,4,2,4,4,0,0.25,0,0,5,10,3,0,0,32,0,2,10,5,2,0.0,0.0,0.0,0.0,0.0,1.0,0.0,0.0,1.0,1.0,0.0,0.0,0.0,0.0,0.0,0.0,0.0,0.0,0.0,1.0,0.0,0.0,1.0,0.0,3.25,0.3333333333333333,14
2,3,4,4,1,3,4,0,0.2,0,1,2,11,4,1,12,54,1,3,26,14,9,0.0,0.0,0.0,0.0,0.0,1.0,0.0,1.0,0.0,0.0,1.0,0.0,0.0,0.0,0.0,0.0,0.0,0.0,0.0,1.0,0.0,0.0,1.0,0.0,2.5,0.6,15
1,2,1,1,3,1,3,0,0.13,1,0,2,1,4,0,7,29,0,6,11,9,7,0.0,1.0,0.0,0.0,0.0,0.0,0.0,0.0,1.0,1.0,0.0,0.0,1.0,0.0,0.0,0.0,0.0,0.0,0.0,0.0,0.0,0.0,1.0,0.0,1.5,0.7,4
4,3,4,1,3,4,3,0,0.13,0,1,1,28,3,14,17,44,0,3,24,20,6,0.0,0.0,1.0,0.0,0.0,0.0,0.0,0.0,1.0,0.0,0.0,1.0,0.0,0.0,0.0,1.0,0.0,0.0,0.0,0.0,0.0,0.0,1.0,0.0,3.0,0.2857142857142857,31
2,3,3,2,4,3,3,0,0.18,0,0,3,6,3,2,2,39,1,4,9,2,0,0.0,0.0,1.0,0.0,0.0,0.0,0.0,0.0,1.0,1.0,0.0,0.0,0.0,0.0,0.0,0.0,0.0,0.0,0.0,0.0,1.0,0.0,1.0,0.0,2.75,0.0,9
3,3,4,2,4,4,3,0,0.12,0,1,2,3,3,5,1,46,1,8,23,13,12,0.0,0.0,1.0,0.0,0.0,0.0,0.0,0.0,1.0,0.0,0.0,1.0,0.0,0.0,0.0,0.0,0.0,0.0,0.0,1.0,0.0,1.0,0.0,0.0,3.25,0.8571428571428571,6
4,2,3,2,4,1,3,0,0.19,0,0,3,16,3,3,3,35,1,1,11,11,8,0.0,0.0,1.0,0.0,0.0,0.0,0.0,0.0,1.0,1.0,0.0,0.0,0.0,0.0,0.0,0.0,1.0,0.0,0.0,0.0,0.0,0.0,1.0,0.0,2.75,0.6666666666666666,19
1,3,2,3,2,3,3,0,0.14,0,0,2,20,1,1,2,23,0,0,5,4,3,0.0,0.0,1.0,0.0,0.0,0.0,0.0,0.0,1.0,1.0,0.0,0.0,0.0,0.0,1.0,0.0,0.0,0.0,0.0,0.0,0.0,0.0,1.0,0.0,2.25,0.6,23
4,3,1,1,2,1,3,0,0.14,1,0,3,9,4,1,0,40,0,3,15,5,4,0.0,0.0,1.0,0.0,0.0,0.0,0.0,0.0,1.0,1.0,0.0,0.0,0.0,0.0,1.0,0.0,0.0,0.0,0.0,0.0,0.0,0.0,1.0,0.0,2.0,0.6666666666666666,12
4,2,3,3,4,3,3,1,0.14,0,0,3,1,3,8,6,34,0,1,10,10,9,0.0,1.0,0.0,0.0,0.0,0.0,0.0,0.0,1.0,0.0,0.0,1.0,0.0,1.0,0.0,0.0,0.0,0.0,0.0,0.0,0.0,1.0,0.0,0.0,3.5,0.8181818181818182,5
4,3,1,3,1,1,3,0,0.12,1,0,2,3,3,7,7,31,1,1,7,7,2,0.0,0.0,1.0,0.0,0.0,0.0,0.0,1.0,0.0,1.0,0.0,0.0,1.0,0.0,0.0,0.0,0.0,0.0,0.0,0.0,0.0,0.0,1.0,0.0,2.25,0.25,6
3,1,4,4,4,3,3,1,0.13,0,0,2,22,5,13,9,50,0,1,32,32,6,0.0,0.0,0.0,0.0,0.0,1.0,0.0,1.0,0.0,1.0,0.0,0.0,0.0,0.0,0.0,1.0,0.0,0.0,0.0,0.0,0.0,0.0,1.0,0.0,3.5,0.18181818181818182,26
2,3,1,3,2,3,4,1,0.25,0,1,4,7,2,5,7,34,0,0,12,11,10,0.0,1.0,0.0,0.0,0.0,0.0,0.0,0.0,1.0,0.0,0.0,1.0,0.0,0.0,0.0,0.0,0.0,1.0,0.0,0.0,0.0,1.0,0.0,0.0,2.5,0.8333333333333334,12
3,2,1,2,2,3,3,0,0.14,0,1,3,2,3,0,0,42,0,4,4,1,0,0.0,0.0,0.0,0.0,0.0,1.0,0.0,0.0,1.0,0.0,0.0,1.0,0.0,0.0,1.0,0.0,0.0,0.0,0.0,0.0,0.0,0.0,1.0,0.0,2.5,0.0,5
1,3,2,4,1,3,3,0,0.17,0,0,2,13,3,3,7,37,0,1,10,10,8,0.0,0.0,0.0,0.0,0.0,1.0,0.0,0.0,1.0,0.0,0.0,1.0,1.0,0.0,0.0,0.0,0.0,0.0,0.0,0.0,0.0,0.0,1.0,0.0,2.25,0.7272727272727273,16
3,1,2,1,3,3,3,0,0.13,0,1,3,8,1,0,7,29,1,3,9,7,7,1.0,0.0,0.0,0.0,0.0,0.0,0.0,0.0,1.0,0.0,0.0,1.0,0.0,0.0,0.0,0.0,1.0,0.0,0.0,0.0,0.0,0.0,1.0,0.0,2.5,0.875,11
4,2,2,2,4,3,3,0,0.13,0,0,2,25,3,0,2,33,0,1,5,5,3,0.0,0.0,1.0,0.0,0.0,0.0,0.0,0.0,1.0,1.0,0.0,0.0,0.0,0.0,0.0,0.0,0.0,0.0,0.0,0.0,1.0,0.0,1.0,0.0,3.25,0.5,28
4,3,1,4,4,3,4,0,0.2,0,1,3,28,3,0,3,45,0,4,8,5,4,0.0,1.0,0.0,0.0,0.0,0.0,0.0,0.0,1.0,0.0,0.0,1.0,1.0,0.0,0.0,0.0,0.0,0.0,0.0,0.0,0.0,0.0,1.0,0.0,3.75,0.6666666666666666,32
4,3,3,4,3,1,3,1,0.14,0,1,3,2,3,13,9,42,0,2,24,20,8,0.0,0.0,1.0,0.0,0.0,0.0,0.0,1.0,0.0,0.0,0.0,1.0,0.0,0.0,0.0,0.0,1.0,0.0,0.0,0.0,0.0,0.0,1.0,0.0,3.0,0.38095238095238093,6
1,3,2,1,4,4,3,0,0.12,0,0,5,9,2,7,1,40,0,0,9,8,4,0.0,0.0,0.0,0.0,0.0,1.0,0.0,0.0,1.0,0.0,0.0,1.0,0.0,1.0,0.0,0.0,0.0,0.0,0.0,0.0,0.0,1.0,0.0,0.0,2.5,0.4444444444444444,12
2,3,2,3,2,3,3,1,0.12,0,1,3,28,4,5,7,33,0,1,15,15,14,0.0,0.0,1.0,0.0,0.0,0.0,0.0,0.0,1.0,0.0,0.0,1.0,0.0,0.0,1.0,0.0,0.0,0.0,0.0,0.0,0.0,0.0,1.0,0.0,2.5,0.875,32
3,3,4,4,4,3,4,1,0.21,0,0,2,6,2,7,7,40,0,1,21,21,7,0.0,0.0,0.0,0.0,0.0,1.0,0.0,0.0,1.0,1.0,0.0,0.0,0.0,0.0,0.0,0.0,0.0,0.0,0.0,1.0,0.0,0.0,0.0,1.0,3.5,0.3181818181818182,11
3,2,1,1,2,3,3,0,0.14,0,3,3,21,2,0,0,24,0,0,2,1,1,0.0,1.0,0.0,0.0,0.0,0.0,0.0,0.0,1.0,0.0,1.0,0.0,0.0,0.0,1.0,0.0,0.0,0.0,0.0,0.0,0.0,0.0,1.0,0.0,2.25,0.5,24
4,3,2,4,3,3,3,1,0.18,0,0,2,8,2,2,2,40,0,3,8,2,2,0.0,0.0,1.0,0.0,0.0,0.0,1.0,0.0,0.0,0.0,1.0,0.0,0.0,0.0,0.0,0.0,1.0,0.0,0.0,0.0,0.0,0.0,1.0,0.0,3.5,0.6666666666666666,12
1,3,3,2,1,3,3,0,0.12,0,3,4,1,4,7,7,45,0,1,10,10,8,0.0,1.0,0.0,0.0,0.0,0.0,0.0,0.0,1.0,0.0,1.0,0.0,0.0,0.0,0.0,0.0,1.0,0.0,0.0,0.0,0.0,0.0,1.0,0.0,1.75,0.7272727272727273,4
2,2,1,3,1,3,4,0,0.23,0,2,5,28,4,4,2,35,1,0,6,5,3,0.0,0.0,1.0,0.0,0.0,0.0,0.0,0.0,1.0,0.0,0.0,1.0,0.0,0.0,0.0,0.0,0.0,1.0,0.0,0.0,0.0,1.0,0.0,0.0,2.25,0.5,32
4,2,2,2,1,3,3,0,0.12,0,1,2,5,2,2,5,32,1,3,12,7,1,0.0,0.0,1.0,0.0,0.0,0.0,0.0,0.0,1.0,0.0,0.0,1.0,1.0,0.0,0.0,0.0,0.0,0.0,0.0,0.0,0.0,0.0,1.0,0.0,2.5,0.125,8
3,3,1,4,4,2,4,1,0.21,0,0,3,2,4,1,2,36,0,3,7,3,2,0.0,0.0,1.0,0.0,0.0,0.0,0.0,0.0,1.0,1.0,0.0,0.0,0.0,0.0,0.0,0.0,0.0,1.0,0.0,0.0,0.0,1.0,0.0,0.0,3.25,0.5,7
3,3,2,3,3,3,3,0,0.14,0,1,2,16,4,7,7,48,1,8,18,8,7,0.0,0.0,1.0,0.0,0.0,0.0,0.0,0.0,1.0,0.0,1.0,0.0,0.0,1.0,0.0,0.0,0.0,0.0,0.0,0.0,0.0,1.0,0.0,0.0,3.0,0.7777777777777778,19
3,4,1,3,1,2,3,0,0.18,0,2,2,9,3,0,0,29,0,6,5,1,0,0.0,0.0,1.0,0.0,0.0,0.0,0.0,0.0,1.0,0.0,0.0,1.0,1.0,0.0,0.0,0.0,0.0,0.0,0.0,0.0,0.0,0.0,1.0,0.0,2.25,0.0,12
1,3,2,1,4,1,3,0,0.13,0,1,6,8,4,2,2,33,0,2,8,2,2,0.0,0.0,1.0,0.0,0.0,0.0,0.0,0.0,1.0,0.0,0.0,1.0,0.0,1.0,0.0,0.0,0.0,0.0,0.0,0.0,0.0,1.0,0.0,0.0,1.75,0.6666666666666666,11
2,2,2,1,4,3,3,0,0.11,1,1,4,1,3,6,7,30,0,1,10,10,8,0.0,0.0,1.0,0.0,0.0,0.0,0.0,0.0,1.0,0.0,0.0,1.0,0.0,1.0,0.0,0.0,0.0,0.0,0.0,0.0,0.0,1.0,0.0,0.0,2.5,0.7272727272727273,4
3,3,2,3,3,3,3,0,0.11,0,0,2,10,4,1,2,38,0,3,10,6,3,0.0,0.0,0.0,0.0,1.0,0.0,0.0,1.0,0.0,0.0,0.0,1.0,0.0,0.0,0.0,0.0,0.0,0.0,1.0,0.0,0.0,0.0,0.0,1.0,3.0,0.42857142857142855,13
4,2,1,1,2,3,3,0,0.19,0,0,3,1,3,1,2,35,0,1,3,3,0,0.0,0.0,0.0,0.0,0.0,1.0,0.0,0.0,1.0,1.0,0.0,0.0,0.0,0.0,1.0,0.0,0.0,0.0,0.0,0.0,0.0,0.0,1.0,0.0,2.5,0.0,4
3,3,3,2,2,3,3,0,0.12,0,1,3,29,4,1,3,30,0,3,9,4,2,0.0,1.0,0.0,0.0,0.0,0.0,0.0,0.0,1.0,0.0,0.0,1.0,0.0,1.0,0.0,0.0,0.0,0.0,0.0,0.0,0.0,1.0,0.0,0.0,2.5,0.4,32
1,3,1,1,4,3,3,1,0.12,1,1,2,2,3,0,0,35,1,1,1,1,0,0.0,0.0,1.0,0.0,0.0,0.0,0.0,0.0,1.0,0.0,1.0,0.0,0.0,0.0,1.0,0.0,0.0,0.0,0.0,0.0,0.0,0.0,1.0,0.0,2.25,0.0,6
3,2,3,4,2,3,3,0,0.16,1,1,4,2,5,1,9,53,1,0,34,33,7,0.0,1.0,0.0,0.0,0.0,0.0,0.0,0.0,1.0,0.0,0.0,1.0,0.0,0.0,0.0,0.0,0.0,0.0,0.0,0.0,1.0,0.0,1.0,0.0,3.0,0.20588235294117646,5
3,3,2,2,1,3,3,0,0.11,1,2,2,2,3,1,4,38,0,4,7,5,2,0.0,0.0,0.0,0.0,0.0,1.0,0.0,0.0,1.0,0.0,0.0,1.0,0.0,0.0,0.0,0.0,0.0,0.0,0.0,0.0,1.0,0.0,1.0,0.0,2.25,0.3333333333333333,5
4,3,2,1,2,2,3,0,0.14,0,1,3,1,4,1,2,32,0,4,9,6,5,0.0,1.0,0.0,0.0,0.0,0.0,1.0,0.0,0.0,0.0,0.0,1.0,1.0,0.0,0.0,0.0,0.0,0.0,0.0,0.0,0.0,0.0,1.0,0.0,2.25,0.7142857142857143,4
3,3,1,1,4,2,3,0,0.12,0,1,3,15,4,7,6,48,1,8,10,8,2,1.0,0.0,0.0,0.0,0.0,0.0,0.0,0.0,1.0,0.0,0.0,1.0,1.0,0.0,0.0,0.0,0.0,0.0,0.0,0.0,0.0,0.0,1.0,0.0,2.5,0.2222222222222222,18
1,3,1,4,3,1,3,0,0.13,0,0,4,7,4,0,0,34,0,1,1,1,0,0.0,0.0,0.0,0.0,0.0,1.0,0.0,0.0,1.0,1.0,0.0,0.0,1.0,0.0,0.0,0.0,0.0,0.0,0.0,0.0,0.0,0.0,1.0,0.0,2.25,0.0,10
3,2,5,4,3,3,4,0,0.21,0,1,3,26,5,2,13,55,0,1,36,36,6,0.0,0.0,0.0,1.0,0.0,0.0,0.0,0.0,1.0,0.0,0.0,1.0,0.0,0.0,0.0,0.0,0.0,0.0,0.0,1.0,0.0,1.0,0.0,0.0,3.25,0.16216216216216217,30
2,3,2,4,2,2,3,0,0.17,0,1,3,1,4,2,1,34,0,9,9,2,2,0.0,0.0,1.0,0.0,0.0,0.0,0.0,0.0,1.0,0.0,0.0,1.0,1.0,0.0,0.0,0.0,0.0,0.0,0.0,0.0,0.0,0.0,1.0,0.0,2.5,0.6666666666666666,4
1,3,1,4,1,3,4,0,0.21,0,0,5,3,3,0,0,26,1,1,1,1,0,0.0,0.0,1.0,0.0,0.0,0.0,0.0,0.0,1.0,0.0,0.0,1.0,1.0,0.0,0.0,0.0,0.0,0.0,0.0,0.0,0.0,0.0,1.0,0.0,2.25,0.0,7
3,3,2,2,4,3,3,0,0.11,0,1,3,14,3,7,7,38,0,0,10,9,8,0.0,0.0,1.0,0.0,0.0,0.0,0.0,0.0,1.0,0.0,0.0,1.0,0.0,1.0,0.0,0.0,0.0,0.0,0.0,0.0,0.0,1.0,0.0,0.0,3.0,0.8,17
2,3,2,2,2,4,3,0,0.12,0,0,5,16,3,1,2,38,1,2,8,3,2,0.0,0.0,1.0,0.0,0.0,0.0,0.0,0.0,1.0,1.0,0.0,0.0,0.0,1.0,0.0,0.0,0.0,0.0,0.0,0.0,0.0,1.0,0.0,0.0,2.5,0.5,19
2,3,2,3,1,3,3,0,0.13,0,0,5,1,4,0,0,36,1,6,15,1,0,0.0,0.0,1.0,0.0,0.0,0.0,0.0,0.0,1.0,1.0,0.0,0.0,0.0,1.0,0.0,0.0,0.0,0.0,0.0,0.0,0.0,1.0,0.0,0.0,2.25,0.0,4
2,3,1,1,4,3,3,1,0.18,0,0,3,3,1,1,5,29,0,1,10,10,9,0.0,0.0,0.0,0.0,0.0,1.0,0.0,0.0,1.0,1.0,0.0,0.0,0.0,0.0,1.0,0.0,0.0,0.0,0.0,0.0,0.0,0.0,1.0,0.0,2.5,0.8181818181818182,7
1,3,2,3,3,3,3,1,0.16,0,0,4,10,4,0,4,35,1,3,10,5,2,0.0,0.0,0.0,0.0,0.0,1.0,0.0,0.0,1.0,1.0,0.0,0.0,0.0,0.0,0.0,0.0,1.0,0.0,0.0,0.0,0.0,0.0,1.0,0.0,2.5,0.3333333333333333,14
4,4,3,3,1,3,3,0,0.11,0,1,3,6,3,7,6,39,0,2,11,7,6,0.0,0.0,0.0,0.0,0.0,1.0,0.0,0.0,1.0,0.0,0.0,1.0,0.0,1.0,0.0,0.0,0.0,0.0,0.0,0.0,0.0,1.0,0.0,0.0,2.75,0.75,9
1,3,2,4,4,4,3,0,0.19,0,1,0,2,1,1,3,29,0,1,6,6,4,0.0,0.0,1.0,0.0,0.0,0.0,0.0,1.0,0.0,0.0,1.0,0.0,0.0,0.0,0.0,0.0,1.0,0.0,0.0,0.0,0.0,0.0,1.0,0.0,3.25,0.5714285714285714,5
3,3,5,3,3,3,3,1,0.16,0,1,2,9,3,0,0,50,0,4,27,1,0,0.0,0.0,0.0,1.0,0.0,0.0,0.0,0.0,1.0,0.0,0.0,1.0,0.0,0.0,0.0,0.0,0.0,0.0,0.0,1.0,0.0,1.0,0.0,0.0,3.0,0.0,13
4,4,1,3,4,3,3,0,0.16,0,1,2,10,3,2,2,23,0,2,4,2,2,0.0,1.0,0.0,0.0,0.0,0.0,0.0,0.0,1.0,0.0,0.0,1.0,1.0,0.0,0.0,0.0,0.0,0.0,0.0,0.0,0.0,0.0,1.0,0.0,3.5,0.6666666666666666,13
1,4,2,1,4,3,3,1,0.13,0,1,3,6,4,0,2,36,0,3,9,3,2,0.0,0.0,1.0,0.0,0.0,0.0,0.0,1.0,0.0,0.0,0.0,1.0,0.0,0.0,1.0,0.0,0.0,0.0,0.0,0.0,0.0,0.0,1.0,0.0,2.25,0.5,10
4,2,5,4,4,3,4,0,0.22,0,0,2,9,2,0,1,42,0,8,24,1,0,1.0,0.0,0.0,0.0,0.0,0.0,0.0,0.0,1.0,1.0,0.0,0.0,0.0,0.0,0.0,0.0,0.0,0.0,0.0,1.0,0.0,0.0,1.0,0.0,3.75,0.0,13
2,4,2,3,4,2,3,0,0.17,0,2,3,28,3,6,8,35,0,1,10,10,9,0.0,0.0,1.0,0.0,0.0,0.0,0.0,0.0,1.0,0.0,0.0,1.0,0.0,0.0,1.0,0.0,0.0,0.0,0.0,0.0,0.0,0.0,1.0,0.0,2.75,0.8181818181818182,31
4,2,2,3,2,2,3,0,0.14,0,1,3,10,4,7,7,34,0,1,8,8,2,0.0,1.0,0.0,0.0,0.0,0.0,0.0,1.0,0.0,0.0,0.0,1.0,0.0,0.0,0.0,0.0,1.0,0.0,0.0,0.0,0.0,0.0,1.0,0.0,2.75,0.2222222222222222,13
4,3,2,1,3,3,3,0,0.15,0,1,2,14,2,1,2,40,1,1,5,5,4,0.0,0.0,1.0,0.0,0.0,0.0,0.0,0.0,1.0,0.0,0.0,1.0,0.0,1.0,0.0,0.0,0.0,0.0,0.0,0.0,0.0,1.0,0.0,0.0,2.75,0.6666666666666666,17
4,4,1,2,3,3,3,0,0.12,0,1,0,27,3,0,2,43,0,5,8,6,4,0.0,1.0,0.0,0.0,0.0,0.0,0.0,0.0,1.0,0.0,1.0,0.0,0.0,0.0,1.0,0.0,0.0,0.0,0.0,0.0,0.0,0.0,1.0,0.0,3.0,0.5714285714285714,30
3,2,1,4,4,2,3,0,0.18,0,1,5,7,2,0,1,35,0,1,1,1,0,0.0,0.0,1.0,0.0,0.0,0.0,0.0,0.0,1.0,0.0,0.0,1.0,0.0,0.0,1.0,0.0,0.0,0.0,0.0,0.0,0.0,0.0,1.0,0.0,3.25,0.0,10
4,4,4,1,2,1,3,0,0.15,0,0,5,1,4,0,12,46,0,1,27,26,0,0.0,0.0,1.0,0.0,0.0,0.0,0.0,0.0,1.0,1.0,0.0,0.0,0.0,0.0,0.0,0.0,0.0,0.0,0.0,1.0,0.0,1.0,0.0,0.0,2.0,0.0,4
3,3,1,2,3,3,3,1,0.17,1,3,3,24,3,0,0,28,0,1,1,1,1,0.0,0.0,0.0,0.0,0.0,1.0,0.0,0.0,1.0,0.0,0.0,1.0,0.0,0.0,1.0,0.0,0.0,0.0,0.0,0.0,0.0,0.0,1.0,0.0,2.75,0.5,28
2,2,1,3,2,2,3,1,0.14,0,0,2,26,2,1,3,22,1,1,4,4,2,1.0,0.0,0.0,0.0,0.0,0.0,1.0,0.0,0.0,0.0,0.0,1.0,1.0,0.0,0.0,0.0,0.0,0.0,0.0,0.0,0.0,0.0,1.0,0.0,2.25,0.4,30
2,3,4,3,3,3,3,1,0.15,0,1,3,20,5,12,13,50,0,2,32,30,8,0.0,0.0,0.0,0.0,0.0,1.0,0.0,1.0,0.0,0.0,0.0,1.0,0.0,0.0,0.0,0.0,1.0,0.0,0.0,0.0,0.0,0.0,1.0,0.0,2.75,0.25806451612903225,24
2,4,1,4,4,3,3,0,0.17,0,2,3,5,4,0,2,32,1,3,6,3,2,1.0,0.0,0.0,0.0,0.0,0.0,0.0,0.0,1.0,0.0,0.0,1.0,1.0,0.0,0.0,0.0,0.0,0.0,0.0,0.0,0.0,0.0,1.0,0.0,3.25,0.5,8
2,3,5,4,4,2,3,1,0.14,0,1,4,7,3,1,10,44,1,0,23,22,7,0.0,0.0,0.0,0.0,0.0,1.0,0.0,0.0,1.0,0.0,1.0,0.0,0.0,0.0,0.0,1.0,0.0,0.0,0.0,0.0,0.0,0.0,1.0,0.0,3.0,0.30434782608695654,11
2,2,1,2,2,2,3,0,0.12,0,1,3,7,3,1,1,30,0,1,6,6,4,0.0,0.0,0.0,0.0,0.0,1.0,0.0,0.0,1.0,0.0,0.0,1.0,1.0,0.0,0.0,0.0,0.0,0.0,0.0,0.0,0.0,0.0,1.0,0.0,2.0,0.5714285714285714,10
3,1,2,1,1,3,3,1,0.14,0,0,3,5,5,1,4,45,1,1,10,10,7,0.0,0.0,0.0,0.0,0.0,1.0,0.0,0.0,1.0,1.0,0.0,0.0,0.0,0.0,1.0,0.0,0.0,0.0,0.0,0.0,0.0,0.0,1.0,0.0,2.0,0.6363636363636364,9
1,2,2,1,1,3,3,0,0.15,0,1,2,26,3,4,5,45,0,1,10,10,7,0.0,0.0,0.0,1.0,0.0,0.0,1.0,0.0,0.0,0.0,0.0,1.0,0.0,1.0,0.0,0.0,0.0,0.0,0.0,0.0,0.0,1.0,0.0,0.0,1.5,0.6363636363636364,29
4,3,2,1,4,3,3,0,0.13,0,0,3,2,4,0,3,31,0,7,10,5,2,1.0,0.0,0.0,0.0,0.0,0.0,0.0,1.0,0.0,1.0,0.0,0.0,0.0,1.0,0.0,0.0,0.0,0.0,0.0,0.0,0.0,1.0,0.0,0.0,3.0,0.3333333333333333,5
3,3,2,3,2,3,3,1,0.12,0,2,2,12,4,1,1,36,1,9,7,3,2,0.0,0.0,1.0,0.0,0.0,0.0,0.0,0.0,1.0,0.0,0.0,1.0,0.0,0.0,0.0,0.0,0.0,0.0,0.0,0.0,1.0,0.0,1.0,0.0,2.75,0.5,16
3,4,2,4,1,3,3,0,0.13,0,1,3,10,4,7,2,34,0,1,9,9,7,0.0,0.0,1.0,0.0,0.0,0.0,0.0,1.0,0.0,0.0,1.0,0.0,0.0,0.0,0.0,0.0,0.0,0.0,0.0,0.0,1.0,0.0,1.0,0.0,2.75,0.7,13
3,3,1,1,4,2,3,0,0.14,0,1,3,25,4,1,4,49,1,1,10,9,6,0.0,0.0,1.0,0.0,0.0,0.0,0.0,0.0,1.0,0.0,0.0,1.0,0.0,0.0,1.0,0.0,0.0,0.0,0.0,0.0,0.0,0.0,1.0,0.0,2.5,0.6,28
2,3,2,1,4,3,3,0,0.13,0,3,3,10,5,7,7,39,0,2,10,7,7,0.0,0.0,0.0,0.0,0.0,1.0,0.0,0.0,1.0,0.0,0.0,1.0,0.0,0.0,0.0,0.0,0.0,0.0,0.0,0.0,1.0,0.0,1.0,0.0,2.5,0.875,13
4,2,1,1,1,3,3,0,0.11,0,2,3,19,3,0,7,27,0,1,7,7,7,1.0,0.0,0.0,0.0,0.0,0.0,0.0,0.0,1.0,0.0,1.0,0.0,0.0,0.0,1.0,0.0,0.0,0.0,0.0,0.0,0.0,0.0,1.0,0.0,2.25,0.875,22
2,4,2,1,4,3,3,0,0.11,0,0,2,18,5,1,10,35,0,1,16,16,15,0.0,0.0,1.0,0.0,0.0,0.0,0.0,0.0,1.0,0.0,0.0,1.0,1.0,0.0,0.0,0.0,0.0,0.0,0.0,0.0,0.0,0.0,1.0,0.0,2.5,0.8823529411764706,21
2,1,2,1,2,2,4,0,0.21,0,1,5,27,3,0,0,28,1,0,6,5,3,0.0,0.0,0.0,0.0,0.0,1.0,0.0,0.0,1.0,0.0,1.0,0.0,0.0,0.0,0.0,0.0,0.0,0.0,0.0,0.0,1.0,0.0,1.0,0.0,1.75,0.5,31
3,3,1,4,3,3,3,0,0.18,0,0,2,5,1,2,2,21,0,1,3,2,2,0.0,0.0,0.0,0.0,0.0,1.0,0.0,0.0,1.0,1.0,0.0,0.0,1.0,0.0,0.0,0.0,0.0,0.0,0.0,0.0,0.0,0.0,1.0,0.0,3.25,0.6666666666666666,8
2,3,1,4,3,4,3,1,0.12,1,0,2,3,2,0,0,18,1,1,0,0,0,0.0,0.0,0.0,0.0,0.0,1.0,0.0,1.0,0.0,1.0,0.0,0.0,0.0,0.0,0.0,0.0,0.0,1.0,0.0,0.0,0.0,1.0,0.0,0.0,3.25,0.0,7
4,3,5,3,3,3,3,0,0.11,0,1,2,26,4,1,0,47,1,3,27,5,2,0.0,0.0,1.0,0.0,0.0,0.0,0.0,0.0,1.0,0.0,0.0,1.0,0.0,0.0,0.0,0.0,0.0,0.0,0.0,1.0,0.0,0.0,0.0,1.0,3.25,0.3333333333333333,29
3,2,2,3,4,3,3,0,0.15,0,1,3,3,2,0,7,39,0,0,11,10,8,0.0,0.0,0.0,0.0,0.0,1.0,0.0,0.0,1.0,0.0,1.0,0.0,0.0,0.0,1.0,0.0,0.0,0.0,0.0,0.0,0.0,0.0,1.0,0.0,3.25,0.7272727272727273,6
1,2,3,3,4,3,3,0,0.13,0,2,2,15,3,14,12,40,1,1,18,18,15,0.0,0.0,1.0,0.0,0.0,0.0,0.0,0.0,1.0,0.0,0.0,1.0,0.0,0.0,0.0,0.0,0.0,0.0,0.0,0.0,1.0,0.0,1.0,0.0,2.75,0.7894736842105263,18
3,3,2,3,4,3,3,0,0.12,0,1,5,8,4,2,9,35,1,1,15,14,11,0.0,0.0,1.0,0.0,0.0,0.0,1.0,0.0,0.0,0.0,0.0,1.0,0.0,0.0,0.0,0.0,1.0,0.0,0.0,0.0,0.0,0.0,1.0,0.0,3.25,0.7333333333333333,11
3,3,2,3,1,2,3,0,0.17,0,3,2,19,3,0,2,37,0,3,9,4,3,0.0,0.0,1.0,0.0,0.0,0.0,0.0,0.0,1.0,0.0,0.0,1.0,0.0,0.0,0.0,0.0,0.0,0.0,0.0,0.0,1.0,0.0,1.0,0.0,2.25,0.6,22
1,3,2,3,4,1,3,0,0.13,0,0,2,4,3,3,8,39,1,0,10,9,2,0.0,0.0,0.0,0.0,0.0,1.0,0.0,1.0,0.0,1.0,0.0,0.0,0.0,0.0,0.0,0.0,0.0,0.0,0.0,0.0,1.0,0.0,1.0,0.0,2.25,0.2,7
4,2,2,4,1,3,3,0,0.19,0,2,3,2,2,3,9,45,1,1,10,10,7,1.0,0.0,0.0,0.0,0.0,0.0,0.0,0.0,1.0,0.0,1.0,0.0,0.0,0.0,0.0,0.0,0.0,0.0,0.0,0.0,1.0,0.0,1.0,0.0,3.0,0.6363636363636364,5
4,2,3,3,4,4,3,1,0.19,0,1,6,2,2,0,2,38,1,3,10,5,4,0.0,0.0,0.0,0.0,0.0,1.0,0.0,0.0,1.0,0.0,0.0,1.0,0.0,0.0,0.0,0.0,0.0,0.0,0.0,0.0,1.0,0.0,1.0,0.0,3.75,0.6666666666666666,6
4,2,3,1,3,3,3,0,0.17,1,0,3,10,3,6,0,35,0,9,15,13,12,0.0,0.0,0.0,0.0,0.0,1.0,0.0,0.0,1.0,0.0,0.0,1.0,0.0,1.0,0.0,0.0,0.0,0.0,0.0,0.0,0.0,1.0,0.0,0.0,2.75,0.8571428571428571,13
2,3,1,2,1,1,3,0,0.11,0,1,2,10,3,7,7,37,1,1,8,8,4,0.0,0.0,0.0,0.0,0.0,1.0,0.0,0.0,1.0,0.0,0.0,1.0,1.0,0.0,0.0,0.0,0.0,0.0,0.0,0.0,0.0,0.0,1.0,0.0,1.5,0.4444444444444444,13
3,3,3,4,4,2,3,1,0.15,0,0,2,16,3,3,3,40,1,6,18,4,2,0.0,0.0,1.0,0.0,0.0,0.0,0.0,0.0,1.0,1.0,0.0,0.0,0.0,0.0,0.0,0.0,0.0,0.0,0.0,0.0,1.0,0.0,1.0,0.0,3.25,0.4,20
1,3,2,4,3,3,3,1,0.11,0,0,3,1,5,0,2,44,0,4,14,10,7,0.0,0.0,0.0,0.0,1.0,0.0,0.0,1.0,0.0,0.0,0.0,1.0,0.0,0.0,0.0,0.0,0.0,0.0,1.0,0.0,0.0,0.0,0.0,1.0,2.75,0.6363636363636364,5
3,2,4,4,2,3,4,0,0.25,0,1,3,4,5,2,2,48,0,2,23,2,2,0.0,0.0,0.0,0.0,0.0,1.0,0.0,1.0,0.0,0.0,0.0,1.0,0.0,0.0,0.0,0.0,0.0,0.0,0.0,1.0,0.0,0.0,1.0,0.0,3.0,0.6666666666666666,8
1,1,2,4,4,2,3,1,0.14,1,2,2,15,2,2,2,35,0,6,7,2,2,0.0,0.0,0.0,0.0,0.0,1.0,0.0,0.0,1.0,0.0,1.0,0.0,0.0,1.0,0.0,0.0,0.0,0.0,0.0,0.0,0.0,1.0,0.0,0.0,2.75,0.6666666666666666,19
1,3,1,4,3,3,3,1,0.13,0,0,2,2,1,1,3,24,1,1,6,6,3,0.0,1.0,0.0,0.0,0.0,0.0,0.0,1.0,0.0,1.0,0.0,0.0,1.0,0.0,0.0,0.0,0.0,0.0,0.0,0.0,0.0,0.0,1.0,0.0,2.75,0.42857142857142855,6
2,4,1,3,1,3,3,0,0.17,0,0,0,8,3,0,2,27,1,7,5,3,2,0.0,0.0,0.0,0.0,0.0,1.0,0.0,0.0,1.0,0.0,0.0,1.0,1.0,0.0,0.0,0.0,0.0,0.0,0.0,0.0,0.0,0.0,1.0,0.0,2.25,0.5,11
4,3,1,4,3,2,3,0,0.13,0,0,0,2,3,1,2,27,0,2,6,4,2,0.0,0.0,0.0,0.0,0.0,1.0,0.0,1.0,0.0,1.0,0.0,0.0,1.0,0.0,0.0,0.0,0.0,0.0,0.0,0.0,0.0,0.0,1.0,0.0,3.25,0.4,5
1,3,1,1,2,1,3,1,0.14,1,0,3,7,3,0,3,40,0,3,10,4,2,0.0,0.0,1.0,0.0,0.0,0.0,0.0,0.0,1.0,1.0,0.0,0.0,0.0,0.0,1.0,0.0,0.0,0.0,0.0,0.0,0.0,0.0,1.0,0.0,1.25,0.4,11
3,2,2,3,3,3,3,0,0.11,0,0,2,10,3,1,4,29,0,9,8,5,2,0.0,0.0,0.0,0.0,0.0,1.0,0.0,0.0,1.0,1.0,0.0,0.0,0.0,1.0,0.0,0.0,0.0,0.0,0.0,0.0,0.0,1.0,0.0,0.0,3.0,0.3333333333333333,13
2,3,3,1,3,3,3,0,0.12,0,2,6,5,4,0,2,36,1,4,9,3,2,0.0,0.0,1.0,0.0,0.0,0.0,0.0,0.0,1.0,0.0,0.0,1.0,0.0,0.0,0.0,0.0,1.0,0.0,0.0,0.0,0.0,0.0,1.0,0.0,2.25,0.5,8
4,4,2,3,3,3,3,0,0.17,0,2,6,2,1,0,7,25,0,1,7,7,7,0.0,0.0,1.0,0.0,0.0,0.0,0.0,1.0,0.0,0.0,1.0,0.0,0.0,0.0,0.0,0.0,0.0,0.0,0.0,0.0,1.0,0.0,1.0,0.0,3.25,0.875,5
4,3,2,2,3,3,4,0,0.21,0,0,3,12,3,1,0,39,0,4,7,5,4,0.0,0.0,0.0,0.0,0.0,1.0,0.0,0.0,1.0,0.0,0.0,1.0,0.0,0.0,0.0,0.0,0.0,0.0,0.0,0.0,1.0,0.0,1.0,0.0,3.0,0.6666666666666666,16
1,3,4,2,2,3,3,0,0.16,0,2,2,22,4,1,2,49,1,3,27,4,2,1.0,0.0,0.0,0.0,0.0,0.0,0.0,0.0,1.0,0.0,0.0,1.0,0.0,0.0,0.0,1.0,0.0,0.0,0.0,0.0,0.0,0.0,1.0,0.0,2.0,0.4,25
4,2,3,1,3,3,3,0,0.15,0,3,3,17,5,1,11,50,1,5,19,14,11,0.0,0.0,1.0,0.0,0.0,0.0,0.0,0.0,1.0,0.0,1.0,0.0,0.0,0.0,0.0,1.0,0.0,0.0,0.0,0.0,0.0,0.0,1.0,0.0,2.75,0.7333333333333333,20
3,3,1,3,1,3,3,0,0.19,0,0,3,2,3,2,2,20,1,1,2,2,2,0.0,0.0,0.0,0.0,0.0,1.0,0.0,0.0,1.0,1.0,0.0,0.0,0.0,0.0,0.0,0.0,0.0,1.0,0.0,0.0,0.0,1.0,0.0,0.0,2.5,0.6666666666666666,5
4,3,2,2,3,3,3,0,0.12,0,1,2,3,3,7,9,34,1,1,11,11,8,0.0,0.0,1.0,0.0,0.0,0.0,0.0,0.0,1.0,0.0,1.0,0.0,1.0,0.0,0.0,0.0,0.0,0.0,0.0,0.0,0.0,0.0,1.0,0.0,3.0,0.6666666666666666,6
1,3,1,2,3,3,3,0,0.11,0,0,4,7,3,1,3,36,0,2,15,4,3,0.0,0.0,1.0,0.0,0.0,0.0,0.0,0.0,1.0,1.0,0.0,0.0,0.0,0.0,1.0,0.0,0.0,0.0,0.0,0.0,0.0,0.0,1.0,0.0,2.25,0.6,10
3,2,4,3,2,3,3,1,0.19,0,1,3,6,1,2,12,49,1,2,30,15,11,0.0,0.0,1.0,0.0,0.0,0.0,0.0,0.0,1.0,0.0,0.0,1.0,0.0,0.0,0.0,0.0,1.0,0.0,0.0,0.0,0.0,0.0,1.0,0.0,2.75,0.6875,10
4,2,2,3,3,3,3,0,0.15,0,0,6,1,4,1,2,36,1,0,4,3,2,0.0,0.0,0.0,0.0,0.0,1.0,1.0,0.0,0.0,0.0,0.0,1.0,0.0,0.0,0.0,0.0,0.0,0.0,0.0,0.0,1.0,0.0,1.0,0.0,3.25,0.5,4
4,4,2,1,1,3,4,0,0.2,0,1,3,3,2,0,4,36,0,6,13,5,4,0.0,0.0,1.0,0.0,0.0,0.0,0.0,0.0,1.0,0.0,1.0,0.0,0.0,0.0,0.0,0.0,1.0,0.0,0.0,0.0,0.0,0.0,1.0,0.0,2.25,0.6666666666666666,7
2,3,4,3,3,3,4,0,0.25,0,1,6,22,5,4,7,54,1,3,36,10,8,0.0,0.0,0.0,0.0,0.0,1.0,0.0,0.0,1.0,0.0,0.0,1.0,0.0,0.0,0.0,0.0,0.0,0.0,0.0,1.0,0.0,0.0,1.0,0.0,2.75,0.7272727272727273,26
3,2,4,3,1,3,4,0,0.24,0,1,3,15,2,6,11,43,0,1,14,14,10,0.0,0.0,1.0,0.0,0.0,0.0,0.0,0.0,1.0,0.0,0.0,1.0,0.0,0.0,0.0,1.0,0.0,0.0,0.0,0.0,0.0,0.0,1.0,0.0,2.5,0.6666666666666666,19
4,3,2,4,1,4,4,1,0.24,1,0,2,12,4,6,7,35,0,3,13,11,9,1.0,0.0,0.0,0.0,0.0,0.0,0.0,1.0,0.0,1.0,0.0,0.0,0.0,1.0,0.0,0.0,0.0,0.0,0.0,0.0,0.0,1.0,0.0,0.0,3.25,0.75,17
4,3,2,4,4,4,3,0,0.15,0,2,4,1,3,2,9,38,0,7,19,13,11,0.0,0.0,1.0,0.0,0.0,0.0,0.0,1.0,0.0,0.0,0.0,1.0,1.0,0.0,0.0,0.0,0.0,0.0,0.0,0.0,0.0,0.0,1.0,0.0,4.0,0.7857142857142857,4
1,2,2,2,2,2,3,1,0.13,0,1,3,5,3,0,9,29,0,1,10,10,0,0.0,0.0,0.0,0.0,0.0,1.0,0.0,0.0,1.0,0.0,1.0,0.0,0.0,1.0,0.0,0.0,0.0,0.0,0.0,0.0,0.0,1.0,0.0,0.0,1.75,0.0,9
4,3,2,4,3,3,3,0,0.14,0,2,5,2,4,0,4,33,0,1,6,6,2,0.0,0.0,0.0,0.0,0.0,1.0,0.0,0.0,1.0,0.0,1.0,0.0,0.0,1.0,0.0,0.0,0.0,0.0,0.0,0.0,0.0,1.0,0.0,0.0,3.5,0.2857142857142857,5
4,3,2,2,3,2,3,0,0.13,0,2,4,2,3,1,6,32,0,0,10,9,5,0.0,0.0,0.0,0.0,0.0,1.0,0.0,0.0,1.0,0.0,1.0,0.0,1.0,0.0,0.0,0.0,0.0,0.0,0.0,0.0,0.0,0.0,1.0,0.0,2.75,0.5,5
1,3,2,4,1,3,3,0,0.11,0,2,2,5,4,0,2,31,1,1,10,10,0,0.0,0.0,1.0,0.0,0.0,0.0,0.0,0.0,1.0,0.0,0.0,1.0,0.0,1.0,0.0,0.0,0.0,0.0,0.0,0.0,0.0,1.0,0.0,0.0,2.25,0.0,8
4,3,1,1,2,2,3,1,0.16,0,1,2,16,3,2,2,49,1,4,17,2,2,0.0,0.0,0.0,0.0,0.0,1.0,0.0,0.0,1.0,0.0,1.0,0.0,0.0,0.0,1.0,0.0,0.0,0.0,0.0,0.0,0.0,0.0,1.0,0.0,2.25,0.6666666666666666,20
4,2,1,2,2,3,4,0,0.22,0,0,3,2,3,3,3,38,1,1,4,4,3,0.0,0.0,0.0,0.0,0.0,1.0,0.0,1.0,0.0,1.0,0.0,0.0,0.0,0.0,1.0,0.0,0.0,0.0,0.0,0.0,0.0,0.0,1.0,0.0,2.75,0.6,6
2,4,4,2,3,3,3,0,0.14,0,3,2,2,4,1,2,47,1,6,29,3,2,0.0,0.0,1.0,0.0,0.0,0.0,0.0,0.0,1.0,0.0,1.0,0.0,0.0,0.0,0.0,0.0,0.0,0.0,0.0,1.0,0.0,1.0,0.0,0.0,2.5,0.5,5
3,3,4,3,1,3,3,0,0.14,0,0,2,1,3,0,0,49,0,4,23,8,7,0.0,0.0,1.0,0.0,0.0,0.0,0.0,0.0,1.0,1.0,0.0,0.0,0.0,0.0,0.0,0.0,0.0,0.0,0.0,1.0,0.0,0.0,1.0,0.0,2.5,0.7777777777777778,4
4,3,3,3,4,3,3,1,0.16,0,0,2,23,2,0,2,41,0,3,21,2,0,0.0,0.0,1.0,0.0,0.0,0.0,0.0,0.0,1.0,1.0,0.0,0.0,0.0,1.0,0.0,0.0,0.0,0.0,0.0,0.0,0.0,1.0,0.0,0.0,3.5,0.0,27
4,3,1,1,1,3,3,0,0.11,0,0,3,9,1,0,2,20,0,1,2,2,2,0.0,0.0,1.0,0.0,0.0,0.0,0.0,0.0,1.0,1.0,0.0,0.0,0.0,0.0,0.0,0.0,0.0,1.0,0.0,0.0,0.0,1.0,0.0,0.0,2.25,0.6666666666666666,12
3,3,2,4,3,3,4,1,0.25,0,1,2,16,3,1,2,33,1,1,7,6,5,0.0,0.0,1.0,0.0,0.0,0.0,1.0,0.0,0.0,0.0,1.0,0.0,0.0,1.0,0.0,0.0,0.0,0.0,0.0,0.0,0.0,1.0,0.0,0.0,3.25,0.7142857142857143,21
1,3,2,3,2,2,3,0,0.14,0,2,2,26,4,0,2,36,0,6,10,3,2,0.0,0.0,1.0,0.0,0.0,0.0,0.0,0.0,1.0,0.0,0.0,1.0,0.0,0.0,0.0,0.0,1.0,0.0,0.0,0.0,0.0,0.0,1.0,0.0,2.0,0.5,29
3,3,1,4,1,3,3,1,0.18,0,3,2,1,3,2,2,44,1,4,8,2,2,0.0,0.0,1.0,0.0,0.0,0.0,0.0,0.0,1.0,0.0,1.0,0.0,0.0,0.0,0.0,0.0,0.0,0.0,1.0,0.0,0.0,0.0,0.0,1.0,2.75,0.6666666666666666,5
4,2,1,3,1,3,3,1,0.11,1,0,2,8,1,1,2,23,0,1,5,5,4,0.0,0.0,0.0,0.0,0.0,1.0,0.0,0.0,1.0,1.0,0.0,0.0,0.0,0.0,1.0,0.0,0.0,0.0,0.0,0.0,0.0,0.0,1.0,0.0,2.75,0.6666666666666666,12
4,3,1,3,4,2,3,0,0.19,0,1,5,4,2,0,0,38,1,7,7,0,0,0.0,0.0,0.0,0.0,0.0,1.0,0.0,0.0,1.0,0.0,0.0,1.0,0.0,0.0,1.0,0.0,0.0,0.0,0.0,0.0,0.0,0.0,1.0,0.0,3.25,0.0,7
2,4,3,4,3,3,3,0,0.15,0,0,2,24,4,1,2,53,0,3,11,4,3,0.0,0.0,0.0,0.0,0.0,1.0,0.0,0.0,1.0,0.0,0.0,1.0,0.0,0.0,0.0,0.0,1.0,0.0,0.0,0.0,0.0,0.0,1.0,0.0,3.0,0.6,27
4,3,1,3,3,3,3,1,0.11,1,2,3,7,2,7,7,48,1,2,19,9,7,0.0,0.0,0.0,0.0,0.0,1.0,0.0,1.0,0.0,0.0,0.0,1.0,0.0,0.0,0.0,0.0,0.0,1.0,0.0,0.0,0.0,1.0,0.0,0.0,3.25,0.7,11
4,3,1,2,1,3,3,0,0.12,1,0,2,2,4,0,0,32,0,1,1,1,0,0.0,0.0,1.0,0.0,0.0,0.0,0.0,0.0,1.0,1.0,0.0,0.0,0.0,0.0,1.0,0.0,0.0,0.0,0.0,0.0,0.0,0.0,1.0,0.0,2.5,0.0,5
4,3,1,4,3,3,4,0,0.2,0,0,5,7,3,5,7,26,0,1,7,7,7,0.0,0.0,0.0,0.0,0.0,1.0,1.0,0.0,0.0,1.0,0.0,0.0,0.0,0.0,1.0,0.0,0.0,0.0,0.0,0.0,0.0,0.0,1.0,0.0,3.5,0.875,11
1,2,1,2,4,3,3,0,0.12,0,1,1,22,3,1,2,55,0,5,8,4,2,0.0,1.0,0.0,0.0,0.0,0.0,0.0,0.0,1.0,0.0,1.0,0.0,1.0,0.0,0.0,0.0,0.0,0.0,0.0,0.0,0.0,0.0,1.0,0.0,2.5,0.4,25
2,2,2,4,3,4,3,0,0.14,0,1,3,5,2,4,13,34,0,1,15,15,10,0.0,0.0,0.0,0.0,0.0,1.0,0.0,0.0,1.0,0.0,0.0,1.0,0.0,0.0,1.0,0.0,0.0,0.0,0.0,0.0,0.0,0.0,1.0,0.0,3.25,0.625,8
3,1,3,4,3,4,4,0,0.2,0,1,2,1,4,0,0,60,0,3,19,1,0,0.0,0.0,0.0,0.0,0.0,1.0,0.0,0.0,1.0,0.0,1.0,0.0,0.0,0.0,0.0,0.0,1.0,0.0,0.0,0.0,0.0,0.0,1.0,0.0,3.5,0.0,5
2,4,1,2,4,3,3,0,0.18,0,3,6,21,3,2,13,33,0,1,14,14,11,0.0,0.0,0.0,0.0,0.0,1.0,0.0,0.0,1.0,0.0,0.0,1.0,0.0,0.0,1.0,0.0,0.0,0.0,0.0,0.0,0.0,0.0,1.0,0.0,2.75,0.7333333333333333,24
3,1,2,4,3,2,3,0,0.14,0,2,2,1,4,1,3,37,0,1,6,6,3,0.0,0.0,0.0,0.0,0.0,1.0,0.0,1.0,0.0,0.0,1.0,0.0,0.0,1.0,0.0,0.0,0.0,0.0,0.0,0.0,0.0,1.0,0.0,0.0,3.0,0.42857142857142855,4
2,2,1,4,2,3,3,0,0.12,0,0,3,19,3,8,7,34,1,1,10,10,9,0.0,0.0,1.0,0.0,0.0,0.0,0.0,0.0,1.0,0.0,0.0,1.0,1.0,0.0,0.0,0.0,0.0,0.0,0.0,0.0,0.0,0.0,1.0,0.0,2.75,0.8181818181818182,22
3,3,1,4,2,3,4,1,0.21,1,1,2,7,3,0,2,23,0,1,3,3,2,0.0,0.0,1.0,0.0,0.0,0.0,0.0,0.0,1.0,0.0,1.0,0.0,0.0,0.0,0.0,0.0,0.0,1.0,0.0,0.0,0.0,1.0,0.0,0.0,3.0,0.5,12
3,4,3,4,2,3,3,1,0.19,0,1,2,2,3,6,7,44,1,1,9,8,7,0.0,0.0,1.0,0.0,0.0,0.0,0.0,0.0,1.0,0.0,0.0,1.0,0.0,0.0,0.0,0.0,1.0,0.0,0.0,0.0,0.0,0.0,1.0,0.0,3.0,0.7777777777777778,6
1,2,1,4,3,4,3,1,0.14,0,0,2,2,4,1,4,35,0,0,6,5,4,0.0,0.0,0.0,0.0,0.0,1.0,0.0,1.0,0.0,1.0,0.0,0.0,1.0,0.0,0.0,0.0,0.0,0.0,0.0,0.0,0.0,0.0,1.0,0.0,3.0,0.6666666666666666,6
4,3,2,4,1,3,3,1,0.17,0,1,3,2,3,8,8,43,0,1,10,10,9,0.0,0.0,0.0,0.0,0.0,1.0,0.0,0.0,1.0,0.0,0.0,1.0,0.0,1.0,0.0,0.0,0.0,0.0,0.0,0.0,0.0,1.0,0.0,0.0,3.0,0.8181818181818182,6
3,4,1,3,4,3,3,0,0.16,0,1,1,9,3,0,4,24,0,1,5,5,3,0.0,0.0,0.0,0.0,0.0,1.0,0.0,0.0,1.0,0.0,0.0,1.0,1.0,0.0,0.0,0.0,0.0,0.0,0.0,0.0,0.0,0.0,1.0,0.0,3.25,0.5,12
4,3,3,3,2,3,3,0,0.12,0,0,3,6,3,8,7,41,0,1,10,10,8,0.0,0.0,0.0,1.0,0.0,0.0,0.0,0.0,1.0,1.0,0.0,0.0,0.0,1.0,0.0,0.0,0.0,0.0,0.0,0.0,0.0,1.0,0.0,0.0,3.0,0.7272727272727273,9
4,3,1,3,3,3,3,0,0.17,0,1,2,9,4,1,2,29,1,9,9,5,3,0.0,0.0,0.0,0.0,0.0,1.0,0.0,0.0,1.0,0.0,0.0,1.0,0.0,0.0,1.0,0.0,0.0,0.0,0.0,0.0,0.0,0.0,1.0,0.0,3.25,0.5,12
3,3,2,4,3,2,3,0,0.15,0,0,2,2,4,6,7,36,1,3,17,13,7,0.0,0.0,1.0,0.0,0.0,0.0,0.0,0.0,1.0,1.0,0.0,0.0,0.0,0.0,0.0,0.0,0.0,1.0,0.0,0.0,0.0,1.0,0.0,0.0,3.0,0.5,5
3,2,3,3,4,2,4,0,0.23,0,1,3,1,1,14,4,45,0,3,25,23,15,0.0,0.0,1.0,0.0,0.0,0.0,1.0,0.0,0.0,0.0,0.0,1.0,0.0,0.0,0.0,0.0,1.0,0.0,0.0,0.0,0.0,0.0,1.0,0.0,3.0,0.625,5
4,1,1,3,3,3,3,0,0.11,1,1,2,22,1,0,0,24,0,1,1,1,0,0.0,0.0,0.0,0.0,1.0,0.0,0.0,0.0,1.0,0.0,0.0,1.0,0.0,0.0,0.0,0.0,0.0,0.0,1.0,0.0,0.0,0.0,0.0,1.0,3.25,0.0,25
3,1,4,3,3,1,3,0,0.11,1,0,3,9,3,14,10,47,0,7,25,23,5,0.0,0.0,1.0,0.0,0.0,0.0,0.0,1.0,0.0,0.0,0.0,1.0,0.0,1.0,0.0,0.0,0.0,0.0,0.0,0.0,0.0,1.0,0.0,0.0,2.5,0.20833333333333334,12
4,1,1,3,3,4,3,0,0.15,0,3,3,17,4,0,2,26,0,1,3,3,2,0.0,0.0,0.0,0.0,0.0,1.0,0.0,0.0,1.0,0.0,0.0,1.0,0.0,0.0,1.0,0.0,0.0,0.0,0.0,0.0,0.0,0.0,1.0,0.0,3.5,0.5,20
4,2,4,2,3,3,3,0,0.11,0,0,2,28,2,8,6,45,1,1,21,21,6,0.0,1.0,0.0,0.0,0.0,0.0,0.0,0.0,1.0,1.0,0.0,0.0,0.0,0.0,0.0,1.0,0.0,0.0,0.0,0.0,0.0,0.0,1.0,0.0,3.0,0.2727272727272727,31
1,3,1,3,1,2,3,0,0.13,0,1,3,10,3,1,3,32,0,6,10,5,2,0.0,0.0,1.0,0.0,0.0,0.0,0.0,1.0,0.0,0.0,0.0,1.0,1.0,0.0,0.0,0.0,0.0,0.0,0.0,0.0,0.0,0.0,1.0,0.0,1.75,0.3333333333333333,13
2,3,1,3,4,4,3,0,0.14,0,1,2,2,4,0,3,31,0,1,6,5,2,0.0,0.0,1.0,0.0,0.0,0.0,0.0,0.0,1.0,0.0,0.0,1.0,0.0,0.0,1.0,0.0,0.0,0.0,0.0,0.0,0.0,0.0,1.0,0.0,3.25,0.3333333333333333,5
3,1,2,2,2,3,3,0,0.19,0,1,4,4,3,1,2,41,0,6,10,3,2,0.0,0.0,0.0,0.0,1.0,0.0,1.0,0.0,0.0,0.0,0.0,1.0,0.0,0.0,0.0,0.0,0.0,0.0,1.0,0.0,0.0,0.0,0.0,1.0,2.5,0.5,7
2,3,2,1,2,3,3,1,0.16,0,1,3,8,2,0,0,40,1,2,18,1,0,0.0,0.0,1.0,0.0,0.0,0.0,0.0,0.0,1.0,0.0,0.0,1.0,0.0,0.0,0.0,0.0,0.0,0.0,0.0,0.0,1.0,0.0,1.0,0.0,2.0,0.0,12
2,3,1,1,2,4,3,0,0.13,0,3,2,29,1,1,2,24,0,1,6,6,2,0.0,0.0,0.0,0.0,0.0,1.0,0.0,0.0,1.0,0.0,1.0,0.0,0.0,0.0,1.0,0.0,0.0,0.0,0.0,0.0,0.0,0.0,1.0,0.0,2.25,0.2857142857142857,32
3,3,2,2,4,3,3,0,0.14,0,0,3,13,4,0,9,46,0,6,19,10,7,0.0,0.0,1.0,0.0,0.0,0.0,0.0,0.0,1.0,1.0,0.0,0.0,0.0,0.0,0.0,0.0,1.0,0.0,0.0,0.0,0.0,0.0,1.0,0.0,3.0,0.6363636363636364,16
4,3,2,3,2,3,3,0,0.16,0,1,3,27,4,0,7,35,0,2,17,7,7,0.0,0.0,1.0,0.0,0.0,0.0,0.0,0.0,1.0,0.0,0.0,1.0,0.0,0.0,0.0,0.0,0.0,0.0,0.0,0.0,1.0,0.0,1.0,0.0,3.0,0.875,30
2,3,1,4,2,2,3,0,0.12,0,1,2,16,1,0,8,30,0,1,10,10,0,0.0,0.0,1.0,0.0,0.0,0.0,0.0,0.0,1.0,0.0,0.0,1.0,1.0,0.0,0.0,0.0,0.0,0.0,0.0,0.0,0.0,0.0,1.0,0.0,2.5,0.0,19
3,3,2,2,4,1,3,0,0.11,0,1,3,2,4,0,0,47,0,7,4,1,0,0.0,0.0,0.0,1.0,0.0,0.0,1.0,0.0,0.0,0.0,0.0,1.0,0.0,1.0,0.0,0.0,0.0,0.0,0.0,0.0,0.0,1.0,0.0,0.0,2.5,0.0,5
3,3,3,4,2,2,3,1,0.12,0,1,5,2,3,0,3,46,0,4,13,10,6,0.0,0.0,1.0,0.0,0.0,0.0,0.0,0.0,1.0,0.0,1.0,0.0,0.0,1.0,0.0,0.0,0.0,0.0,0.0,0.0,0.0,1.0,0.0,0.0,2.75,0.5454545454545454,6
2,2,2,1,2,3,3,1,0.13,1,3,3,13,5,2,2,36,0,5,16,2,2,0.0,0.0,0.0,1.0,0.0,0.0,0.0,0.0,1.0,0.0,1.0,0.0,0.0,1.0,0.0,0.0,0.0,0.0,0.0,0.0,0.0,1.0,0.0,0.0,2.0,0.6666666666666666,17
1,1,2,2,2,3,3,0,0.15,1,0,2,1,2,0,0,32,0,6,10,0,0,0.0,0.0,1.0,0.0,0.0,0.0,0.0,0.0,1.0,1.0,0.0,0.0,0.0,1.0,0.0,0.0,0.0,0.0,0.0,0.0,0.0,1.0,0.0,0.0,2.0,0.0,4
3,3,1,2,3,1,3,0,0.13,0,0,3,4,1,1,2,23,1,1,3,3,2,0.0,0.0,0.0,0.0,0.0,1.0,0.0,0.0,1.0,1.0,0.0,0.0,0.0,0.0,1.0,0.0,0.0,0.0,0.0,0.0,0.0,0.0,1.0,0.0,2.25,0.5,7
4,3,2,4,4,2,4,0,0.2,0,0,3,24,1,1,4,31,1,2,9,5,4,0.0,1.0,0.0,0.0,0.0,0.0,0.0,1.0,0.0,1.0,0.0,0.0,0.0,0.0,0.0,0.0,0.0,0.0,0.0,0.0,1.0,0.0,1.0,0.0,3.5,0.6666666666666666,28
4,3,2,4,4,3,3,1,0.15,0,1,2,1,3,5,8,39,0,1,9,9,8,0.0,0.0,1.0,0.0,0.0,0.0,1.0,0.0,0.0,0.0,0.0,1.0,0.0,0.0,1.0,0.0,0.0,0.0,0.0,0.0,0.0,0.0,1.0,0.0,3.75,0.8,5
4,1,3,3,3,1,3,0,0.13,0,1,2,19,3,0,2,32,0,3,10,4,3,0.0,0.0,1.0,0.0,0.0,0.0,0.0,0.0,1.0,0.0,0.0,1.0,0.0,1.0,0.0,0.0,0.0,0.0,0.0,0.0,0.0,1.0,0.0,0.0,2.75,0.6,22
2,3,5,2,2,2,3,0,0.14,0,0,3,7,4,12,8,40,0,1,21,21,8,0.0,0.0,0.0,0.0,0.0,1.0,0.0,0.0,1.0,1.0,0.0,0.0,0.0,0.0,0.0,0.0,0.0,0.0,0.0,1.0,0.0,1.0,0.0,0.0,2.0,0.36363636363636365,10
3,1,3,3,3,4,4,0,0.21,0,2,2,4,3,0,3,45,1,4,9,5,0,0.0,0.0,1.0,0.0,0.0,0.0,0.0,0.0,1.0,0.0,0.0,1.0,0.0,0.0,0.0,0.0,0.0,0.0,1.0,0.0,0.0,0.0,0.0,1.0,3.25,0.0,8
4,2,1,1,4,3,3,0,0.16,0,0,2,2,4,0,7,30,1,0,10,9,7,0.0,1.0,0.0,0.0,0.0,0.0,0.0,1.0,0.0,1.0,0.0,0.0,1.0,0.0,0.0,0.0,0.0,0.0,0.0,0.0,0.0,0.0,1.0,0.0,3.0,0.7,5
1,3,1,4,4,3,3,0,0.14,0,1,2,10,3,2,1,24,0,0,3,2,2,0.0,0.0,0.0,0.0,0.0,1.0,0.0,1.0,0.0,0.0,0.0,1.0,0.0,0.0,0.0,0.0,0.0,0.0,1.0,0.0,0.0,0.0,0.0,1.0,3.0,0.6666666666666666,13
3,2,1,4,3,2,3,0,0.11,1,1,0,8,3,1,2,30,1,6,6,4,2,0.0,0.0,0.0,0.0,1.0,0.0,0.0,1.0,0.0,0.0,1.0,0.0,0.0,0.0,0.0,0.0,0.0,0.0,1.0,0.0,0.0,0.0,0.0,1.0,3.0,0.4,11
1,3,2,3,3,3,3,0,0.19,0,1,3,5,3,0,2,31,0,1,6,5,2,0.0,1.0,0.0,0.0,0.0,0.0,0.0,0.0,1.0,0.0,0.0,1.0,0.0,1.0,0.0,0.0,0.0,0.0,0.0,0.0,0.0,1.0,0.0,0.0,2.5,0.3333333333333333,8
3,3,1,4,3,2,3,0,0.11,0,0,5,8,3,1,4,27,1,1,6,6,2,0.0,0.0,0.0,0.0,0.0,1.0,0.0,0.0,1.0,1.0,0.0,0.0,1.0,0.0,0.0,0.0,0.0,0.0,0.0,0.0,0.0,0.0,1.0,0.0,3.0,0.2857142857142857,11
2,1,1,2,3,3,3,0,0.13,1,0,3,9,3,2,2,29,1,1,2,2,2,0.0,0.0,0.0,1.0,0.0,0.0,0.0,0.0,1.0,1.0,0.0,0.0,0.0,0.0,0.0,0.0,0.0,1.0,0.0,0.0,0.0,1.0,0.0,0.0,2.5,0.6666666666666666,12
4,4,2,3,4,4,3,1,0.12,0,0,5,1,3,0,2,29,0,8,10,3,2,0.0,0.0,1.0,0.0,0.0,0.0,0.0,1.0,0.0,1.0,0.0,0.0,0.0,0.0,0.0,0.0,1.0,0.0,0.0,0.0,0.0,0.0,1.0,0.0,3.75,0.5,5
3,2,3,1,1,3,3,0,0.11,0,1,2,15,2,1,7,30,0,2,12,7,7,0.0,0.0,0.0,1.0,0.0,0.0,0.0,0.0,1.0,0.0,1.0,0.0,0.0,1.0,0.0,0.0,0.0,0.0,0.0,0.0,0.0,1.0,0.0,0.0,2.0,0.875,18
4,4,1,4,1,3,3,1,0.14,0,3,3,2,4,1,2,34,0,0,6,5,0,0.0,0.0,0.0,0.0,0.0,1.0,0.0,0.0,1.0,0.0,0.0,1.0,1.0,0.0,0.0,0.0,0.0,0.0,0.0,0.0,0.0,0.0,1.0,0.0,3.0,0.0,6
4,3,2,2,4,2,3,0,0.15,0,0,2,2,3,1,7,33,1,8,13,11,7,0.0,0.0,0.0,1.0,0.0,0.0,1.0,0.0,0.0,1.0,0.0,0.0,0.0,1.0,0.0,0.0,0.0,0.0,0.0,0.0,0.0,1.0,0.0,0.0,3.0,0.5833333333333334,5
4,3,2,4,3,4,3,0,0.12,0,0,1,11,4,0,4,49,1,3,8,5,1,0.0,0.0,0.0,1.0,0.0,0.0,0.0,0.0,1.0,1.0,0.0,0.0,0.0,1.0,0.0,0.0,0.0,0.0,0.0,0.0,0.0,1.0,0.0,0.0,3.75,0.16666666666666666,14
1,3,3,1,3,2,4,1,0.2,1,0,2,16,3,0,0,33,1,2,11,0,0,0.0,0.0,1.0,0.0,0.0,0.0,0.0,0.0,1.0,1.0,0.0,0.0,0.0,1.0,0.0,0.0,0.0,0.0,0.0,0.0,0.0,1.0,0.0,0.0,1.75,0.0,21
3,2,1,2,2,2,3,0,0.14,0,1,4,2,2,0,5,38,1,4,9,6,1,0.0,0.0,0.0,0.0,0.0,1.0,0.0,1.0,0.0,0.0,0.0,1.0,0.0,0.0,1.0,0.0,0.0,0.0,0.0,0.0,0.0,0.0,1.0,0.0,2.25,0.14285714285714285,5
1,3,3,3,1,3,3,0,0.13,1,3,2,16,4,0,0,31,0,2,10,1,0,0.0,0.0,0.0,1.0,0.0,0.0,0.0,0.0,1.0,0.0,0.0,1.0,0.0,1.0,0.0,0.0,0.0,0.0,0.0,0.0,0.0,1.0,0.0,0.0,2.0,0.0,19
4,2,1,1,3,3,3,0,0.13,0,1,2,4,3,0,0,29,1,1,1,1,0,0.0,1.0,0.0,0.0,0.0,0.0,0.0,0.0,1.0,0.0,1.0,0.0,1.0,0.0,0.0,0.0,0.0,0.0,0.0,0.0,0.0,0.0,1.0,0.0,2.75,0.0,7
3,4,2,3,3,3,3,0,0.16,0,1,3,16,3,1,7,30,0,3,10,7,0,0.0,0.0,1.0,0.0,0.0,0.0,0.0,0.0,1.0,0.0,0.0,1.0,0.0,0.0,0.0,0.0,1.0,0.0,0.0,0.0,0.0,0.0,1.0,0.0,3.0,0.0,19
2,3,1,2,2,3,3,0,0.14,0,0,3,5,4,0,7,32,0,2,12,7,7,0.0,1.0,0.0,0.0,0.0,0.0,1.0,0.0,0.0,1.0,0.0,0.0,1.0,0.0,0.0,0.0,0.0,0.0,0.0,0.0,0.0,0.0,1.0,0.0,2.25,0.875,8
2,1,2,4,3,3,3,1,0.16,0,1,2,18,3,1,0,38,0,3,15,1,0,0.0,0.0,0.0,0.0,0.0,1.0,0.0,0.0,1.0,0.0,0.0,1.0,0.0,0.0,0.0,0.0,1.0,0.0,0.0,0.0,0.0,0.0,1.0,0.0,3.0,0.0,22
3,2,1,3,4,3,3,1,0.16,1,1,4,17,3,0,0,43,0,9,6,1,0,0.0,1.0,0.0,0.0,0.0,0.0,0.0,1.0,0.0,0.0,0.0,1.0,1.0,0.0,0.0,0.0,0.0,0.0,0.0,0.0,0.0,0.0,1.0,0.0,3.25,0.0,21
2,3,1,2,2,2,4,0,0.22,0,3,6,12,3,0,4,42,0,8,7,5,3,0.0,0.0,0.0,0.0,0.0,1.0,0.0,0.0,1.0,0.0,1.0,0.0,0.0,0.0,1.0,0.0,0.0,0.0,0.0,0.0,0.0,0.0,1.0,0.0,2.0,0.5,16
3,2,5,1,2,3,3,0,0.12,0,3,2,2,3,0,0,55,0,8,34,1,0,0.0,0.0,0.0,0.0,0.0,1.0,0.0,0.0,1.0,0.0,0.0,1.0,0.0,0.0,0.0,1.0,0.0,0.0,0.0,0.0,0.0,0.0,1.0,0.0,2.25,0.0,5
4,3,2,2,4,2,3,0,0.15,0,2,2,4,3,1,7,33,0,5,11,9,8,0.0,1.0,0.0,0.0,0.0,0.0,1.0,0.0,0.0,0.0,1.0,0.0,1.0,0.0,0.0,0.0,0.0,0.0,0.0,0.0,0.0,0.0,1.0,0.0,3.0,0.8,7
3,3,1,1,2,3,4,0,0.2,0,2,2,9,4,0,4,41,0,1,5,5,3,0.0,0.0,1.0,0.0,0.0,0.0,0.0,0.0,1.0,0.0,1.0,0.0,0.0,0.0,1.0,0.0,0.0,0.0,0.0,0.0,0.0,0.0,1.0,0.0,2.25,0.5,13
4,3,2,3,3,3,3,1,0.14,0,1,3,10,3,0,7,34,0,1,15,15,14,0.0,0.0,1.0,0.0,0.0,0.0,1.0,0.0,0.0,0.0,1.0,0.0,0.0,1.0,0.0,0.0,0.0,0.0,0.0,0.0,0.0,1.0,0.0,0.0,3.25,0.875,14
1,2,4,3,4,2,4,1,0.2,0,3,2,1,4,0,2,53,1,4,27,3,2,0.0,0.0,0.0,0.0,0.0,1.0,1.0,0.0,0.0,0.0,0.0,1.0,0.0,0.0,0.0,0.0,0.0,0.0,0.0,0.0,1.0,0.0,1.0,0.0,2.5,0.5,6
2,3,1,4,2,3,3,0,0.13,0,0,5,2,3,1,8,43,0,0,10,9,7,0.0,0.0,1.0,0.0,0.0,0.0,0.0,0.0,1.0,1.0,0.0,0.0,0.0,0.0,0.0,0.0,0.0,0.0,1.0,0.0,0.0,0.0,0.0,1.0,2.75,0.7,5
4,1,2,4,1,3,3,0,0.12,0,0,3,3,2,2,2,34,1,5,6,2,2,0.0,0.0,1.0,0.0,0.0,0.0,0.0,0.0,1.0,1.0,0.0,0.0,0.0,1.0,0.0,0.0,0.0,0.0,0.0,0.0,0.0,1.0,0.0,0.0,3.0,0.6666666666666666,6
2,3,1,2,2,3,3,0,0.13,1,0,3,7,1,1,0,21,0,1,1,1,0,0.0,0.0,0.0,1.0,0.0,0.0,0.0,0.0,1.0,1.0,0.0,0.0,0.0,0.0,0.0,0.0,0.0,1.0,0.0,0.0,0.0,1.0,0.0,0.0,2.25,0.0,10
4,2,1,3,2,3,3,0,0.11,0,1,3,6,2,0,4,38,1,1,5,5,4,1.0,0.0,0.0,0.0,0.0,0.0,0.0,0.0,1.0,0.0,0.0,1.0,0.0,0.0,1.0,0.0,0.0,0.0,0.0,0.0,0.0,0.0,1.0,0.0,3.0,0.6666666666666666,9
3,3,1,1,3,3,3,1,0.17,1,0,6,8,1,0,0,22,1,1,1,1,0,0.0,0.0,0.0,0.0,0.0,1.0,0.0,0.0,1.0,0.0,0.0,1.0,0.0,0.0,1.0,0.0,0.0,0.0,0.0,0.0,0.0,0.0,1.0,0.0,2.5,0.0,12
1,2,2,4,1,3,3,0,0.14,0,2,3,29,4,5,7,31,1,1,13,12,7,0.0,0.0,0.0,1.0,0.0,0.0,0.0,0.0,1.0,0.0,0.0,1.0,0.0,1.0,0.0,0.0,0.0,0.0,0.0,0.0,0.0,1.0,0.0,0.0,2.25,0.5384615384615384,32
1,3,3,3,4,3,3,0,0.11,0,0,2,3,3,2,2,51,1,2,15,2,2,0.0,1.0,0.0,0.0,0.0,0.0,0.0,0.0,1.0,0.0,0.0,1.0,0.0,0.0,0.0,0.0,0.0,0.0,0.0,1.0,0.0,0.0,1.0,0.0,2.75,0.6666666666666666,6
2,2,2,2,1,3,3,0,0.14,0,2,2,9,2,0,3,37,0,1,5,5,2,0.0,0.0,0.0,1.0,0.0,0.0,0.0,0.0,1.0,0.0,0.0,1.0,0.0,1.0,0.0,0.0,0.0,0.0,0.0,0.0,0.0,1.0,0.0,0.0,2.0,0.3333333333333333,12
3,3,5,4,3,3,3,1,0.17,0,1,3,2,4,2,2,46,0,7,24,2,1,0.0,0.0,0.0,0.0,0.0,1.0,0.0,0.0,1.0,0.0,1.0,0.0,0.0,0.0,0.0,1.0,0.0,0.0,0.0,0.0,0.0,0.0,1.0,0.0,3.25,0.3333333333333333,6
4,3,3,1,4,3,3,1,0.13,0,1,1,10,3,5,7,36,0,7,15,12,8,0.0,0.0,1.0,0.0,0.0,0.0,0.0,0.0,1.0,0.0,0.0,1.0,0.0,0.0,0.0,0.0,1.0,0.0,0.0,0.0,0.0,0.0,1.0,0.0,3.0,0.6153846153846154,14
3,3,1,2,3,2,3,1,0.12,1,3,2,1,2,2,3,44,0,1,6,5,3,0.0,0.0,0.0,0.0,0.0,1.0,0.0,1.0,0.0,0.0,1.0,0.0,1.0,0.0,0.0,0.0,0.0,0.0,0.0,0.0,0.0,0.0,1.0,0.0,2.5,0.5,5
3,3,2,2,3,2,3,0,0.13,0,0,4,8,2,4,7,37,0,2,19,10,0,1.0,0.0,0.0,0.0,0.0,0.0,0.0,0.0,1.0,0.0,1.0,0.0,0.0,0.0,0.0,0.0,0.0,0.0,1.0,0.0,0.0,0.0,0.0,1.0,2.5,0.0,11
3,3,2,4,4,3,3,1,0.18,1,0,2,27,3,7,7,35,0,1,10,10,7,0.0,0.0,1.0,0.0,0.0,0.0,0.0,0.0,1.0,1.0,0.0,0.0,0.0,1.0,0.0,0.0,0.0,0.0,0.0,0.0,0.0,1.0,0.0,0.0,3.5,0.6363636363636364,31
4,4,1,1,2,3,3,0,0.19,0,1,1,8,4,7,6,33,0,6,14,10,8,0.0,0.0,1.0,0.0,0.0,0.0,0.0,0.0,1.0,0.0,0.0,1.0,1.0,0.0,0.0,0.0,0.0,0.0,0.0,0.0,0.0,0.0,1.0,0.0,2.5,0.7272727272727273,11
3,3,1,4,3,4,3,0,0.11,0,1,6,1,3,0,3,28,0,1,5,5,3,0.0,0.0,1.0,0.0,0.0,0.0,0.0,0.0,1.0,0.0,0.0,1.0,1.0,0.0,0.0,0.0,0.0,0.0,0.0,0.0,0.0,0.0,1.0,0.0,3.5,0.5,4
3,3,3,3,3,3,4,0,0.21,0,0,3,10,1,2,2,39,0,7,9,4,3,0.0,0.0,0.0,0.0,0.0,1.0,0.0,0.0,1.0,1.0,0.0,0.0,0.0,0.0,0.0,1.0,0.0,0.0,0.0,0.0,0.0,0.0,1.0,0.0,3.0,0.6,14
2,2,2,2,3,3,3,0,0.15,0,0,3,26,2,2,2,46,0,8,6,2,2,0.0,0.0,1.0,0.0,0.0,0.0,1.0,0.0,0.0,1.0,0.0,0.0,0.0,1.0,0.0,0.0,0.0,0.0,0.0,0.0,0.0,1.0,0.0,0.0,2.5,0.6666666666666666,29
3,3,1,1,4,2,3,0,0.17,0,1,5,2,2,0,2,40,1,4,7,4,3,0.0,0.0,1.0,0.0,0.0,0.0,0.0,0.0,1.0,0.0,0.0,1.0,0.0,0.0,1.0,0.0,0.0,0.0,0.0,0.0,0.0,0.0,1.0,0.0,2.5,0.6,5
2,4,2,1,3,2,3,0,0.18,0,2,2,13,3,0,0,42,0,5,10,0,0,0.0,0.0,0.0,0.0,0.0,1.0,0.0,0.0,1.0,0.0,0.0,1.0,0.0,0.0,0.0,0.0,1.0,0.0,0.0,0.0,0.0,0.0,1.0,0.0,2.0,0.0,16
2,3,2,4,3,3,3,0,0.14,0,1,6,2,2,1,7,35,0,2,15,7,7,0.0,0.0,0.0,0.0,0.0,1.0,1.0,0.0,0.0,0.0,1.0,0.0,0.0,0.0,0.0,0.0,0.0,0.0,0.0,0.0,1.0,0.0,1.0,0.0,3.0,0.875,5
1,3,1,2,4,3,3,0,0.13,0,3,3,2,3,3,8,38,0,5,13,11,10,0.0,0.0,0.0,0.0,1.0,0.0,1.0,0.0,0.0,0.0,1.0,0.0,0.0,0.0,0.0,0.0,0.0,0.0,1.0,0.0,0.0,0.0,0.0,1.0,2.5,0.8333333333333334,5
4,3,2,1,3,2,3,0,0.17,1,1,3,9,4,0,7,34,0,4,11,7,1,0.0,0.0,1.0,0.0,0.0,0.0,0.0,1.0,0.0,0.0,0.0,1.0,0.0,0.0,1.0,0.0,0.0,0.0,0.0,0.0,0.0,0.0,1.0,0.0,2.5,0.125,12
4,3,2,1,2,1,3,0,0.15,1,0,4,10,4,0,8,37,0,1,10,10,3,0.0,0.0,0.0,0.0,0.0,1.0,0.0,0.0,1.0,1.0,0.0,0.0,0.0,0.0,0.0,0.0,0.0,0.0,0.0,0.0,1.0,0.0,1.0,0.0,2.0,0.2727272727272727,13
3,3,2,4,4,3,3,0,0.18,0,1,6,20,3,2,2,39,0,2,7,2,1,0.0,0.0,1.0,0.0,0.0,0.0,0.0,1.0,0.0,0.0,1.0,0.0,0.0,1.0,0.0,0.0,0.0,0.0,0.0,0.0,0.0,1.0,0.0,0.0,3.5,0.3333333333333333,23
1,3,1,3,3,2,3,0,0.13,0,0,2,9,3,1,2,43,0,4,7,3,2,0.0,0.0,1.0,0.0,0.0,0.0,1.0,0.0,0.0,1.0,0.0,0.0,1.0,0.0,0.0,0.0,0.0,0.0,0.0,0.0,0.0,0.0,1.0,0.0,2.25,0.5,12
2,4,2,2,1,1,3,0,0.12,0,0,3,5,3,1,2,41,0,3,11,3,2,0.0,0.0,1.0,0.0,0.0,0.0,0.0,0.0,1.0,1.0,0.0,0.0,0.0,0.0,0.0,0.0,1.0,0.0,0.0,0.0,0.0,0.0,1.0,0.0,1.5,0.5,8
3,3,3,3,4,4,3,1,0.13,0,1,3,4,1,13,5,41,1,0,23,22,14,0.0,0.0,0.0,1.0,0.0,0.0,0.0,0.0,1.0,0.0,1.0,0.0,0.0,1.0,0.0,0.0,0.0,0.0,0.0,0.0,0.0,1.0,0.0,0.0,3.5,0.6086956521739131,8
1,3,3,3,2,3,3,0,0.14,0,0,3,10,3,0,2,30,1,9,9,7,7,0.0,0.0,0.0,0.0,0.0,1.0,0.0,0.0,1.0,1.0,0.0,0.0,0.0,0.0,0.0,0.0,0.0,0.0,0.0,0.0,1.0,0.0,1.0,0.0,2.25,0.875,13
4,3,1,2,3,3,3,1,0.11,1,0,3,20,2,1,4,26,1,0,6,5,1,0.0,0.0,0.0,0.0,0.0,1.0,0.0,0.0,1.0,0.0,0.0,1.0,0.0,0.0,0.0,0.0,0.0,0.0,1.0,0.0,0.0,0.0,0.0,1.0,3.0,0.16666666666666666,24
4,3,2,2,4,4,4,0,0.22,1,1,2,21,2,3,7,46,1,4,13,9,7,0.0,0.0,0.0,0.0,0.0,1.0,0.0,0.0,1.0,0.0,0.0,1.0,0.0,0.0,0.0,0.0,1.0,0.0,0.0,0.0,0.0,0.0,1.0,0.0,3.5,0.7,25
3,3,2,4,4,3,3,0,0.17,0,1,3,1,3,0,3,40,1,4,12,5,3,0.0,0.0,1.0,0.0,0.0,0.0,0.0,0.0,1.0,0.0,1.0,0.0,0.0,0.0,0.0,0.0,1.0,0.0,0.0,0.0,0.0,0.0,1.0,0.0,3.5,0.5,4
2,4,2,3,3,3,4,0,0.21,0,2,5,8,2,4,8,34,0,1,10,10,8,0.0,1.0,0.0,0.0,0.0,0.0,0.0,0.0,1.0,0.0,0.0,1.0,0.0,1.0,0.0,0.0,0.0,0.0,0.0,0.0,0.0,1.0,0.0,0.0,2.75,0.7272727272727273,12
2,3,4,2,4,2,4,0,0.22,0,1,0,2,3,14,14,58,0,4,37,16,9,0.0,0.0,0.0,0.0,0.0,1.0,1.0,0.0,0.0,0.0,1.0,0.0,0.0,0.0,0.0,0.0,0.0,0.0,0.0,1.0,0.0,1.0,0.0,0.0,2.5,0.5294117647058824,6
2,1,1,3,2,4,3,0,0.16,0,1,2,23,4,0,3,35,0,0,6,5,4,0.0,0.0,0.0,0.0,0.0,1.0,0.0,0.0,1.0,0.0,0.0,1.0,0.0,0.0,1.0,0.0,0.0,0.0,0.0,0.0,0.0,0.0,1.0,0.0,2.75,0.6666666666666666,26
3,2,3,2,3,3,3,1,0.12,0,1,4,4,3,14,10,47,1,8,28,22,11,0.0,0.0,1.0,0.0,0.0,0.0,0.0,0.0,1.0,0.0,1.0,0.0,0.0,0.0,0.0,0.0,0.0,0.0,0.0,0.0,1.0,0.0,1.0,0.0,2.75,0.4782608695652174,8
2,3,2,1,2,3,3,0,0.12,0,1,3,12,3,7,7,40,1,2,15,7,4,0.0,0.0,1.0,0.0,0.0,0.0,0.0,0.0,1.0,0.0,1.0,0.0,0.0,0.0,0.0,0.0,1.0,0.0,0.0,0.0,0.0,0.0,1.0,0.0,2.0,0.5,15
4,3,2,4,2,2,3,0,0.15,0,1,2,7,4,1,7,54,1,4,14,7,1,0.0,0.0,0.0,0.0,0.0,1.0,0.0,0.0,1.0,0.0,0.0,1.0,1.0,0.0,0.0,0.0,0.0,0.0,0.0,0.0,0.0,0.0,1.0,0.0,3.0,0.125,10
1,3,3,1,4,3,3,0,0.14,0,2,3,7,4,2,2,31,1,2,9,3,2,0.0,0.0,0.0,1.0,0.0,0.0,0.0,1.0,0.0,0.0,0.0,1.0,0.0,1.0,0.0,0.0,0.0,0.0,0.0,0.0,0.0,1.0,0.0,0.0,2.25,0.5,10
3,3,1,1,3,3,4,0,0.25,0,1,3,1,3,1,2,28,1,1,3,3,2,0.0,0.0,0.0,0.0,0.0,1.0,0.0,0.0,1.0,0.0,0.0,1.0,1.0,0.0,0.0,0.0,0.0,0.0,0.0,0.0,0.0,0.0,1.0,0.0,2.5,0.5,5
2,1,2,4,1,2,4,1,0.2,0,2,4,2,4,0,3,38,1,2,20,4,2,0.0,0.0,0.0,1.0,0.0,0.0,0.0,0.0,1.0,0.0,0.0,1.0,0.0,0.0,0.0,0.0,0.0,1.0,0.0,0.0,0.0,1.0,0.0,0.0,2.25,0.4,7
3,3,2,4,1,3,3,0,0.13,0,0,4,10,3,1,2,26,0,1,5,5,3,0.0,0.0,0.0,0.0,0.0,1.0,0.0,0.0,1.0,1.0,0.0,0.0,0.0,1.0,0.0,0.0,0.0,0.0,0.0,0.0,0.0,1.0,0.0,0.0,2.75,0.5,13
1,3,4,3,2,3,3,1,0.14,0,0,3,15,4,2,2,58,0,2,23,2,2,0.0,0.0,1.0,0.0,0.0,0.0,0.0,1.0,0.0,0.0,0.0,1.0,0.0,0.0,0.0,1.0,0.0,0.0,0.0,0.0,0.0,0.0,1.0,0.0,2.25,0.6666666666666666,19
2,3,1,3,3,1,3,0,0.16,0,0,4,14,3,0,0,18,1,1,0,0,0,0.0,0.0,0.0,0.0,0.0,1.0,1.0,0.0,0.0,1.0,0.0,0.0,1.0,0.0,0.0,0.0,0.0,0.0,0.0,0.0,0.0,0.0,1.0,0.0,2.25,0.0,17
4,4,1,1,3,3,3,0,0.17,1,0,4,18,5,0,0,31,0,0,2,1,0,0.0,0.0,0.0,0.0,1.0,0.0,0.0,0.0,1.0,0.0,0.0,1.0,0.0,0.0,0.0,0.0,0.0,0.0,1.0,0.0,0.0,0.0,0.0,1.0,2.75,0.0,21
1,2,1,1,4,3,3,1,0.15,1,3,3,13,3,2,0,29,0,4,4,2,2,0.0,0.0,0.0,0.0,1.0,0.0,0.0,0.0,1.0,0.0,1.0,0.0,0.0,0.0,0.0,0.0,0.0,0.0,1.0,0.0,0.0,0.0,0.0,1.0,2.25,0.6666666666666666,17
3,3,2,3,2,4,4,0,0.22,0,2,3,2,4,5,7,45,1,4,10,8,7,0.0,0.0,1.0,0.0,0.0,0.0,1.0,0.0,0.0,0.0,0.0,1.0,0.0,1.0,0.0,0.0,0.0,0.0,0.0,0.0,0.0,1.0,0.0,0.0,3.0,0.7777777777777778,6
4,3,2,2,4,3,4,1,0.22,0,1,2,2,4,0,0,36,1,4,15,1,0,1.0,0.0,0.0,0.0,0.0,0.0,0.0,0.0,1.0,0.0,0.0,1.0,1.0,0.0,0.0,0.0,0.0,0.0,0.0,0.0,0.0,0.0,1.0,0.0,3.25,0.0,7
1,3,2,4,3,3,4,0,0.2,0,1,5,2,4,7,7,43,0,1,7,7,7,0.0,0.0,1.0,0.0,0.0,0.0,0.0,1.0,0.0,0.0,0.0,1.0,0.0,1.0,0.0,0.0,0.0,0.0,0.0,0.0,0.0,1.0,0.0,0.0,2.75,0.875,6
4,3,1,4,3,2,3,1,0.14,0,0,3,5,2,0,2,27,1,0,6,5,4,0.0,0.0,1.0,0.0,0.0,0.0,0.0,1.0,0.0,1.0,0.0,0.0,0.0,0.0,1.0,0.0,0.0,0.0,0.0,0.0,0.0,0.0,1.0,0.0,3.25,0.6666666666666666,9
4,3,1,4,2,4,3,0,0.13,0,0,3,20,1,3,10,29,0,1,11,11,8,0.0,0.0,0.0,0.0,0.0,1.0,0.0,1.0,0.0,0.0,0.0,1.0,0.0,0.0,1.0,0.0,0.0,0.0,0.0,0.0,0.0,0.0,1.0,0.0,3.5,0.6666666666666666,23
4,3,2,4,3,4,3,0,0.13,0,0,2,10,4,0,0,32,0,8,4,0,0,0.0,0.0,0.0,1.0,0.0,0.0,0.0,1.0,0.0,1.0,0.0,0.0,0.0,1.0,0.0,0.0,0.0,0.0,0.0,0.0,0.0,1.0,0.0,0.0,3.75,0.0,13
3,3,1,3,2,2,4,0,0.22,0,2,1,10,4,3,3,42,0,3,10,6,3,0.0,1.0,0.0,0.0,0.0,0.0,1.0,0.0,0.0,0.0,0.0,1.0,1.0,0.0,0.0,0.0,0.0,0.0,0.0,0.0,0.0,0.0,1.0,0.0,2.5,0.42857142857142855,14
2,3,1,3,3,3,3,0,0.12,0,0,2,9,4,2,0,47,1,4,7,2,2,0.0,0.0,1.0,0.0,0.0,0.0,0.0,0.0,1.0,1.0,0.0,0.0,0.0,0.0,1.0,0.0,0.0,0.0,0.0,0.0,0.0,0.0,1.0,0.0,2.75,0.6666666666666666,12
4,3,3,4,3,2,3,0,0.14,0,1,4,2,2,4,7,46,0,3,12,9,8,0.0,0.0,1.0,0.0,0.0,0.0,0.0,0.0,1.0,0.0,1.0,0.0,0.0,0.0,0.0,0.0,0.0,0.0,0.0,0.0,1.0,0.0,1.0,0.0,3.25,0.8,5
3,3,1,4,2,3,3,0,0.15,0,1,2,1,2,2,2,28,0,1,3,3,2,0.0,0.0,1.0,0.0,0.0,0.0,1.0,0.0,0.0,0.0,1.0,0.0,0.0,0.0,0.0,0.0,0.0,0.0,1.0,0.0,0.0,0.0,0.0,1.0,3.0,0.5,4
4,1,2,3,4,3,3,0,0.17,0,2,3,29,1,1,6,29,0,8,11,7,0,0.0,0.0,1.0,0.0,0.0,0.0,0.0,0.0,1.0,0.0,1.0,0.0,0.0,0.0,0.0,0.0,1.0,0.0,0.0,0.0,0.0,0.0,1.0,0.0,3.5,0.0,32
4,3,1,3,4,3,3,0,0.13,0,0,3,8,3,0,0,42,0,4,8,0,0,0.0,0.0,1.0,0.0,0.0,0.0,0.0,0.0,1.0,1.0,0.0,0.0,0.0,0.0,1.0,0.0,0.0,0.0,0.0,0.0,0.0,0.0,1.0,0.0,3.5,0.0,11
3,2,2,2,3,2,3,1,0.12,1,0,3,2,4,2,2,32,0,7,7,2,2,0.0,0.0,0.0,1.0,0.0,0.0,0.0,0.0,1.0,1.0,0.0,0.0,0.0,1.0,0.0,0.0,0.0,0.0,0.0,0.0,0.0,1.0,0.0,0.0,2.5,0.6666666666666666,6
1,4,4,1,4,3,3,0,0.12,0,1,5,3,3,2,8,46,1,2,25,19,17,0.0,1.0,0.0,0.0,0.0,0.0,0.0,0.0,1.0,0.0,1.0,0.0,0.0,1.0,0.0,0.0,0.0,0.0,0.0,0.0,0.0,1.0,0.0,0.0,2.25,0.85,6
2,2,2,3,4,3,4,0,0.21,0,1,5,23,1,5,8,27,1,1,9,9,8,0.0,0.0,0.0,0.0,0.0,1.0,0.0,0.0,1.0,0.0,0.0,1.0,0.0,0.0,0.0,0.0,0.0,1.0,0.0,0.0,0.0,1.0,0.0,0.0,3.0,0.8,27
4,2,1,2,4,3,3,0,0.11,0,0,3,6,1,0,0,29,0,1,1,1,0,0.0,0.0,0.0,0.0,0.0,1.0,0.0,0.0,1.0,0.0,0.0,1.0,0.0,0.0,0.0,0.0,0.0,0.0,1.0,0.0,0.0,0.0,0.0,1.0,3.25,0.0,9
1,2,5,3,4,3,3,0,0.13,0,0,2,6,3,6,14,43,1,7,21,16,12,0.0,0.0,0.0,0.0,0.0,1.0,0.0,0.0,1.0,0.0,0.0,1.0,0.0,0.0,0.0,0.0,0.0,0.0,0.0,1.0,0.0,0.0,1.0,0.0,2.75,0.7058823529411765,9
4,2,5,2,4,3,3,0,0.12,0,0,3,10,3,12,9,48,0,4,29,22,10,0.0,0.0,1.0,0.0,0.0,0.0,0.0,0.0,1.0,0.0,0.0,1.0,0.0,0.0,0.0,1.0,0.0,0.0,0.0,0.0,0.0,0.0,1.0,0.0,3.25,0.43478260869565216,13
4,2,1,4,2,2,4,1,0.24,1,0,3,24,2,1,0,29,0,1,1,1,0,0.0,0.0,1.0,0.0,0.0,0.0,0.0,1.0,0.0,1.0,0.0,0.0,1.0,0.0,0.0,0.0,0.0,0.0,0.0,0.0,0.0,0.0,1.0,0.0,3.0,0.0,29
3,3,3,2,3,3,4,0,0.21,1,3,2,10,3,0,7,46,1,5,14,8,7,0.0,0.0,1.0,0.0,0.0,0.0,0.0,0.0,1.0,0.0,0.0,1.0,0.0,1.0,0.0,0.0,0.0,0.0,0.0,0.0,0.0,1.0,0.0,0.0,2.75,0.7777777777777778,14
4,2,1,1,4,2,3,0,0.19,0,1,2,15,3,7,3,27,1,0,8,7,6,0.0,0.0,1.0,0.0,0.0,0.0,0.0,1.0,0.0,0.0,0.0,1.0,1.0,0.0,0.0,0.0,0.0,0.0,0.0,0.0,0.0,0.0,1.0,0.0,2.75,0.75,18
4,3,2,4,2,3,3,0,0.14,0,3,2,19,4,2,2,39,0,8,7,2,2,1.0,0.0,0.0,0.0,0.0,0.0,0.0,0.0,1.0,0.0,1.0,0.0,1.0,0.0,0.0,0.0,0.0,0.0,0.0,0.0,0.0,0.0,1.0,0.0,3.25,0.6666666666666666,22
2,2,1,4,2,4,4,0,0.2,0,1,2,2,4,0,4,55,0,8,19,5,2,0.0,1.0,0.0,0.0,0.0,0.0,0.0,0.0,1.0,0.0,0.0,1.0,1.0,0.0,0.0,0.0,0.0,0.0,0.0,0.0,0.0,0.0,1.0,0.0,3.0,0.3333333333333333,6
2,3,1,2,4,3,3,0,0.19,0,1,3,3,3,0,0,28,1,1,1,1,0,0.0,0.0,0.0,0.0,0.0,1.0,0.0,0.0,1.0,0.0,0.0,1.0,0.0,0.0,0.0,0.0,0.0,1.0,0.0,0.0,0.0,1.0,0.0,0.0,2.75,0.0,6
2,3,1,4,3,2,3,0,0.13,1,0,3,9,3,0,0,30,0,1,1,1,0,0.0,0.0,0.0,0.0,0.0,1.0,0.0,0.0,1.0,1.0,0.0,0.0,0.0,0.0,0.0,0.0,0.0,1.0,0.0,0.0,0.0,1.0,0.0,0.0,2.75,0.0,12
4,3,1,2,1,3,4,1,0.23,1,0,2,7,1,0,0,22,0,1,1,1,0,0.0,0.0,1.0,0.0,0.0,0.0,0.0,0.0,1.0,1.0,0.0,0.0,1.0,0.0,0.0,0.0,0.0,0.0,0.0,0.0,0.0,0.0,1.0,0.0,2.5,0.0,12
2,2,2,3,1,3,3,1,0.13,0,1,4,10,4,1,7,36,1,1,10,10,9,0.0,1.0,0.0,0.0,0.0,0.0,0.0,0.0,1.0,0.0,0.0,1.0,0.0,1.0,0.0,0.0,0.0,0.0,0.0,0.0,0.0,1.0,0.0,0.0,2.25,0.8181818181818182,14
2,3,2,3,1,3,3,0,0.11,0,1,2,20,3,0,2,31,0,1,10,10,8,0.0,0.0,1.0,0.0,0.0,0.0,0.0,0.0,1.0,0.0,1.0,0.0,0.0,0.0,1.0,0.0,0.0,0.0,0.0,0.0,0.0,0.0,1.0,0.0,2.25,0.7272727272727273,23
3,3,3,4,4,3,3,1,0.13,0,3,3,4,3,1,0,34,0,2,9,5,3,0.0,0.0,1.0,0.0,0.0,0.0,0.0,0.0,1.0,0.0,0.0,1.0,0.0,1.0,0.0,0.0,0.0,0.0,0.0,0.0,0.0,1.0,0.0,0.0,3.5,0.5,8
4,3,1,1,2,3,3,0,0.14,0,0,2,7,3,1,2,29,0,3,11,3,2,0.0,0.0,1.0,0.0,0.0,0.0,0.0,0.0,1.0,1.0,0.0,0.0,0.0,0.0,1.0,0.0,0.0,0.0,0.0,0.0,0.0,0.0,1.0,0.0,2.5,0.5,10
4,3,2,1,3,3,4,1,0.22,0,1,2,7,4,0,4,37,0,5,16,5,3,0.0,0.0,0.0,0.0,0.0,1.0,0.0,0.0,1.0,0.0,0.0,1.0,1.0,0.0,0.0,0.0,0.0,0.0,0.0,0.0,0.0,0.0,1.0,0.0,2.75,0.5,12
4,2,2,2,4,3,3,1,0.11,0,0,2,16,2,0,2,35,1,0,4,3,2,1.0,0.0,0.0,0.0,0.0,0.0,0.0,0.0,1.0,0.0,0.0,1.0,0.0,0.0,0.0,0.0,0.0,0.0,0.0,0.0,1.0,0.0,1.0,0.0,3.25,0.5,20
2,2,2,4,4,2,3,0,0.13,0,2,2,25,2,3,8,45,1,0,10,9,8,0.0,0.0,1.0,0.0,0.0,0.0,0.0,0.0,1.0,0.0,0.0,1.0,0.0,0.0,0.0,0.0,0.0,0.0,0.0,0.0,1.0,0.0,1.0,0.0,3.0,0.8,28
2,2,2,4,4,2,4,0,0.21,0,0,2,2,1,0,8,36,0,1,10,10,1,0.0,0.0,0.0,0.0,1.0,0.0,0.0,1.0,0.0,1.0,0.0,0.0,0.0,0.0,0.0,0.0,0.0,0.0,1.0,0.0,0.0,0.0,0.0,1.0,3.0,0.09090909090909091,6
1,3,4,1,1,3,3,0,0.11,0,1,3,1,4,11,16,40,0,2,22,19,7,0.0,0.0,1.0,0.0,0.0,0.0,0.0,0.0,1.0,0.0,1.0,0.0,0.0,0.0,0.0,0.0,0.0,0.0,0.0,1.0,0.0,0.0,1.0,0.0,1.5,0.35,4
2,2,1,3,3,2,3,1,0.13,0,1,3,1,2,1,0,26,1,1,1,1,0,0.0,0.0,1.0,0.0,0.0,0.0,0.0,0.0,1.0,0.0,0.0,1.0,1.0,0.0,0.0,0.0,0.0,0.0,0.0,0.0,0.0,0.0,1.0,0.0,2.5,0.0,5
1,4,2,3,2,2,3,0,0.14,0,0,5,2,2,0,7,27,1,0,9,8,7,0.0,0.0,0.0,0.0,0.0,1.0,0.0,0.0,1.0,1.0,0.0,0.0,0.0,1.0,0.0,0.0,0.0,0.0,0.0,0.0,0.0,1.0,0.0,0.0,2.0,0.7777777777777778,5
4,3,4,4,2,3,3,0,0.11,0,1,3,22,3,4,7,48,1,3,24,22,17,0.0,0.0,0.0,0.0,0.0,1.0,0.0,1.0,0.0,0.0,1.0,0.0,0.0,0.0,0.0,0.0,0.0,0.0,0.0,1.0,0.0,0.0,1.0,0.0,3.25,0.7391304347826086,25
2,4,2,1,4,3,3,0,0.15,0,1,5,1,4,2,2,44,0,2,10,2,0,0.0,0.0,1.0,0.0,0.0,0.0,0.0,0.0,1.0,0.0,0.0,1.0,0.0,0.0,0.0,0.0,1.0,0.0,0.0,0.0,0.0,0.0,1.0,0.0,2.5,0.0,4
4,1,1,1,2,3,4,1,0.23,1,1,2,16,4,3,0,34,0,1,5,5,2,0.0,1.0,0.0,0.0,0.0,0.0,1.0,0.0,0.0,0.0,0.0,1.0,1.0,0.0,0.0,0.0,0.0,0.0,0.0,0.0,0.0,0.0,1.0,0.0,2.5,0.3333333333333333,21
1,3,1,4,4,3,3,0,0.16,1,0,3,24,2,1,0,56,0,1,5,4,2,0.0,0.0,1.0,0.0,0.0,0.0,0.0,0.0,1.0,1.0,0.0,0.0,0.0,0.0,1.0,0.0,0.0,0.0,0.0,0.0,0.0,0.0,1.0,0.0,3.0,0.4,27
3,2,2,2,3,1,3,0,0.16,0,2,1,17,2,1,3,36,0,2,12,4,2,0.0,0.0,0.0,1.0,0.0,0.0,0.0,0.0,1.0,0.0,0.0,1.0,0.0,1.0,0.0,0.0,0.0,0.0,0.0,0.0,0.0,1.0,0.0,0.0,2.25,0.4,20
3,3,2,2,3,3,4,0,0.21,0,1,3,8,3,1,4,41,1,5,14,5,4,0.0,0.0,0.0,1.0,0.0,0.0,0.0,0.0,1.0,0.0,0.0,1.0,0.0,1.0,0.0,0.0,0.0,0.0,0.0,0.0,0.0,1.0,0.0,0.0,2.75,0.6666666666666666,12
3,3,3,1,2,4,3,0,0.13,0,1,3,6,3,5,7,42,0,9,18,13,7,0.0,0.0,0.0,0.0,0.0,1.0,0.0,0.0,1.0,0.0,0.0,1.0,0.0,0.0,0.0,1.0,0.0,0.0,0.0,0.0,0.0,0.0,1.0,0.0,2.5,0.5,9
3,3,2,4,4,3,3,1,0.11,0,1,2,10,2,1,4,31,1,2,8,5,2,0.0,0.0,0.0,0.0,0.0,1.0,0.0,0.0,1.0,0.0,1.0,0.0,0.0,1.0,0.0,0.0,0.0,0.0,0.0,0.0,0.0,1.0,0.0,0.0,3.5,0.3333333333333333,14
4,2,2,4,3,2,3,1,0.12,0,0,3,3,1,0,1,34,1,3,9,4,2,0.0,0.0,0.0,0.0,0.0,1.0,0.0,0.0,1.0,0.0,0.0,1.0,0.0,1.0,0.0,0.0,0.0,0.0,0.0,0.0,0.0,1.0,0.0,0.0,3.25,0.4,7
1,4,1,3,2,2,3,0,0.12,0,1,0,4,3,2,2,31,1,8,4,2,2,0.0,0.0,0.0,0.0,0.0,1.0,0.0,0.0,1.0,0.0,1.0,0.0,0.0,0.0,1.0,0.0,0.0,0.0,0.0,0.0,0.0,0.0,1.0,0.0,2.0,0.6666666666666666,7
3,4,1,4,1,3,3,0,0.18,0,1,3,6,3,7,7,26,0,0,8,7,7,1.0,0.0,0.0,0.0,0.0,0.0,0.0,1.0,0.0,0.0,0.0,1.0,0.0,0.0,1.0,0.0,0.0,0.0,0.0,0.0,0.0,0.0,1.0,0.0,2.75,0.875,9
2,3,2,3,3,3,3,0,0.12,0,0,3,1,4,0,3,45,0,4,12,4,2,0.0,0.0,0.0,0.0,0.0,1.0,0.0,1.0,0.0,1.0,0.0,0.0,0.0,0.0,0.0,0.0,1.0,0.0,0.0,0.0,0.0,0.0,1.0,0.0,2.75,0.4,4
2,3,2,3,2,2,3,0,0.14,0,0,2,10,4,0,9,33,0,1,10,10,4,0.0,0.0,0.0,1.0,0.0,0.0,0.0,0.0,1.0,1.0,0.0,0.0,0.0,1.0,0.0,0.0,0.0,0.0,0.0,0.0,0.0,1.0,0.0,0.0,2.25,0.36363636363636365,13
3,2,2,4,3,3,3,1,0.12,0,1,2,1,2,0,7,28,0,1,7,7,7,0.0,0.0,1.0,0.0,0.0,0.0,0.0,1.0,0.0,0.0,0.0,1.0,0.0,1.0,0.0,0.0,0.0,0.0,0.0,0.0,0.0,1.0,0.0,0.0,3.25,0.875,5
3,4,1,1,4,3,3,0,0.17,1,0,3,24,3,0,0,29,0,1,1,1,0,0.0,1.0,0.0,0.0,0.0,0.0,0.0,1.0,0.0,1.0,0.0,0.0,0.0,0.0,0.0,0.0,0.0,1.0,0.0,0.0,0.0,1.0,0.0,0.0,2.75,0.0,27
1,1,2,3,3,3,3,0,0.19,0,1,1,21,4,1,2,39,1,6,10,3,2,0.0,0.0,1.0,0.0,0.0,0.0,1.0,0.0,0.0,0.0,0.0,1.0,0.0,1.0,0.0,0.0,0.0,0.0,0.0,0.0,0.0,1.0,0.0,0.0,2.5,0.5,24
2,3,1,2,3,2,3,0,0.11,0,1,3,2,4,1,2,27,0,1,6,5,3,0.0,1.0,0.0,0.0,0.0,0.0,0.0,0.0,1.0,0.0,0.0,1.0,1.0,0.0,0.0,0.0,0.0,0.0,0.0,0.0,0.0,0.0,1.0,0.0,2.25,0.5,5
3,2,2,4,2,3,3,1,0.15,0,0,3,22,4,6,11,34,0,1,16,15,10,1.0,0.0,0.0,0.0,0.0,0.0,0.0,1.0,0.0,0.0,0.0,1.0,1.0,0.0,0.0,0.0,0.0,0.0,0.0,0.0,0.0,0.0,1.0,0.0,3.0,0.625,26
4,3,2,3,4,3,3,1,0.11,1,0,0,13,2,2,2,28,1,3,6,2,0,0.0,0.0,0.0,1.0,0.0,0.0,0.0,0.0,1.0,1.0,0.0,0.0,0.0,1.0,0.0,0.0,0.0,0.0,0.0,0.0,0.0,1.0,0.0,0.0,3.5,0.0,17
3,3,2,2,3,4,3,0,0.18,0,1,4,14,4,1,7,47,0,8,16,8,7,0.0,1.0,0.0,0.0,0.0,0.0,1.0,0.0,0.0,0.0,0.0,1.0,1.0,0.0,0.0,0.0,0.0,0.0,0.0,0.0,0.0,0.0,1.0,0.0,3.0,0.7777777777777778,17
4,2,2,1,3,3,3,0,0.16,0,1,3,11,5,0,0,56,1,4,6,0,0,0.0,0.0,0.0,1.0,0.0,0.0,0.0,0.0,1.0,0.0,0.0,1.0,0.0,1.0,0.0,0.0,0.0,0.0,0.0,0.0,0.0,1.0,0.0,0.0,2.75,0.0,14
1,3,2,1,4,3,4,0,0.25,0,1,3,9,2,7,9,39,0,1,10,10,0,0.0,0.0,0.0,0.0,0.0,1.0,0.0,0.0,1.0,0.0,0.0,1.0,0.0,0.0,0.0,0.0,0.0,0.0,0.0,0.0,1.0,0.0,1.0,0.0,2.25,0.0,13
4,2,2,2,3,3,3,1,0.16,0,1,3,8,3,0,7,38,1,1,20,20,11,0.0,0.0,0.0,0.0,0.0,1.0,0.0,1.0,0.0,0.0,1.0,0.0,1.0,0.0,0.0,0.0,0.0,0.0,0.0,0.0,0.0,0.0,1.0,0.0,3.0,0.5238095238095238,12
4,3,4,4,3,2,3,1,0.13,0,1,2,21,3,0,0,58,1,4,29,1,0,0.0,0.0,1.0,0.0,0.0,0.0,0.0,0.0,1.0,0.0,0.0,1.0,0.0,0.0,0.0,0.0,0.0,0.0,0.0,1.0,0.0,1.0,0.0,0.0,3.25,0.0,25
1,4,1,3,1,3,3,1,0.14,1,0,2,5,2,0,3,32,1,3,8,4,1,0.0,0.0,1.0,0.0,0.0,0.0,0.0,1.0,0.0,1.0,0.0,0.0,1.0,0.0,0.0,0.0,0.0,0.0,0.0,0.0,0.0,0.0,1.0,0.0,2.0,0.2,9
2,3,1,4,4,4,3,0,0.19,0,2,0,9,2,0,3,38,0,2,10,5,2,0.0,0.0,1.0,0.0,0.0,0.0,0.0,0.0,1.0,0.0,1.0,0.0,1.0,0.0,0.0,0.0,0.0,0.0,0.0,0.0,0.0,0.0,1.0,0.0,3.5,0.3333333333333333,12
2,3,5,4,4,3,3,0,0.15,0,0,3,2,1,4,3,49,0,3,28,5,4,0.0,0.0,1.0,0.0,0.0,0.0,0.0,1.0,0.0,0.0,0.0,1.0,0.0,0.0,0.0,1.0,0.0,0.0,0.0,0.0,0.0,0.0,1.0,0.0,3.25,0.6666666666666666,5
2,3,2,4,3,3,3,1,0.12,0,2,4,12,4,0,0,42,0,3,14,0,0,0.0,0.0,0.0,1.0,0.0,0.0,0.0,0.0,1.0,0.0,1.0,0.0,0.0,1.0,0.0,0.0,0.0,0.0,0.0,0.0,0.0,1.0,0.0,0.0,3.0,0.0,16
1,2,1,2,1,3,3,0,0.12,1,0,2,22,3,0,0,27,1,1,1,1,0,0.0,0.0,0.0,0.0,1.0,0.0,0.0,1.0,0.0,0.0,0.0,1.0,0.0,0.0,0.0,0.0,0.0,0.0,1.0,0.0,0.0,0.0,0.0,1.0,1.75,0.0,25
2,3,2,1,4,1,3,0,0.16,0,1,2,18,4,0,4,35,0,0,6,5,3,0.0,0.0,0.0,0.0,0.0,1.0,0.0,0.0,1.0,0.0,0.0,1.0,0.0,1.0,0.0,0.0,0.0,0.0,0.0,0.0,0.0,1.0,0.0,0.0,2.0,0.5,21
3,3,1,3,3,2,3,0,0.14,0,0,3,16,3,1,4,28,0,1,5,5,3,0.0,0.0,0.0,0.0,0.0,1.0,1.0,0.0,0.0,1.0,0.0,0.0,1.0,0.0,0.0,0.0,0.0,0.0,0.0,0.0,0.0,0.0,1.0,0.0,2.75,0.5,19
3,3,1,1,4,4,3,1,0.13,0,1,3,3,2,2,3,31,0,1,4,4,2,0.0,0.0,0.0,0.0,0.0,1.0,1.0,0.0,0.0,0.0,1.0,0.0,1.0,0.0,0.0,0.0,0.0,0.0,0.0,0.0,0.0,0.0,1.0,0.0,3.0,0.4,7
1,4,1,2,2,3,4,0,0.22,0,0,3,9,4,0,2,36,0,1,5,5,4,0.0,0.0,1.0,0.0,0.0,0.0,1.0,0.0,0.0,0.0,0.0,1.0,0.0,0.0,1.0,0.0,0.0,0.0,0.0,0.0,0.0,0.0,1.0,0.0,2.0,0.6666666666666666,13
1,3,3,4,1,2,4,0,0.21,0,0,3,1,3,2,1,34,0,1,14,14,8,0.0,0.0,0.0,1.0,0.0,0.0,0.0,0.0,1.0,1.0,0.0,0.0,0.0,1.0,0.0,0.0,0.0,0.0,0.0,0.0,0.0,1.0,0.0,0.0,2.0,0.5333333333333333,5
4,3,3,3,3,2,3,0,0.18,0,1,2,13,4,1,1,34,0,1,9,8,7,0.0,0.0,0.0,0.0,0.0,1.0,0.0,0.0,1.0,0.0,1.0,0.0,0.0,1.0,0.0,0.0,0.0,0.0,0.0,0.0,0.0,1.0,0.0,0.0,3.0,0.7777777777777778,16
3,3,1,1,4,2,3,0,0.13,0,0,6,1,3,7,6,26,0,0,8,7,7,0.0,0.0,0.0,0.0,0.0,1.0,0.0,0.0,1.0,1.0,0.0,0.0,0.0,0.0,1.0,0.0,0.0,0.0,0.0,0.0,0.0,0.0,1.0,0.0,2.5,0.875,4
1,3,2,1,1,2,3,0,0.12,0,1,5,1,3,0,2,29,0,0,6,5,3,0.0,0.0,1.0,0.0,0.0,0.0,0.0,0.0,1.0,0.0,0.0,1.0,0.0,0.0,0.0,0.0,1.0,0.0,0.0,0.0,0.0,0.0,1.0,0.0,1.25,0.5,4
3,3,2,4,2,3,3,0,0.18,0,1,6,15,4,1,2,32,1,5,9,5,1,0.0,0.0,0.0,0.0,0.0,1.0,1.0,0.0,0.0,0.0,1.0,0.0,0.0,0.0,0.0,0.0,1.0,0.0,0.0,0.0,0.0,0.0,1.0,0.0,3.0,0.16666666666666666,18
4,1,2,1,2,3,4,0,0.21,0,0,6,1,3,8,7,31,0,1,10,10,8,0.0,0.0,1.0,0.0,0.0,0.0,0.0,1.0,0.0,0.0,0.0,1.0,1.0,0.0,0.0,0.0,0.0,0.0,0.0,0.0,0.0,0.0,1.0,0.0,2.5,0.7272727272727273,5
3,2,1,4,1,2,3,0,0.12,1,1,2,17,3,0,3,28,0,5,6,4,1,0.0,1.0,0.0,0.0,0.0,0.0,0.0,0.0,1.0,0.0,1.0,0.0,0.0,0.0,1.0,0.0,0.0,0.0,0.0,0.0,0.0,0.0,1.0,0.0,2.5,0.2,20
1,2,1,1,1,2,3,0,0.14,0,0,3,1,3,0,0,38,0,4,20,1,0,0.0,0.0,1.0,0.0,0.0,0.0,0.0,0.0,1.0,1.0,0.0,0.0,0.0,0.0,0.0,0.0,0.0,1.0,0.0,0.0,0.0,1.0,0.0,0.0,1.25,0.0,4
3,3,2,4,4,3,3,1,0.11,0,0,2,7,4,0,9,35,1,1,10,10,8,0.0,0.0,1.0,0.0,0.0,0.0,0.0,0.0,1.0,0.0,0.0,1.0,0.0,1.0,0.0,0.0,0.0,0.0,0.0,0.0,0.0,1.0,0.0,0.0,3.5,0.7272727272727273,11
4,3,2,4,1,3,3,0,0.14,0,0,5,9,3,0,7,27,0,1,7,7,7,0.0,0.0,0.0,1.0,0.0,0.0,0.0,0.0,1.0,1.0,0.0,0.0,0.0,1.0,0.0,0.0,0.0,0.0,0.0,0.0,0.0,1.0,0.0,0.0,3.0,0.875,12
4,2,2,4,2,3,4,0,0.24,0,0,1,5,4,0,0,32,0,8,8,1,0,0.0,0.0,1.0,0.0,0.0,0.0,0.0,0.0,1.0,1.0,0.0,0.0,0.0,0.0,0.0,0.0,0.0,0.0,0.0,0.0,1.0,0.0,1.0,0.0,3.25,0.0,9
1,3,2,4,3,3,3,1,0.11,1,0,4,26,4,0,8,31,0,1,10,10,7,0.0,0.0,0.0,1.0,0.0,0.0,0.0,1.0,0.0,0.0,0.0,1.0,0.0,1.0,0.0,0.0,0.0,0.0,0.0,0.0,0.0,1.0,0.0,0.0,2.75,0.6363636363636364,30
1,3,3,1,2,2,3,1,0.13,1,0,2,24,4,2,2,53,0,6,15,2,2,0.0,0.0,1.0,0.0,0.0,0.0,0.0,0.0,1.0,1.0,0.0,0.0,0.0,1.0,0.0,0.0,0.0,0.0,0.0,0.0,0.0,1.0,0.0,0.0,1.5,0.6666666666666666,28
1,3,2,3,3,2,3,0,0.11,0,2,6,9,2,2,3,54,1,3,9,4,3,0.0,0.0,1.0,0.0,0.0,0.0,0.0,0.0,1.0,0.0,0.0,1.0,1.0,0.0,0.0,0.0,0.0,0.0,0.0,0.0,0.0,0.0,1.0,0.0,2.25,0.6,12
4,3,2,3,3,3,4,0,0.2,0,3,2,7,2,2,8,33,0,1,9,9,7,0.0,0.0,1.0,0.0,0.0,0.0,0.0,1.0,0.0,0.0,1.0,0.0,0.0,0.0,0.0,0.0,1.0,0.0,0.0,0.0,0.0,0.0,1.0,0.0,3.25,0.7,11
1,3,3,3,2,3,3,0,0.17,0,1,1,11,3,0,9,43,0,1,10,10,9,0.0,0.0,1.0,0.0,0.0,0.0,0.0,0.0,1.0,0.0,0.0,1.0,0.0,0.0,0.0,0.0,1.0,0.0,0.0,0.0,0.0,0.0,1.0,0.0,2.25,0.8181818181818182,14
4,3,1,2,2,3,3,1,0.11,0,1,2,1,4,1,2,38,0,0,7,6,2,1.0,0.0,0.0,0.0,0.0,0.0,0.0,1.0,0.0,0.0,0.0,1.0,0.0,0.0,0.0,0.0,0.0,0.0,1.0,0.0,0.0,0.0,0.0,1.0,2.75,0.2857142857142857,5
3,4,5,2,1,3,3,1,0.18,0,1,0,26,4,1,4,55,0,4,35,10,9,0.0,0.0,0.0,0.0,1.0,0.0,0.0,0.0,1.0,0.0,0.0,1.0,0.0,0.0,0.0,0.0,0.0,0.0,0.0,1.0,0.0,0.0,0.0,1.0,2.25,0.8181818181818182,30
4,1,1,4,3,3,3,1,0.11,0,3,4,2,1,0,0,31,1,1,1,1,0,0.0,0.0,0.0,0.0,0.0,1.0,0.0,0.0,1.0,0.0,1.0,0.0,0.0,0.0,1.0,0.0,0.0,0.0,0.0,0.0,0.0,0.0,1.0,0.0,3.5,0.0,6
2,3,4,1,1,3,3,0,0.12,0,0,3,15,4,11,10,39,0,0,21,20,8,0.0,0.0,0.0,1.0,0.0,0.0,0.0,0.0,1.0,1.0,0.0,0.0,0.0,1.0,0.0,0.0,0.0,0.0,0.0,0.0,0.0,1.0,0.0,0.0,1.75,0.38095238095238093,18
4,2,2,3,4,3,3,0,0.12,0,0,2,23,2,3,7,42,0,1,20,20,9,0.0,0.0,1.0,0.0,0.0,0.0,1.0,0.0,0.0,1.0,0.0,0.0,1.0,0.0,0.0,0.0,0.0,0.0,0.0,0.0,0.0,0.0,1.0,0.0,3.5,0.42857142857142855,26
3,3,3,3,3,4,4,0,0.2,0,1,2,10,3,4,8,31,1,4,13,11,7,0.0,0.0,0.0,0.0,0.0,1.0,1.0,0.0,0.0,0.0,0.0,1.0,0.0,0.0,0.0,1.0,0.0,0.0,0.0,0.0,0.0,0.0,1.0,0.0,3.25,0.5833333333333334,14
3,3,2,1,4,3,3,1,0.19,0,0,3,10,3,1,4,54,1,6,9,5,2,0.0,0.0,0.0,0.0,0.0,1.0,0.0,0.0,1.0,1.0,0.0,0.0,0.0,0.0,0.0,0.0,0.0,0.0,0.0,0.0,1.0,0.0,1.0,0.0,2.75,0.3333333333333333,14
2,2,2,3,2,2,3,0,0.12,0,0,2,1,2,1,2,24,0,1,4,4,3,0.0,0.0,1.0,0.0,0.0,0.0,0.0,0.0,1.0,1.0,0.0,0.0,0.0,0.0,0.0,0.0,1.0,0.0,0.0,0.0,0.0,0.0,1.0,0.0,2.25,0.6,4
4,3,1,4,3,4,3,0,0.13,0,0,6,12,2,1,4,23,0,1,5,5,2,1.0,0.0,0.0,0.0,0.0,0.0,0.0,0.0,1.0,1.0,0.0,0.0,0.0,0.0,1.0,0.0,0.0,0.0,0.0,0.0,0.0,0.0,1.0,0.0,3.75,0.3333333333333333,15
4,3,2,3,1,4,3,0,0.11,0,1,2,11,3,9,4,40,1,1,10,10,9,0.0,1.0,0.0,0.0,0.0,0.0,0.0,1.0,0.0,0.0,0.0,1.0,0.0,0.0,1.0,0.0,0.0,0.0,0.0,0.0,0.0,0.0,1.0,0.0,3.0,0.8181818181818182,14
2,3,2,2,3,3,3,0,0.14,0,1,4,2,2,5,10,40,1,3,15,11,8,0.0,0.0,0.0,1.0,0.0,0.0,0.0,0.0,1.0,0.0,0.0,1.0,0.0,1.0,0.0,0.0,0.0,0.0,0.0,0.0,0.0,1.0,0.0,0.0,2.5,0.6666666666666666,5
3,3,1,2,3,3,3,0,0.14,0,0,3,2,3,1,2,25,1,4,6,2,0,0.0,0.0,0.0,0.0,1.0,0.0,0.0,0.0,1.0,0.0,0.0,1.0,0.0,0.0,0.0,0.0,0.0,0.0,1.0,0.0,0.0,0.0,0.0,1.0,2.75,0.0,5
4,3,1,2,3,2,3,0,0.13,0,0,6,1,2,1,7,30,0,1,12,12,8,0.0,0.0,0.0,0.0,0.0,1.0,0.0,0.0,1.0,0.0,0.0,1.0,0.0,0.0,1.0,0.0,0.0,0.0,0.0,0.0,0.0,0.0,1.0,0.0,2.75,0.6153846153846154,4
4,3,1,3,3,2,3,1,0.19,0,1,2,2,1,0,2,25,0,6,7,2,2,1.0,0.0,0.0,0.0,0.0,0.0,0.0,0.0,1.0,0.0,1.0,0.0,0.0,0.0,1.0,0.0,0.0,0.0,0.0,0.0,0.0,0.0,1.0,0.0,3.0,0.6666666666666666,6
1,3,3,3,2,3,4,0,0.23,0,0,3,25,3,12,11,47,0,2,25,17,14,0.0,0.0,0.0,0.0,0.0,1.0,0.0,0.0,1.0,1.0,0.0,0.0,0.0,0.0,0.0,0.0,1.0,0.0,0.0,0.0,0.0,0.0,1.0,0.0,2.25,0.7777777777777778,29
2,2,1,3,3,2,3,0,0.12,0,3,2,1,2,0,0,33,0,1,1,1,1,0.0,0.0,0.0,0.0,0.0,1.0,1.0,0.0,0.0,0.0,1.0,0.0,0.0,0.0,1.0,0.0,0.0,0.0,0.0,0.0,0.0,0.0,1.0,0.0,2.5,0.5,4
4,3,2,2,1,3,3,0,0.15,0,2,3,1,4,5,8,38,0,0,16,15,13,0.0,0.0,1.0,0.0,0.0,0.0,0.0,0.0,1.0,0.0,0.0,1.0,0.0,1.0,0.0,0.0,0.0,0.0,0.0,0.0,0.0,1.0,0.0,0.0,2.5,0.8125,4
1,3,1,3,3,3,3,0,0.19,0,1,1,2,2,1,2,31,0,0,3,2,2,0.0,0.0,1.0,0.0,0.0,0.0,0.0,0.0,1.0,0.0,0.0,1.0,0.0,0.0,0.0,0.0,0.0,1.0,0.0,0.0,0.0,1.0,0.0,0.0,2.5,0.6666666666666666,5
1,2,2,3,4,3,3,0,0.11,0,1,1,6,4,7,7,38,0,2,10,8,3,0.0,0.0,1.0,0.0,0.0,0.0,0.0,1.0,0.0,0.0,0.0,1.0,0.0,0.0,0.0,0.0,0.0,0.0,0.0,0.0,1.0,0.0,1.0,0.0,2.75,0.3333333333333333,9
4,3,2,1,3,2,3,1,0.17,0,1,3,18,4,1,2,42,0,6,9,4,3,0.0,0.0,1.0,0.0,0.0,0.0,0.0,0.0,1.0,0.0,1.0,0.0,1.0,0.0,0.0,0.0,0.0,0.0,0.0,0.0,0.0,0.0,1.0,0.0,2.5,0.6,22
4,3,1,4,1,3,4,0,0.22,0,1,3,1,3,1,0,41,0,3,12,5,3,0.0,0.0,1.0,0.0,0.0,0.0,0.0,0.0,1.0,0.0,0.0,1.0,1.0,0.0,0.0,0.0,0.0,0.0,0.0,0.0,0.0,0.0,1.0,0.0,3.0,0.5,5
3,3,3,2,1,1,3,0,0.18,0,2,3,1,1,5,12,47,1,0,14,13,8,0.0,0.0,0.0,0.0,0.0,1.0,1.0,0.0,0.0,0.0,0.0,1.0,0.0,0.0,0.0,1.0,0.0,0.0,0.0,0.0,0.0,0.0,1.0,0.0,1.75,0.5714285714285714,4
4,3,1,3,3,3,3,1,0.11,0,1,3,11,4,2,2,35,0,7,5,2,2,0.0,0.0,0.0,0.0,0.0,1.0,0.0,0.0,1.0,0.0,0.0,1.0,0.0,0.0,1.0,0.0,0.0,0.0,0.0,0.0,0.0,0.0,1.0,0.0,3.25,0.6666666666666666,15
4,3,1,3,4,4,3,0,0.12,0,0,2,1,2,1,2,22,0,0,4,3,2,0.0,0.0,1.0,0.0,0.0,0.0,0.0,0.0,1.0,1.0,0.0,0.0,1.0,0.0,0.0,0.0,0.0,0.0,0.0,0.0,0.0,0.0,1.0,0.0,3.75,0.5,4
2,3,2,3,2,3,3,0,0.19,0,0,5,9,4,0,8,35,0,1,10,10,7,0.0,0.0,0.0,0.0,0.0,1.0,0.0,0.0,1.0,1.0,0.0,0.0,1.0,0.0,0.0,0.0,0.0,0.0,0.0,0.0,0.0,0.0,1.0,0.0,2.5,0.6363636363636364,12
2,3,2,4,1,3,3,1,0.13,0,1,6,15,2,8,1,33,1,0,10,9,7,0.0,0.0,0.0,0.0,0.0,1.0,0.0,0.0,1.0,0.0,0.0,1.0,0.0,0.0,0.0,0.0,1.0,0.0,0.0,0.0,0.0,0.0,1.0,0.0,2.5,0.7,19
3,2,1,2,3,3,3,0,0.13,0,0,3,29,4,4,1,32,1,1,6,6,2,0.0,0.0,1.0,0.0,0.0,0.0,0.0,0.0,1.0,1.0,0.0,0.0,0.0,0.0,1.0,0.0,0.0,0.0,0.0,0.0,0.0,0.0,1.0,0.0,2.75,0.2857142857142857,32
1,3,1,4,3,2,3,0,0.19,0,2,3,1,4,0,0,40,0,8,8,1,0,0.0,0.0,1.0,0.0,0.0,0.0,0.0,0.0,1.0,0.0,0.0,1.0,0.0,0.0,1.0,0.0,0.0,0.0,0.0,0.0,0.0,0.0,1.0,0.0,2.5,0.0,4
2,2,1,2,2,3,3,0,0.14,0,1,2,1,4,2,2,32,0,0,3,2,2,0.0,0.0,0.0,0.0,0.0,1.0,0.0,0.0,1.0,0.0,0.0,1.0,0.0,0.0,0.0,0.0,0.0,1.0,0.0,0.0,0.0,1.0,0.0,0.0,2.25,0.6666666666666666,4
1,3,2,4,1,3,3,0,0.13,0,0,2,24,1,1,7,39,0,7,18,7,7,0.0,0.0,1.0,0.0,0.0,0.0,0.0,0.0,1.0,1.0,0.0,0.0,1.0,0.0,0.0,0.0,0.0,0.0,0.0,0.0,0.0,0.0,1.0,0.0,2.25,0.875,27
2,1,3,3,1,3,3,0,0.12,0,1,3,10,3,1,11,38,1,3,20,18,16,0.0,0.0,0.0,0.0,0.0,1.0,0.0,0.0,1.0,0.0,0.0,1.0,0.0,0.0,0.0,1.0,0.0,0.0,0.0,0.0,0.0,0.0,1.0,0.0,2.25,0.8421052631578947,13
3,3,3,4,3,3,3,0,0.19,0,2,3,1,4,5,7,32,1,1,14,14,10,0.0,0.0,0.0,1.0,0.0,0.0,0.0,0.0,1.0,0.0,0.0,1.0,0.0,1.0,0.0,0.0,0.0,0.0,0.0,0.0,0.0,1.0,0.0,0.0,3.25,0.6666666666666666,4
3,4,3,4,1,3,4,1,0.25,0,1,2,10,3,6,8,37,1,1,16,16,11,0.0,0.0,1.0,0.0,0.0,0.0,0.0,0.0,1.0,0.0,0.0,1.0,0.0,0.0,0.0,1.0,0.0,0.0,0.0,0.0,0.0,0.0,1.0,0.0,2.75,0.6470588235294118,15
1,3,2,3,2,2,4,1,0.22,0,1,3,8,2,0,4,25,1,0,6,5,3,1.0,0.0,0.0,0.0,0.0,0.0,0.0,0.0,1.0,0.0,1.0,0.0,0.0,1.0,0.0,0.0,0.0,0.0,0.0,0.0,0.0,1.0,0.0,0.0,2.0,0.5,13
1,3,1,4,2,2,3,0,0.15,0,2,3,29,4,0,0,52,0,2,16,9,8,0.0,0.0,1.0,0.0,0.0,0.0,1.0,0.0,0.0,0.0,1.0,0.0,0.0,0.0,0.0,0.0,0.0,1.0,0.0,0.0,0.0,1.0,0.0,0.0,2.25,0.8,32
2,3,1,4,3,3,3,1,0.12,0,0,2,1,3,1,2,44,0,6,6,4,3,0.0,0.0,0.0,0.0,0.0,1.0,0.0,0.0,1.0,1.0,0.0,0.0,1.0,0.0,0.0,0.0,0.0,0.0,0.0,0.0,0.0,0.0,1.0,0.0,3.0,0.6,5
3,3,1,1,4,3,3,1,0.11,0,0,6,5,1,1,2,21,0,1,2,2,2,0.0,0.0,0.0,0.0,0.0,1.0,0.0,0.0,1.0,1.0,0.0,0.0,0.0,0.0,0.0,0.0,0.0,1.0,0.0,0.0,0.0,1.0,0.0,0.0,2.75,0.6666666666666666,9
4,3,5,4,3,2,3,0,0.13,0,0,3,9,3,1,3,39,0,2,21,6,0,0.0,0.0,1.0,0.0,0.0,0.0,1.0,0.0,0.0,1.0,0.0,0.0,0.0,0.0,0.0,0.0,0.0,0.0,0.0,1.0,0.0,0.0,1.0,0.0,3.25,0.0,12
4,3,1,1,1,2,3,0,0.19,1,1,3,9,3,1,0,23,0,1,1,1,0,0.0,0.0,0.0,1.0,0.0,0.0,0.0,1.0,0.0,0.0,0.0,1.0,0.0,0.0,0.0,0.0,0.0,1.0,0.0,0.0,0.0,1.0,0.0,0.0,2.0,0.0,12
1,2,3,4,3,3,3,0,0.19,0,2,2,3,3,3,4,36,1,0,10,9,7,0.0,0.0,0.0,0.0,0.0,1.0,0.0,0.0,1.0,0.0,0.0,1.0,0.0,1.0,0.0,0.0,0.0,0.0,0.0,0.0,0.0,1.0,0.0,0.0,2.75,0.7,6
4,3,2,2,2,3,3,0,0.13,0,3,3,4,2,0,2,36,1,7,18,4,2,0.0,0.0,1.0,0.0,0.0,0.0,0.0,1.0,0.0,0.0,1.0,0.0,0.0,0.0,0.0,0.0,0.0,0.0,0.0,0.0,1.0,0.0,1.0,0.0,2.75,0.4,7
3,3,2,3,1,2,4,0,0.21,0,1,2,1,4,1,9,56,0,1,13,13,12,0.0,0.0,1.0,0.0,0.0,0.0,1.0,0.0,0.0,0.0,1.0,0.0,0.0,0.0,0.0,0.0,1.0,0.0,0.0,0.0,0.0,0.0,1.0,0.0,2.25,0.8571428571428571,5
1,3,1,4,2,4,3,1,0.14,1,3,3,1,4,2,2,29,0,9,4,2,2,0.0,0.0,0.0,0.0,0.0,1.0,0.0,0.0,1.0,0.0,0.0,1.0,1.0,0.0,0.0,0.0,0.0,0.0,0.0,0.0,0.0,0.0,1.0,0.0,2.75,0.6666666666666666,5
1,3,5,3,1,2,3,0,0.11,0,0,2,2,3,4,14,42,0,5,24,22,6,0.0,0.0,1.0,0.0,0.0,0.0,0.0,0.0,1.0,0.0,0.0,1.0,0.0,0.0,0.0,0.0,0.0,0.0,0.0,1.0,0.0,0.0,1.0,0.0,1.75,0.2608695652173913,5
4,3,1,3,4,1,3,0,0.11,1,1,4,7,2,9,8,56,0,8,14,10,9,0.0,1.0,0.0,0.0,0.0,0.0,0.0,0.0,1.0,0.0,0.0,1.0,0.0,0.0,1.0,0.0,0.0,0.0,0.0,0.0,0.0,0.0,1.0,0.0,3.0,0.8181818181818182,10
1,2,4,2,3,3,4,0,0.23,0,1,3,28,4,0,10,41,1,0,21,20,7,0.0,0.0,1.0,0.0,0.0,0.0,0.0,0.0,1.0,0.0,0.0,1.0,0.0,0.0,0.0,0.0,0.0,0.0,0.0,0.0,1.0,0.0,1.0,0.0,2.25,0.3333333333333333,32
4,2,2,3,4,3,4,0,0.21,0,2,2,28,3,1,7,34,1,1,8,8,7,0.0,0.0,0.0,1.0,0.0,0.0,0.0,0.0,1.0,0.0,0.0,1.0,0.0,1.0,0.0,0.0,0.0,0.0,0.0,0.0,0.0,1.0,0.0,0.0,3.5,0.7777777777777778,32
4,1,2,4,1,2,4,0,0.24,0,1,4,15,4,11,11,36,0,1,15,15,12,0.0,0.0,0.0,1.0,0.0,0.0,1.0,0.0,0.0,0.0,1.0,0.0,0.0,1.0,0.0,0.0,0.0,0.0,0.0,0.0,0.0,1.0,0.0,0.0,2.75,0.75,19
3,2,2,2,3,3,3,0,0.11,0,1,5,3,3,0,4,41,0,2,14,5,4,0.0,0.0,1.0,0.0,0.0,0.0,0.0,0.0,1.0,0.0,1.0,0.0,0.0,1.0,0.0,0.0,0.0,0.0,0.0,0.0,0.0,1.0,0.0,0.0,2.75,0.6666666666666666,6
4,3,1,1,4,3,3,0,0.14,0,0,4,2,3,1,2,32,0,1,4,4,2,0.0,1.0,0.0,0.0,0.0,0.0,0.0,0.0,1.0,1.0,0.0,0.0,1.0,0.0,0.0,0.0,0.0,0.0,0.0,0.0,0.0,0.0,1.0,0.0,3.0,0.4,5
3,3,3,4,3,3,3,1,0.16,0,0,2,26,4,1,7,35,1,1,9,9,0,0.0,0.0,1.0,0.0,0.0,0.0,0.0,0.0,1.0,1.0,0.0,0.0,0.0,0.0,0.0,0.0,0.0,0.0,1.0,0.0,0.0,0.0,0.0,1.0,3.25,0.0,30
1,3,2,4,3,3,3,0,0.11,0,1,1,10,2,1,9,38,1,1,10,10,7,0.0,0.0,1.0,0.0,0.0,0.0,0.0,0.0,1.0,0.0,0.0,1.0,0.0,1.0,0.0,0.0,0.0,0.0,0.0,0.0,0.0,1.0,0.0,0.0,2.75,0.6363636363636364,13
2,3,2,3,4,3,3,0,0.12,1,2,3,1,4,0,1,50,0,7,12,6,3,0.0,0.0,1.0,0.0,0.0,0.0,0.0,1.0,0.0,0.0,1.0,0.0,0.0,1.0,0.0,0.0,0.0,0.0,0.0,0.0,0.0,1.0,0.0,0.0,3.0,0.42857142857142855,4
2,2,2,4,1,2,3,0,0.13,0,1,2,11,4,0,0,36,1,4,8,6,3,0.0,0.0,0.0,1.0,0.0,0.0,0.0,0.0,1.0,0.0,0.0,1.0,0.0,1.0,0.0,0.0,0.0,0.0,0.0,0.0,0.0,1.0,0.0,0.0,2.25,0.42857142857142855,14
4,3,2,3,3,3,3,0,0.15,0,0,3,20,3,0,1,45,1,8,8,5,3,0.0,0.0,1.0,0.0,0.0,0.0,0.0,0.0,1.0,1.0,0.0,0.0,0.0,1.0,0.0,0.0,0.0,0.0,0.0,0.0,0.0,1.0,0.0,0.0,3.25,0.5,23
3,2,1,3,4,3,3,0,0.14,0,0,2,2,4,2,2,40,0,2,8,2,2,0.0,0.0,1.0,0.0,0.0,0.0,0.0,0.0,1.0,1.0,0.0,0.0,1.0,0.0,0.0,0.0,0.0,0.0,0.0,0.0,0.0,0.0,1.0,0.0,3.25,0.6666666666666666,5
3,3,2,3,4,4,3,1,0.14,0,2,2,18,4,0,2,35,0,1,10,10,2,0.0,0.0,1.0,0.0,0.0,0.0,0.0,1.0,0.0,0.0,0.0,1.0,0.0,0.0,0.0,0.0,1.0,0.0,0.0,0.0,0.0,0.0,1.0,0.0,3.5,0.18181818181818182,22
3,3,1,3,2,3,3,0,0.14,0,3,2,2,4,0,2,40,1,2,20,5,3,0.0,0.0,0.0,0.0,0.0,1.0,0.0,0.0,1.0,0.0,0.0,1.0,1.0,0.0,0.0,0.0,0.0,0.0,0.0,0.0,0.0,0.0,1.0,0.0,2.75,0.5,5
3,1,1,4,4,3,3,0,0.12,0,1,5,1,4,1,1,35,1,1,4,4,3,0.0,0.0,1.0,0.0,0.0,0.0,0.0,0.0,1.0,0.0,0.0,1.0,1.0,0.0,0.0,0.0,0.0,0.0,0.0,0.0,0.0,0.0,1.0,0.0,3.5,0.6,4
4,2,2,2,1,3,3,1,0.13,0,1,2,13,2,0,3,29,0,4,10,4,3,1.0,0.0,0.0,0.0,0.0,0.0,0.0,0.0,1.0,0.0,0.0,1.0,0.0,0.0,1.0,0.0,0.0,0.0,0.0,0.0,0.0,0.0,1.0,0.0,2.5,0.6,17
4,2,1,1,2,1,3,0,0.14,0,0,3,28,4,0,4,29,1,1,5,5,4,0.0,0.0,0.0,0.0,0.0,1.0,0.0,0.0,1.0,1.0,0.0,0.0,1.0,0.0,0.0,0.0,0.0,0.0,0.0,0.0,0.0,0.0,1.0,0.0,2.0,0.6666666666666666,31
4,2,3,1,2,3,3,1,0.13,1,1,3,28,3,2,0,50,0,4,20,3,2,0.0,0.0,0.0,1.0,0.0,0.0,0.0,0.0,1.0,0.0,1.0,0.0,0.0,1.0,0.0,0.0,0.0,0.0,0.0,0.0,0.0,1.0,0.0,0.0,2.5,0.5,32
2,2,4,4,1,2,3,0,0.11,0,1,2,24,1,9,6,39,1,0,21,20,9,0.0,0.0,0.0,1.0,0.0,0.0,0.0,0.0,1.0,0.0,0.0,1.0,0.0,1.0,0.0,0.0,0.0,0.0,0.0,0.0,0.0,1.0,0.0,0.0,2.25,0.42857142857142855,27
2,3,2,1,2,3,3,0,0.19,0,0,2,5,3,1,7,31,0,0,10,9,4,0.0,0.0,0.0,0.0,0.0,1.0,1.0,0.0,0.0,1.0,0.0,0.0,0.0,0.0,0.0,0.0,0.0,0.0,0.0,0.0,1.0,0.0,1.0,0.0,2.0,0.4,8
4,2,1,3,4,3,3,0,0.18,0,0,2,5,3,0,0,26,1,0,5,4,2,1.0,0.0,0.0,0.0,0.0,0.0,0.0,0.0,1.0,1.0,0.0,0.0,0.0,0.0,0.0,0.0,0.0,1.0,0.0,0.0,0.0,1.0,0.0,0.0,3.5,0.4,8
3,4,2,4,3,3,3,0,0.17,0,1,3,23,2,0,3,36,0,4,17,5,2,0.0,0.0,0.0,0.0,0.0,1.0,0.0,1.0,0.0,0.0,0.0,1.0,0.0,0.0,1.0,0.0,0.0,0.0,0.0,0.0,0.0,0.0,1.0,0.0,3.25,0.3333333333333333,26
4,2,3,1,1,3,3,0,0.15,0,1,5,6,1,1,7,39,0,4,9,7,7,0.0,0.0,0.0,0.0,0.0,1.0,0.0,0.0,1.0,0.0,0.0,1.0,0.0,0.0,0.0,0.0,1.0,0.0,0.0,0.0,0.0,0.0,1.0,0.0,2.25,0.875,9
2,4,2,2,2,3,4,1,0.2,0,1,0,4,3,0,3,27,0,1,6,6,2,0.0,0.0,1.0,0.0,0.0,0.0,0.0,0.0,1.0,0.0,0.0,1.0,0.0,0.0,0.0,0.0,0.0,0.0,0.0,0.0,1.0,0.0,1.0,0.0,2.25,0.2857142857142857,9
4,2,2,2,4,2,3,0,0.14,0,0,3,2,3,0,8,49,0,2,17,9,6,0.0,0.0,0.0,0.0,0.0,1.0,0.0,1.0,0.0,0.0,0.0,1.0,0.0,1.0,0.0,0.0,0.0,0.0,0.0,0.0,0.0,1.0,0.0,0.0,3.0,0.6,5
2,4,2,3,1,4,3,0,0.12,0,0,3,8,3,1,2,34,0,2,6,4,3,0.0,0.0,0.0,0.0,0.0,1.0,0.0,0.0,1.0,0.0,0.0,1.0,0.0,0.0,1.0,0.0,0.0,0.0,0.0,0.0,0.0,0.0,1.0,0.0,2.5,0.6,11
